sector,operator,direction,n_index,L,kx,ky,kz,kmag,omega,gamma,prominence,peak_power,signal_power,has_signal,resolved,prony_valid,control_omega_spin1,control_omega_predicted,prony_note
spin1_control,transverse_J,[100],1,64,0.0981748,0,0,0.0981748,0.0490874,3.48326e-05,13237.9,3.82115e+14,2.93973e+06,1,1,0,0.0490874,0.0566585,"Prony: complex roots (not pure exponentials)"
spin2,flux_quadrupole,[100],1,64,0.0981748,0,0,0.0981748,0.0490874,0,5378.68,1.25028e+06,401.817,1,1,0,0.0490874,0.0566585,"Prony: complex roots (not pure exponentials)"
spin2,stress,[100],1,64,0.0981748,0,0,0.0981748,0.0245437,0.00115104,8511.65,5.25113e-05,0.00185794,1,1,0,0.0490874,0.0566585,"Prony: complex roots (not pure exponentials)"
spin1_control,transverse_J,[100],2,64,0.19635,0,0,0.19635,0.122718,6.6502e-05,6763.28,1.31477e+14,1.80846e+06,1,1,0,0.122718,0.11318,"Prony: complex roots (not pure exponentials)"
spin2,flux_quadrupole,[100],2,64,0.19635,0,0,0.19635,0.122718,0.00141286,1980.6,556374,416.513,1,1,0,0.122718,0.11318,"Prony: complex roots (not pure exponentials)"
spin2,stress,[100],2,64,0.19635,0,0,0.19635,0.269981,0,160759,0.131344,0.0926332,1,1,0,0.122718,0.11318,"Prony: complex roots (not pure exponentials)"
spin1_control,transverse_J,[100],3,64,0.294524,0,0,0.294524,0.171806,0,829905,2.08387e+14,1.83371e+06,1,1,0,0.171806,0.16943,"Prony: complex roots (not pure exponentials)"
spin2,flux_quadrupole,[100],3,64,0.294524,0,0,0.294524,0.171806,0,17595.9,7.40985e+06,573.118,1,1,0,0.171806,0.16943,"Prony: complex roots (not pure exponentials)"
spin2,stress,[100],3,64,0.294524,0,0,0.294524,0.0736311,0,5762.32,0.0821326,0.0777799,1,1,0,0.171806,0.16943,"Prony: complex roots (not pure exponentials)"
spin1_control,transverse_J,[100],4,64,0.392699,0,0,0.392699,0.220893,0,90801.4,6.57887e+14,3.39784e+06,1,1,0,0.220893,0.225271,"Prony: complex roots (not pure exponentials)"
spin2,flux_quadrupole,[100],4,64,0.392699,0,0,0.392699,0.122718,0.000313494,4139.34,238686,127.972,1,1,0,0.220893,0.225271,"Prony: complex roots (not pure exponentials)"
spin2,stress,[100],4,64,0.392699,0,0,0.392699,0.539961,0,22917.8,0.227631,0.122944,1,1,0,0.220893,0.225271,"Prony: complex roots (not pure exponentials)"
spin1_control,transverse_J,[110],1,64,0.0981748,0.0981748,0,0.13884,0.0736311,0,23157.9,5.0646e+14,3.17178e+06,1,1,0,0.0736311,0.080095,"Prony: complex roots (not pure exponentials)"
spin2,flux_quadrupole,[110],1,64,0.0981748,0.0981748,0,0.13884,0.0736311,0,2855.62,1.94872e+06,568.584,1,1,0,0.0736311,0.080095,"Prony: complex roots (not pure exponentials)"
spin2,stress,[110],1,64,0.0981748,0.0981748,0,0.13884,0.0490874,0,3571.55,0.00199829,0.0124276,1,1,0,0.0736311,0.080095,"Prony: complex roots (not pure exponentials)"
spin1_control,transverse_J,[110],2,64,0.19635,0.19635,0,0.27768,0.171806,4.50322e-07,3947.72,2.77011e+14,3.04826e+06,1,1,0,0.171806,0.159804,"Prony: complex roots (not pure exponentials)"
spin2,flux_quadrupole,[110],2,64,0.19635,0.19635,0,0.27768,0.171806,0.000969393,2104.26,1.31844e+06,445.817,1,1,0,0.171806,0.159804,"Prony: complex roots (not pure exponentials)"
spin2,stress,[110],2,64,0.19635,0.19635,0,0.27768,0.220893,0,28501.8,0.0112232,0.0169123,1,1,0,0.171806,0.159804,"Prony: complex roots (not pure exponentials)"
spin1_control,transverse_J,[110],3,64,0.294524,0.294524,0,0.41652,0.245437,6.02697e-07,21531.4,3.64332e+14,2.64151e+06,1,1,0,0.245437,0.238744,"Prony: complex roots (not pure exponentials)"
spin2,flux_quadrupole,[110],3,64,0.294524,0.294524,0,0.41652,0.245437,0,7830.71,1.84015e+06,368.25,1,1,0,0.245437,0.238744,"Prony: complex roots (not pure exponentials)"
spin2,stress,[110],3,64,0.294524,0.294524,0,0.41652,0.122718,0.000569597,50669.1,5.73868,0.604366,1,1,0,0.245437,0.238744,"Prony: complex roots (not pure exponentials)"
spin1_control,transverse_J,[110],4,64,0.392699,0.392699,0,0.55536,0.319068,0,3.08091e+06,1.42404e+13,474250,1,1,0,0.319068,0.316533,"Prony: complex roots (not pure exponentials)"
spin2,flux_quadrupole,[110],4,64,0.392699,0.392699,0,0.55536,0.319068,0,3462.38,999104,414.238,1,1,0,0.319068,0.316533,"Prony: complex roots (not pure exponentials)"
spin2,stress,[110],4,64,0.392699,0.392699,0,0.55536,0.613592,0.000183184,9114.09,26.1785,1.29153,1,1,0,0.319068,0.316533,"Prony: complex roots (not pure exponentials)"
spin1_control,transverse_J,[111],1,64,0.0981748,0.0981748,0.0981748,0.170044,0.0981748,7.93415e-07,1.20078e+10,2.65765e+14,2.03865e+06,1,1,0,0.0981748,0.0980565,"Prony: complex roots (not pure exponentials)"
spin2,flux_quadrupole,[111],1,64,0.0981748,0.0981748,0.0981748,0.170044,0.0981748,0.00327068,27908.9,7.62423e+06,718.296,1,1,0,0.0981748,0.0980565,"Prony: complex roots (not pure exponentials)"
spin2,stress,[111],1,64,0.0981748,0.0981748,0.0981748,0.170044,0.0245437,0.00115802,8514.59,2.94554e-12,4.40009e-07,1,1,0,0.0981748,0.0980565,"Prony: complex roots (not pure exponentials)"
spin1_control,transverse_J,[111],2,64,0.19635,0.19635,0.19635,0.340087,0.19635,0,2.96846e+07,1.95608e+14,1.75092e+06,1,1,0,0.19635,0.195405,"Prony: complex roots (not pure exponentials)"
spin2,flux_quadrupole,[111],2,64,0.19635,0.19635,0.19635,0.340087,0.19635,0,41859.3,2.16763e+06,417.598,1,1,0,0.19635,0.195405,"Prony: complex roots (not pure exponentials)"
spin2,stress,[111],2,64,0.19635,0.19635,0.19635,0.340087,0.269981,0,160789,0.000744501,0.00697409,1,1,0,0.19635,0.195405,"Prony: complex roots (not pure exponentials)"
spin1_control,transverse_J,[111],3,64,0.294524,0.294524,0.294524,0.510131,0.294524,0,596128,4.68364e+14,2.74022e+06,1,1,0,0.294524,0.291341,"Prony: complex roots (not pure exponentials)"
spin2,flux_quadrupole,[111],3,64,0.294524,0.294524,0.294524,0.510131,0.294524,0,5467.88,497766,312.912,1,1,0,0.294524,0.291341,"Prony: complex roots (not pure exponentials)"
spin2,stress,[111],3,64,0.294524,0.294524,0.294524,0.510131,0.0736311,0,5761.63,0.059835,0.0663891,1,1,0,0.294524,0.291341,"Prony: complex roots (not pure exponentials)"
spin1_control,transverse_J,[111],4,64,0.392699,0.392699,0.392699,0.680175,0.392699,0,32327.8,2.53885e+14,2.13526e+06,1,1,0,0.392699,0.385173,"Prony: complex roots (not pure exponentials)"
spin2,flux_quadrupole,[111],4,64,0.392699,0.392699,0.392699,0.680175,0.392699,0,151305,1.23304e+06,250.754,1,1,0,0.392699,0.385173,"Prony: complex roots (not pure exponentials)"
spin2,stress,[111],4,64,0.392699,0.392699,0.392699,0.680175,0.539961,0,22921.8,1.55497e-05,0.00101617,1,1,0,0.392699,0.385173,"Prony: complex roots (not pure exponentials)"
