x,z,density,Jx,Jy,Jz,state
0,0,3.91883158e-03,2.32878346e-03,3.15182620e-03,-3.99138444e-07,0
0,1,4.96936989e-03,-1.17550109e-03,1.76360416e-03,-4.49472298e-03,0
0,2,8.30096567e-03,-1.83979616e-03,1.92918870e-04,8.09221622e-03,0
0,3,9.37906522e-03,2.22481141e-04,-9.06010261e-04,9.33255121e-03,0
0,4,2.86508074e-03,1.37975139e-04,-1.57466903e-03,-2.38957485e-03,0
0,5,4.83225487e-03,2.03118384e-03,1.31901768e-03,-4.18152744e-03,0
0,6,5.27633749e-03,-7.52191900e-04,1.33827286e-03,5.04806600e-03,0
0,7,2.64357911e-03,1.55961674e-04,-1.21530118e-03,2.34248362e-03,0
0,8,4.62571972e-03,3.04005211e-03,-1.35762313e-03,-3.21126540e-03,0
0,9,7.97837105e-03,-9.11258646e-04,-1.94198003e-03,-7.68457714e-03,0
0,10,4.55049113e-03,-1.71009257e-04,2.53576485e-04,4.54020091e-03,0
0,11,1.71701455e-02,-4.17235359e-04,-1.23478962e-03,1.71206048e-02,0
0,12,5.24187641e-03,-1.96765790e-04,1.79594577e-03,4.92068393e-03,0
0,13,3.19231484e-03,2.59747031e-03,1.85569943e-03,2.00409737e-05,0
0,14,4.43999504e-03,1.56851540e-03,2.46429984e-03,3.34373170e-03,0
0,15,1.04889117e-02,3.06518704e-03,2.26893621e-03,9.77107087e-03,0
0,16,2.38550671e-03,1.61081995e-03,1.75950467e-03,6.68534048e-06,0
0,17,1.04863696e-02,3.05771506e-03,2.27750160e-03,-9.76869040e-03,0
0,18,4.41170735e-03,1.56025584e-03,2.44580600e-03,-3.32367213e-03,0
0,19,3.17987484e-03,2.58823408e-03,1.84733478e-03,-1.59270445e-06,0
0,20,5.19205123e-03,-1.92051039e-04,1.69107931e-03,-4.90517717e-03,0
0,21,1.71589537e-02,-4.17530027e-04,-1.35401468e-03,-1.71003510e-02,0
0,22,4.57251250e-03,-1.49505726e-04,1.23383413e-04,-4.56840182e-03,0
0,23,8.01985020e-03,-8.80154934e-04,-2.12341561e-03,7.68338667e-03,0
0,24,4.62081649e-03,3.06913485e-03,-1.36523086e-03,3.17309014e-03,0
0,25,2.63715775e-03,1.59820969e-04,-1.15385753e-03,-2.36593978e-03,0
0,26,5.24513856e-03,-8.08948507e-04,1.33489953e-03,-5.00750677e-03,0
0,27,4.81669340e-03,1.97744497e-03,1.33402479e-03,4.18456982e-03,0
0,28,2.85730566e-03,1.46497289e-04,-1.53245570e-03,2.40713807e-03,0
0,29,9.32633464e-03,2.49604850e-04,-8.78461592e-04,-9.28151498e-03,0
0,30,8.27156191e-03,-1.84250394e-03,2.19151895e-04,-8.06076225e-03,0
0,31,4.98977753e-03,-1.19242500e-03,1.78657269e-03,4.50379401e-03,0
1,0,1.07499483e-02,-1.01679174e-02,3.48923774e-03,8.02785047e-06,0
1,1,1.72690968e-02,-1.69301250e-02,2.42285773e-03,2.39213993e-03,0
1,2,1.28845847e-02,-1.25224806e-02,-3.89443449e-05,3.03290023e-03,0
1,3,1.16626098e-02,1.11608960e-02,9.00186427e-04,-3.26198289e-03,0
1,4,2.45613409e-02,2.44030157e-02,1.31962819e-03,2.45170767e-03,0
1,5,2.50814945e-02,2.34181498e-02,-2.38423443e-03,8.65950663e-03,0
1,6,3.03439312e-02,2.98080953e-02,-1.60615115e-03,5.44535507e-03,0
1,7,4.09755328e-02,4.09238950e-02,-8.34495947e-04,1.87955412e-03,0
1,8,3.80482764e-02,3.79319798e-02,-7.44133417e-04,-2.87793413e-03,0
1,9,2.71183698e-02,2.68859087e-02,2.04050301e-03,-2.89659094e-03,0
1,10,1.45512784e-02,1.42311843e-02,1.71419466e-03,-2.50492147e-03,0
1,11,2.20029526e-02,2.07536802e-02,1.95264966e-03,7.04285744e-03,0
1,12,2.82978605e-02,2.82730349e-02,1.04387720e-03,-5.61003084e-04,0
1,13,1.75469979e-02,1.66262607e-02,1.75026427e-03,-5.32927445e-03,0
1,14,8.59067180e-03,8.46820846e-03,5.04381653e-04,1.35450603e-03,0
1,15,1.18730203e-02,1.01427852e-02,9.15920134e-04,6.10357361e-03,0
1,16,1.82995267e-02,1.82994536e-02,4.73191437e-05,-2.08630726e-05,0
1,17,1.18971049e-02,1.01346749e-02,9.73510423e-04,-6.15481511e-03,0
1,18,8.59133810e-03,8.45562678e-03,5.88546658e-04,-1.40252591e-03,0
1,19,1.75360060e-02,1.66194904e-02,1.87603675e-03,5.27110331e-03,0
1,20,2.82924629e-02,2.82650539e-02,1.14380467e-03,4.91825416e-04,0
1,21,2.20307374e-02,2.07576119e-02,2.01250928e-03,-7.10103815e-03,0
1,22,1.45326771e-02,1.42238628e-02,1.72760164e-03,2.42813147e-03,0
1,23,2.71138874e-02,2.68879850e-02,1.97577360e-03,2.88018536e-03,0
1,24,3.80800848e-02,3.79582193e-02,-9.06708273e-04,2.90591246e-03,0
1,25,4.09555635e-02,4.09068786e-02,-8.33556432e-04,-1.81401460e-03,0
1,26,3.03031840e-02,2.97802551e-02,-1.52741351e-03,-5.39317858e-03,0
1,27,2.50693742e-02,2.33931916e-02,-2.39533746e-03,-8.68875524e-03,0
1,28,2.45203276e-02,2.43575747e-02,1.36111554e-03,-2.47030028e-03,0
1,29,1.16643846e-02,1.11538450e-02,8.94308681e-04,3.29390684e-03,0
1,30,1.28477512e-02,-1.24911303e-02,-1.62209648e-04,-3.00167667e-03,0
1,31,1.72318194e-02,-1.69081843e-02,2.32815234e-03,-2.37246944e-03,0
2,0,2.77428546e-02,-2.77324321e-02,-7.59815723e-04,2.95169411e-05,0
2,1,2.47283836e-02,-2.46134301e-02,2.09895467e-03,-1.12534440e-03,0
2,2,8.97980727e-03,-4.17876408e-03,4.29118162e-03,-6.69033854e-03,0
2,3,1.45303739e-02,1.06256415e-02,2.53209275e-03,-9.58206740e-03,0
2,4,1.96810984e-02,1.77828763e-02,3.86918013e-04,8.42408678e-03,0
2,5,4.81238290e-02,4.59403790e-02,-2.51465783e-03,1.41088975e-02,0
2,6,6.56192271e-02,6.55117514e-02,-2.22720917e-03,-3.02207282e-03,0
2,7,7.20019817e-02,7.20013891e-02,6.65251400e-05,2.84453137e-04,0
2,8,6.95820659e-02,6.92690164e-02,-7.74881050e-04,6.54727522e-03,0
2,9,5.66127857e-02,5.65595109e-02,1.44062336e-03,-1.98842603e-03,0
2,10,3.88662520e-02,3.78652820e-02,5.64266094e-04,-8.74571739e-03,0
2,11,3.74983638e-02,3.74046637e-02,-1.27620798e-03,-2.32157518e-03,0
2,12,4.61138049e-02,4.61137513e-02,-5.67516265e-05,4.15843737e-05,0
2,13,2.62862008e-02,2.60454412e-02,-2.37612998e-03,2.63692044e-03,0
2,14,1.25991829e-02,1.19656874e-02,-5.40690763e-04,3.90760655e-03,0
2,15,1.80718140e-02,1.72547119e-02,-2.30996734e-03,4.85071447e-03,0
2,16,2.79049922e-02,2.79022157e-02,-3.93617912e-04,4.00093557e-06,0
2,17,1.80670624e-02,1.72531038e-02,-2.30863836e-03,-4.83935328e-03,0
2,18,1.25913338e-02,1.19607785e-02,-5.06133054e-04,-3.90196031e-03,0
2,19,2.62982931e-02,2.60565530e-02,-2.40077435e-03,-2.62536703e-03,0
2,20,4.61119762e-02,4.61118501e-02,9.72483919e-05,-4.66635875e-05,0
2,21,3.75023803e-02,3.74121228e-02,-1.17924213e-03,2.31753779e-03,0
2,22,3.88500597e-02,3.78469855e-02,7.77942150e-04,8.73656895e-03,0
2,23,5.65489213e-02,5.64882230e-02,1.75934332e-03,1.94058619e-03,0
2,24,6.95410571e-02,6.92272064e-02,-7.76949482e-04,-6.55353828e-03,0
2,25,7.19776295e-02,7.19772012e-02,6.19879196e-05,-2.40426480e-04,0
2,26,6.56522886e-02,6.55429403e-02,-2.25073038e-03,3.04634149e-03,0
2,27,4.81454593e-02,4.59601628e-02,-2.57570453e-03,-1.41072476e-02,0
2,28,1.96439435e-02,1.77338596e-02,3.74022804e-04,-8.44125843e-03,0
2,29,1.44791938e-02,1.06011009e-02,2.40921844e-03,9.56343962e-03,0
2,30,8.94229835e-03,-4.17345965e-03,4.19946775e-03,6.70159719e-03,0
2,31,2.47380904e-02,-2.46169491e-02,2.14719001e-03,1.16983312e-03,0
3,0,2.36486561e-02,-2.36192325e-02,1.17916184e-03,1.92176851e-05,0
3,1,2.42144911e-02,-2.40711481e-02,2.02746656e-03,1.67654082e-03,0
3,2,1.37427128e-02,-8.83497957e-03,4.66434695e-03,9.43658617e-03,0
3,3,9.56025003e-03,3.30676709e-03,3.66422593e-03,8.18761995e-03,0
3,4,1.86267393e-02,1.85826316e-02,-2.88514854e-04,1.24819041e-03,0
3,5,6.70537862e-02,6.67456620e-02,-4.74554900e-05,-6.42063878e-03,0
3,6,8.74747503e-02,8.57046621e-02,-8.57109546e-04,-1.74873725e-02,0
3,7,7.73595673e-02,7.71969334e-02,-2.00020605e-03,-4.59731483e-03,0
3,8,8.71839710e-02,8.67609713e-02,-3.13181343e-03,7.98563701e-03,0
3,9,8.49754272e-02,8.42532878e-02,-5.14346365e-03,-9.78526973e-03,0
3,10,4.95650161e-02,4.88532887e-02,-4.84019040e-03,-6.82785233e-03,0
3,11,4.15470370e-02,4.11523729e-02,-3.62808864e-03,-4.41310058e-03,0
3,12,4.49619671e-02,4.33552987e-02,3.48594429e-04,1.19069326e-02,0
3,13,3.55956031e-02,3.11622008e-02,-1.43762345e-03,1.71434373e-02,0
3,14,2.01192176e-02,1.86340053e-02,2.50046779e-03,7.16271070e-03,0
3,15,2.45991668e-02,2.40819691e-02,1.13445261e-04,5.01646304e-03,0
3,16,3.64492683e-02,3.62477470e-02,3.82752818e-03,-5.34602562e-06,0
3,17,2.45917026e-02,2.40765437e-02,5.52249546e-05,-5.00687806e-03,0
3,18,2.01082040e-02,1.86224920e-02,2.47923221e-03,-7.16910522e-03,0
3,19,3.56002596e-02,3.11668695e-02,-1.64701032e-03,-1.71257725e-02,0
3,20,4.49672766e-02,4.33664886e-02,2.04299799e-04,-1.18895711e-02,0
3,21,4.15525059e-02,4.11597727e-02,-3.59552681e-03,4.42222165e-03,0
3,22,4.96204207e-02,4.88938115e-02,-4.90434237e-03,6.89411142e-03,0
3,23,8.49528776e-02,8.42467778e-02,-4.83440772e-03,9.80307832e-03,0
3,24,8.71097369e-02,8.66928125e-02,-2.85795025e-03,-8.01839354e-03,0
3,25,7.73127717e-02,7.71516601e-02,-2.04610954e-03,4.54966416e-03,0
3,26,8.74911389e-02,8.57233643e-02,-9.44116929e-04,1.74732036e-02,0
3,27,6.70800792e-02,6.67691279e-02,-1.17526549e-04,6.45033132e-03,0
3,28,1.86000755e-02,1.85539725e-02,-3.52874718e-04,-1.26031351e-03,0
3,29,9.55050643e-03,3.26446054e-03,3.63081386e-03,-8.20808511e-03,0
3,30,1.37561746e-02,-8.86904273e-03,4.70144382e-03,-9.40578798e-03,0
3,31,2.42436750e-02,-2.40974299e-02,2.09985012e-03,-1.63103709e-03,0
4,0,3.41596740e-02,-3.41543735e-02,6.01612961e-04,1.27812802e-05,0
4,1,3.73777359e-02,-3.72510398e-02,3.07491527e-03,8.23990261e-06,0
4,2,1.31598657e-02,-1.23073781e-02,4.37502250e-03,1.60302484e-03,0
4,3,2.09878154e-02,2.08492784e-02,1.67477249e-03,1.72948677e-03,0
4,4,3.91208080e-02,3.90620265e-02,7.79097961e-04,-1.99717519e-03,0
4,5,7.76043969e-02,7.71380805e-02,1.02569898e-03,-8.43249011e-03,0
4,6,8.13376509e-02,8.13049387e-02,1.21398529e-03,1.96128503e-03,0
4,7,6.84312199e-02,6.78591558e-02,-1.88082762e-03,8.62724284e-03,0
4,8,9.61822134e-02,9.60412557e-02,-4.72494518e-03,-2.18409859e-03,0
4,9,8.82049158e-02,8.79826037e-02,-4.89911443e-03,-3.89452089e-03,0
4,10,4.70372714e-02,4.63763356e-02,-3.99959008e-03,-6.76340706e-03,0
4,11,2.96048222e-02,2.87439080e-02,4.18240539e-03,-5.72195181e-03,0
4,12,3.61523020e-02,3.08693211e-02,3.64737700e-04,1.88133176e-02,0
4,13,4.22222841e-02,4.04536061e-02,2.82093152e-03,1.17588001e-02,0
4,14,2.86933968e-02,2.81143157e-02,3.89370327e-04,5.72229500e-03,0
4,15,3.51897331e-02,3.51554524e-02,1.38864702e-03,-6.95083354e-04,0
4,16,4.03012772e-02,4.02717544e-02,1.54225817e-03,-1.32734416e-05,0
4,17,3.51848556e-02,3.51504612e-02,1.38809133e-03,7.01674651e-04,0
4,18,2.86875976e-02,2.81042052e-02,2.77841294e-04,-5.74932251e-03,0
4,19,4.22250566e-02,4.04414174e-02,2.84361159e-03,-1.18051273e-02,0
4,20,3.61772796e-02,3.08793766e-02,-2.72729153e-05,-1.88483134e-02,0
4,21,2.95500233e-02,2.87047178e-02,4.21342163e-03,5.61160672e-03,0
4,22,4.70095581e-02,4.63494573e-02,-4.09187042e-03,6.69947467e-03,0
4,23,8.82433826e-02,8.80139517e-02,-5.00821711e-03,3.91875356e-03,0
4,24,9.61808416e-02,9.60542287e-02,-4.39933073e-03,2.23278456e-03,0
4,25,6.83937031e-02,6.78200604e-02,-1.84211466e-03,-8.64549811e-03,0
4,26,8.13011560e-02,8.12696889e-02,1.07910018e-03,-1.98775678e-03,0
4,27,7.76257530e-02,7.71553643e-02,9.85481122e-04,8.47561892e-03,0
4,28,3.91188273e-02,3.90589420e-02,7.81791883e-04,2.01754701e-03,0
4,29,2.09201648e-02,2.07760024e-02,1.72772212e-03,-1.73953872e-03,0
4,30,1.32352801e-02,-1.23702566e-02,4.43039532e-03,-1.58776194e-03,0
4,31,3.73908189e-02,-3.72612822e-02,3.10963460e-03,1.89367954e-05,0
5,0,1.77475590e-02,-1.73376408e-02,3.79232507e-03,1.82076296e-05,0
5,1,2.40423057e-02,-2.04966304e-02,4.71759766e-03,-1.16475266e-02,0
5,2,2.07579291e-02,-9.03432242e-03,2.00231001e-03,-1.85812646e-02,0
5,3,1.34945645e-02,5.32259994e-03,-1.92069669e-03,-1.22508826e-02,0
5,4,2.44268825e-02,2.40458149e-02,5.55588504e-04,-4.26177123e-03,0
5,5,5.68968349e-02,5.66097182e-02,1.72251500e-03,5.44266119e-03,0
5,6,6.75470318e-02,6.39474065e-02,1.24003771e-03,2.17207969e-02,0
5,7,7.67742578e-02,7.67024279e-02,-1.00793066e-03,3.16358881e-03,0
5,8,9.39787626e-02,9.36145994e-02,-2.78267807e-03,-7.78275696e-03,0
5,9,8.24645481e-02,8.21324437e-02,8.74577206e-04,7.34155966e-03,0
5,10,4.78656702e-02,4.74883346e-02,3.92806857e-03,-4.53329263e-03,0
5,11,1.37338959e-02,1.14246234e-02,3.67675449e-03,6.67677710e-03,0
5,12,2.83740768e-02,2.36893265e-02,-3.34796384e-03,1.52543496e-02,0
5,13,4.19594748e-02,4.16477228e-02,5.53093794e-04,5.07531237e-03,0
5,14,4.71222963e-02,4.53318274e-02,-7.04642973e-03,1.07649457e-02,0
5,15,5.24620584e-02,5.13312669e-02,-2.68029804e-04,-1.08303632e-02,0
5,16,6.33772318e-02,6.29398351e-02,-7.43264646e-03,8.01841743e-05,0
5,17,5.24782008e-02,5.13249999e-02,-2.48866362e-04,1.09381904e-02,0
5,18,4.72114294e-02,4.53728222e-02,-7.54940928e-03,-1.06410755e-02,0
5,19,4.19704499e-02,4.16633934e-02,4.50189617e-04,-5.04753789e-03,0
5,20,2.84188009e-02,2.37679813e-02,-3.55859558e-03,-1.51673237e-02,0
5,21,1.36765035e-02,1.14647952e-02,3.35909169e-03,-6.65745623e-03,0
5,22,4.77888919e-02,4.74051766e-02,4.11912188e-03,4.42269736e-03,0
5,23,8.23628985e-02,8.20236386e-02,7.50294207e-04,-7.43012885e-03,0
5,24,9.39551530e-02,9.35913663e-02,-2.70027358e-03,7.80611642e-03,0
5,25,7.67882572e-02,7.67220168e-02,-7.44764497e-04,-3.10063075e-03,0
5,26,6.75020484e-02,6.39016309e-02,1.21172661e-03,-2.17172702e-02,0
5,27,5.68724414e-02,5.65890487e-02,1.60502785e-03,-5.43856997e-03,0
5,28,2.44578033e-02,2.40675723e-02,6.14136041e-04,4.30800881e-03,0
5,29,1.34807994e-02,5.28364966e-03,-1.81976517e-03,1.22679849e-02,0
5,30,2.07675343e-02,-9.10698512e-03,2.00125441e-03,1.85566237e-02,0
5,31,2.40747746e-02,-2.05336085e-02,4.71128828e-03,1.16520151e-02,0
6,0,5.15498192e-03,2.57385317e-03,4.46644360e-03,-7.10014394e-08,0
6,1,1.14634820e-02,-6.41556413e-03,2.85199376e-03,-9.06190313e-03,0
6,2,7.14668628e-03,-5.94728079e-03,5.74153322e-04,-3.92113808e-03,0
6,3,3.47751385e-03,1.37028986e-03,-3.10563444e-04,-3.18103106e-03,0
6,4,1.06557369e-02,6.80411546e-03,1.37556549e-03,-8.08434048e-03,0
6,5,2.91181961e-02,2.86395898e-02,3.10092145e-03,-4.24588356e-03,0
6,6,5.61341637e-02,5.60354364e-02,-7.40895816e-04,3.24426727e-03,0
6,7,7.18697455e-02,7.08489392e-02,-3.00803798e-03,-1.16893041e-02,0
6,8,6.70697885e-02,6.69097323e-02,1.56317730e-04,-4.62815451e-03,0
6,9,6.57148103e-02,6.47928269e-02,3.05291869e-03,1.05359177e-02,0
6,10,3.00275065e-02,2.94257297e-02,9.16295043e-04,5.91083565e-03,0
6,11,1.95575057e-02,-7.55308907e-03,-5.83196027e-03,1.70714708e-02,0
6,12,1.18088424e-02,1.15793619e-02,2.87673804e-04,-2.29877807e-03,0
6,13,5.21763220e-02,4.29845045e-02,-1.25018864e-03,2.95489081e-02,0
6,14,4.46478332e-02,4.31042004e-02,-6.42006285e-04,1.16208755e-02,0
6,15,4.94857765e-02,4.90639066e-02,-1.41478457e-03,6.29074927e-03,0
6,16,3.56775124e-02,3.56545489e-02,-1.27110622e-03,1.49414143e-04,0
6,17,4.95109150e-02,4.90941636e-02,-1.97300737e-03,-6.09926625e-03,0
6,18,4.47192029e-02,4.31911444e-02,-1.55133327e-03,-1.14858834e-02,0
6,19,5.22219145e-02,4.30052781e-02,-2.35022496e-03,-2.95322003e-02,0
6,20,1.18402514e-02,1.16084668e-02,1.76581634e-04,2.32462286e-03,0
6,21,1.94353411e-02,-7.40393826e-03,-6.18264009e-03,-1.68727337e-02,0
6,22,3.00718258e-02,2.94959759e-02,8.68817660e-04,-5.79200026e-03,0
6,23,6.56434540e-02,6.47089719e-02,3.22376108e-03,-1.05555375e-02,0
6,24,6.69374988e-02,6.67807211e-02,9.91882874e-05,4.57757587e-03,0
6,25,7.18489918e-02,7.08283540e-02,-2.93331866e-03,1.17054490e-02,0
6,26,5.61447982e-02,5.60491612e-02,-6.43182243e-04,-3.21188481e-03,0
6,27,2.90912376e-02,2.86109165e-02,3.10910517e-03,4.24841521e-03,0
6,28,1.06760828e-02,6.79180441e-03,1.39202864e-03,8.11864472e-03,0
6,29,3.50269292e-03,1.36633362e-03,-2.73013698e-04,3.21363558e-03,0
6,30,7.18071557e-03,-5.99925555e-03,6.02704843e-04,3.89978920e-03,0
6,31,1.14949260e-02,-6.48741672e-03,2.88458362e-03,9.04023928e-03,0
7,0,2.30086705e-02,2.30073411e-02,2.45879502e-04,-2.67985110e-05,0
7,1,3.80153747e-03,3.45444496e-03,1.58695483e-03,-8.45576690e-06,0
7,2,9.11946237e-03,-7.26758355e-03,2.54376679e-03,4.88631495e-03,0
7,3,5.79925816e-03,8.46270321e-04,9.68723184e-04,5.65480301e-03,0
7,4,2.68372283e-03,2.59445411e-03,2.96050971e-04,-6.19297925e-04,0
7,5,1.00550770e-02,9.22800261e-03,1.04622890e-03,3.85408181e-03,0
7,6,3.06511959e-02,3.03503024e-02,-1.50641603e-03,4.01069452e-03,0
7,7,4.59633171e-02,4.49542701e-02,-1.51506470e-03,-9.45752080e-03,0
7,8,3.39386350e-02,3.37508505e-02,3.11378621e-03,1.73648391e-03,0
7,9,3.66938309e-02,3.63561286e-02,2.79845410e-05,4.96672483e-03,0
7,10,1.93144340e-02,1.42349984e-02,-3.71211967e-03,1.25152846e-02,0
7,11,8.02259658e-03,-4.17103686e-03,1.35057123e-03,-6.71866539e-03,0
7,12,1.09302864e-02,8.28168294e-03,6.16179001e-03,3.59405525e-03,0
7,13,2.87490236e-02,9.23170061e-03,1.23649820e-03,2.71984031e-02,0
7,14,5.37608248e-03,5.25111439e-03,-1.05914120e-03,-4.54181129e-04,0
7,15,4.08956008e-02,1.93377809e-02,-1.42992870e-03,3.60063286e-02,0
7,16,4.61805361e-02,-4.61729186e-02,-8.10364165e-04,2.16368505e-04,0
7,17,4.06662753e-02,1.95008672e-02,-3.23397426e-03,-3.55387611e-02,0
7,18,5.98790928e-03,5.45212113e-03,-2.35932629e-03,7.50341414e-04,0
7,19,2.87612314e-02,9.38968509e-03,-5.41073792e-04,-2.71799464e-02,0
7,20,1.03885100e-02,8.19289802e-03,5.17523696e-03,-3.74359244e-03,0
7,21,8.00009849e-03,-4.18094005e-03,1.20608797e-03,6.71317124e-03,0
7,22,1.92845493e-02,1.43415351e-02,-3.74413914e-03,-1.23367594e-02,0
7,23,3.67240303e-02,3.64026124e-02,2.22497920e-04,-4.84300555e-03,0
7,24,3.39103022e-02,3.37078698e-02,3.28013551e-03,-1.71138058e-03,0
7,25,4.58968407e-02,4.48913338e-02,-1.49720942e-03,9.43644561e-03,0
7,26,3.06202006e-02,3.03168773e-02,-1.53818341e-03,-4.01467667e-03,0
7,27,1.00423405e-02,9.20537383e-03,1.13900545e-03,-3.84868310e-03,0
7,28,2.69929961e-03,2.58640820e-03,4.20054315e-04,6.48278765e-04,0
7,29,5.75611296e-03,8.64108909e-04,9.07666210e-04,-5.61803295e-03,0
7,30,9.11807225e-03,-7.28922783e-03,2.47092283e-03,-4.88885872e-03,0
7,31,3.77270293e-03,3.39406463e-03,1.64697788e-03,-3.28106078e-05,0
8,0,2.72035476e-02,2.70751032e-02,2.64033880e-03,-2.00161991e-05,0
8,1,1.06711715e-02,9.11097910e-03,2.93530648e-03,4.71677192e-03,0
8,2,3.35665844e-03,-3.04826380e-03,7.10511306e-04,-1.21260766e-03,0
8,3,2.89754813e-03,-3.17739932e-04,-1.47386354e-03,-2.47437927e-03,0
8,4,1.38306982e-02,-1.35830635e-02,-1.14003412e-03,2.34284462e-03,0
8,5,1.16076977e-02,-1.10875150e-02,-1.32537565e-03,3.17002161e-03,0
8,6,2.58896150e-02,2.57477491e-02,-4.25856881e-04,-2.67286938e-03,0
8,7,2.70296048e-02,2.70083217e-02,9.05781708e-04,5.74154050e-04,0
8,8,9.42422928e-03,2.98761794e-03,1.96720083e-03,8.71896539e-03,0
8,9,2.15335566e-02,1.66840233e-02,6.04644256e-04,1.36004350e-02,0
8,10,1.47571359e-02,1.12298866e-02,1.85211322e-03,9.39320941e-03,0
8,11,1.58764010e-02,-1.51560953e-02,4.39024282e-03,-1.75460851e-03,0
8,12,2.49428186e-02,-2.43063805e-02,-6.96088235e-04,5.55513554e-03,0
8,13,9.29494027e-03,3.31604630e-03,-8.68303247e-03,-6.85460339e-05,0
8,14,7.06196721e-02,6.73024869e-02,-2.56040123e-03,-2.12357646e-02,0
8,15,6.00298682e-02,2.61489064e-03,3.19966702e-03,-5.98874741e-02,-1
8,16,9.13712962e-02,9.12957279e-02,-3.71532281e-03,-1.47331963e-05,0
8,17,5.99119509e-02,2.68410228e-03,2.21936436e-03,5.98106335e-02,-1
8,18,7.15026898e-02,6.78330232e-02,-7.77776051e-03,2.12325705e-02,0
8,19,1.02789407e-02,3.65293217e-03,-9.59925808e-03,4.08598088e-04,0
8,20,2.49519063e-02,-2.42643131e-02,-1.49147292e-03,-5.62283283e-03,0
8,21,1.58063694e-02,-1.53011810e-02,3.63405116e-03,1.58393396e-03,0
8,22,1.46981843e-02,1.12116085e-02,1.66810159e-03,-9.35702378e-03,0
8,23,2.15027153e-02,1.67305931e-02,8.23892366e-04,-1.34824040e-02,0
8,24,9.37575926e-03,3.00170204e-03,2.10288417e-03,-8.62974650e-03,0
8,25,2.70499061e-02,2.70261029e-02,9.96928781e-04,-5.41586149e-04,0
8,26,2.58693237e-02,2.57304324e-02,-3.27598386e-04,2.65696051e-03,0
8,27,1.16607034e-02,-1.11500444e-02,-1.23132721e-03,-3.18313467e-03,0
8,28,1.38618685e-02,-1.36224212e-02,-1.01085553e-03,-2.35779772e-03,0
8,29,2.91735555e-03,-2.91805635e-04,-1.51183889e-03,2.47793383e-03,0
8,30,3.30548581e-03,-3.02506575e-03,5.46135222e-04,1.21529830e-03,0
8,31,1.06501947e-02,9.08649410e-03,2.88972661e-03,-4.74465507e-03,0
9,0,3.69889217e-02,3.68788130e-02,2.85192256e-03,-4.52034777e-06,0
9,1,2.41216605e-02,2.39969028e-02,2.26074416e-03,-9.44562600e-04,0
9,2,1.36355019e-02,8.60070804e-03,8.68414042e-04,-1.05451691e-02,0
9,3,6.25695441e-03,-6.17318826e-03,-1.01658341e-03,-8.82234181e-05,0
9,4,2.15185089e-02,-2.13306739e-02,-2.81176279e-03,3.77580507e-04,0
9,5,2.20987226e-02,-1.88219548e-02,-1.90402486e-03,-1.14220071e-02,0
9,6,7.46885663e-03,-7.45350256e-03,-3.58233890e-04,3.17470201e-04,0
9,7,1.74392149e-02,-1.24291306e-02,-1.46342138e-04,1.22319873e-02,0
9,8,2.74404822e-02,-2.10925823e-02,3.63870397e-03,1.71709891e-02,0
9,9,6.65557719e-03,2.18959571e-03,3.58722275e-03,5.16083436e-03,0
9,10,1.05491677e-02,-7.74883956e-03,-1.15065785e-03,7.06515474e-03,0
9,11,2.30877402e-02,-2.15976396e-02,-1.16057205e-03,8.07705276e-03,0
9,12,1.21933176e-02,-6.39589235e-03,-9.41222261e-03,4.37945428e-03,0
9,13,1.66090470e-02,-1.33829019e-02,-5.29020874e-03,-8.29289266e-03,0
9,14,7.03375787e-02,-1.77627874e-02,1.64088920e-02,-6.60500312e-02,0
9,15,5.53063975e-02,5.51761677e-02,3.74871753e-03,5.78991530e-04,0
9,16,1.08121169e-01,-1.07693901e-01,9.59526521e-03,-3.76756294e-04,0
9,17,5.54822801e-02,5.54386505e-02,1.87771877e-03,-1.14612804e-03,0
9,18,6.92769812e-02,-1.77993550e-02,1.41885784e-02,6.54306299e-02,0
9,19,1.69145333e-02,-1.30692251e-02,-6.78569374e-03,8.32172763e-03,0
9,20,1.16928965e-02,-6.10968436e-03,-9.10537144e-03,-4.06051671e-03,0
9,21,2.32381063e-02,-2.17078356e-02,-9.81336971e-04,-8.23507370e-03,0
9,22,1.08205371e-02,-7.89949415e-03,-1.68900590e-03,-7.19925509e-03,0
9,23,6.63571013e-03,2.19324288e-03,3.55530612e-03,-5.15578636e-03,0
9,24,2.74005488e-02,-2.10495717e-02,3.84014817e-03,-1.71160413e-02,0
9,25,1.73605602e-02,-1.23872276e-02,-2.28613289e-04,-1.21611422e-02,0
9,26,7.45828914e-03,-7.44255998e-03,-3.73247037e-04,-3.08325210e-04,0
9,27,2.20981202e-02,-1.88500616e-02,-1.75558694e-03,1.13982458e-02,0
9,28,2.15242082e-02,-2.13554369e-02,-2.65957896e-03,-4.04339454e-04,0
9,29,6.25285958e-03,-6.16966158e-03,-1.01473473e-03,6.19864437e-05,0
9,30,1.36238146e-02,8.60650894e-03,7.62444108e-04,1.05335182e-02,0
9,31,2.40976825e-02,2.39750583e-02,2.23985925e-03,9.36970699e-04,0
10,0,4.93282137e-02,4.93087979e-02,1.38386115e-03,-6.50660637e-06,0
10,1,3.77038351e-02,3.70731100e-02,8.40159281e-04,6.81599779e-03,0
10,2,6.35611529e-03,5.41906580e-03,8.10042701e-05,3.32074778e-03,0
10,3,1.33570735e-02,-1.30517545e-02,-1.58780553e-03,2.35414334e-03,0
10,4,1.70147230e-02,-1.66091769e-02,-1.43933401e-03,-3.40064109e-03,0
10,5,3.40779438e-02,-3.39918244e-02,7.30628037e-04,-2.30831376e-03,0
10,6,3.09852507e-02,-2.97456066e-02,-1.50052926e-03,8.54593818e-03,0
10,7,2.73005435e-02,-2.47686366e-02,1.65649596e-03,1.13617930e-02,0
10,8,2.64163795e-02,-2.51680110e-02,7.64313381e-03,-2.44516518e-03,0
10,9,1.51449602e-02,-9.00007670e-03,-8.85482123e-04,-1.21484304e-02,0
10,10,1.82141125e-02,-1.63638178e-02,-3.30187239e-03,7.28539624e-03,0
10,11,2.50810034e-02,-2.31930847e-02,-4.77410630e-03,-8.26713147e-03,0
10,12,5.63936425e-02,-4.67238416e-02,-1.18273806e-02,-2.92786373e-02,0
10,13,6.20618415e-02,-2.30780494e-02,1.28658247e-02,-5.61564454e-02,0
10,14,5.51257975e-02,-3.90042260e-02,1.19932977e-02,-3.70632529e-02,0
10,15,7.42956432e-02,-5.11575308e-02,-8.43959403e-03,-5.32120559e-02,0
10,16,6.93652630e-02,-6.81972578e-02,1.26682562e-02,-4.34763310e-04,0
10,17,7.41782187e-02,-5.12580242e-02,-7.48203666e-03,5.30946533e-02,0
10,18,5.48387640e-02,-3.90911194e-02,1.11112642e-02,3.68200249e-02,0
10,19,6.18487312e-02,-2.35253686e-02,1.30136249e-02,5.56998038e-02,0
10,20,5.62086900e-02,-4.64834407e-02,-1.11502160e-02,2.95699046e-02,0
10,21,2.48806225e-02,-2.30039778e-02,-4.32518625e-03,8.43535106e-03,0
10,22,1.83938052e-02,-1.64985925e-02,-3.32024661e-03,-7.42323897e-03,0
10,23,1.51459771e-02,-9.13827737e-03,-1.16350680e-03,1.20224275e-02,0
10,24,2.64820365e-02,-2.52157496e-02,7.74135496e-03,2.35279718e-03,0
10,25,2.72263746e-02,-2.46883625e-02,1.76337204e-03,-1.13424313e-02,0
10,26,3.09069028e-02,-2.96753443e-02,-1.57148748e-03,-8.49358619e-03,0
10,27,3.41168412e-02,-3.40304489e-02,7.50012901e-04,2.30756919e-03,0
10,28,1.70379418e-02,-1.66488591e-02,-1.32181427e-03,3.37042402e-03,0
10,29,1.33405683e-02,-1.30411867e-02,-1.50012852e-03,-2.37651567e-03,0
10,30,6.36538643e-03,5.42344670e-03,1.04800985e-04,-3.33067367e-03,0
10,31,3.76759170e-02,3.70421704e-02,8.66976614e-04,-6.82646909e-03,0
11,0,3.57991103e-02,3.57671564e-02,1.51214641e-03,-1.54088001e-05,0
11,1,3.25463687e-02,3.24766711e-02,-4.76314381e-04,2.07486822e-03,0
11,2,2.10938918e-02,2.08210605e-02,-1.64988499e-03,-2.95187917e-03,0
11,3,4.73943560e-03,2.79010943e-03,-2.56566521e-04,-3.82252701e-03,0
11,4,2.03921750e-02,-2.03853663e-02,3.80792893e-04,3.64197694e-04,0
11,5,4.45717389e-02,-4.42261811e-02,-1.57335237e-03,5.31124976e-03,0
11,6,4.23663101e-02,-4.15842643e-02,-2.04281018e-03,7.84092616e-03,0
11,7,2.60503426e-02,-2.46564216e-02,7.80446310e-03,-3.12595290e-03,0
11,8,2.72203606e-02,-2.48765308e-02,7.80551652e-03,-7.82177464e-03,0
11,9,2.46134783e-02,-2.26863250e-02,-5.53974234e-03,-7.77593893e-03,0
11,10,2.63944383e-02,-2.56635787e-02,-5.98459272e-03,1.49390375e-03,0
11,11,3.81385553e-02,-2.69178493e-02,-1.21287206e-02,-2.41427613e-02,0
11,12,6.82555746e-02,-3.76459808e-02,-4.44654524e-03,-5.67611824e-02,0
11,13,3.31984485e-02,-2.46712011e-02,5.30139503e-03,-2.15722977e-02,0
11,14,6.94605716e-03,3.03591760e-03,-5.48943151e-03,2.98279333e-03,0
11,15,3.24014905e-02,-2.60526172e-02,6.31722921e-03,-1.81991851e-02,0
11,16,4.51685994e-02,-4.51680100e-02,2.30722667e-04,4.16064965e-06,0
11,17,3.25639109e-02,-2.63305602e-02,6.54490582e-03,1.80076123e-02,0
11,18,6.88106288e-03,3.15321884e-03,-5.29090398e-03,-3.06799161e-03,0
11,19,3.28283034e-02,-2.47853563e-02,3.67911073e-03,2.12096148e-02,0
11,20,6.83346187e-02,-3.78082040e-02,-5.37380628e-03,5.66681748e-02,0
11,21,3.79316989e-02,-2.66394865e-02,-1.16043637e-02,2.43821715e-02,0
11,22,2.62445429e-02,-2.55523641e-02,-5.81885601e-03,-1.41196142e-03,0
11,23,2.46360109e-02,-2.26945791e-02,-5.64553783e-03,7.74706505e-03,0
11,24,2.72458243e-02,-2.49849297e-02,7.66705347e-03,7.70094292e-03,0
11,25,2.61600793e-02,-2.47553982e-02,7.89885583e-03,3.02127261e-03,0
11,26,4.23093523e-02,-4.15344725e-02,-1.93670311e-03,-7.82419757e-03,0
11,27,4.45194822e-02,-4.41782007e-02,-1.58005461e-03,-5.27013397e-03,0
11,28,2.04115842e-02,-2.04034869e-02,4.41606010e-04,-3.68067348e-04,0
11,29,4.69860725e-03,2.77081454e-03,-1.48209771e-04,3.79177144e-03,0
11,30,2.10785946e-02,2.08127819e-02,-1.58896607e-03,2.93435627e-03,0
11,31,3.25268373e-02,3.24565126e-02,-4.33137945e-04,-2.09340036e-03,0
12,0,4.83184663e-02,4.83099201e-02,9.08530369e-04,-1.93829767e-05,0
12,1,4.33230411e-02,4.33156174e-02,-6.37885806e-04,-4.86084308e-04,0
12,2,1.50551376e-02,1.47182978e-02,-1.89729159e-03,-2.53557963e-03,0
12,3,1.30426522e-02,-1.29714276e-02,-1.34765430e-03,-1.91496287e-04,0
12,4,2.52420522e-02,-2.49923567e-02,-5.82043427e-04,3.49349825e-03,0
12,5,4.44946445e-02,-4.44565064e-02,-3.00210990e-04,1.81722496e-03,0
12,6,3.32083652e-02,-3.08468136e-02,3.94091733e-03,-1.16506987e-02,0
12,7,2.21797596e-02,-1.69040342e-02,9.18073196e-03,-1.10412647e-02,0
12,8,2.35222272e-02,-2.30790363e-02,-2.24552508e-03,-3.95105997e-03,0
12,9,2.32116720e-02,-1.99216801e-02,-1.17539428e-02,-1.93731973e-03,0
12,10,3.92262955e-02,-3.05742835e-02,-8.44992740e-03,2.30762686e-02,0
12,11,4.90319509e-02,-2.48813986e-02,-7.70298418e-03,-4.15416929e-02,0
12,12,2.23195311e-02,4.80656516e-03,4.10799425e-04,-2.17919628e-02,0
12,13,9.68122385e-02,5.69208329e-02,4.98080219e-03,-7.81525426e-02,0
12,14,4.95551677e-02,4.63898704e-02,1.73413115e-02,-1.72437812e-03,0
12,15,1.67593015e-02,-1.58824125e-02,-1.88427562e-03,5.00726104e-03,0
12,16,4.25145197e-02,-4.03469475e-02,1.34017716e-02,2.69589775e-05,0
12,17,1.67378674e-02,-1.58629632e-02,-1.58631133e-03,-5.09962939e-03,0
12,18,5.07002051e-02,4.66394706e-02,1.97808214e-02,1.99741922e-03,0
12,19,9.88317495e-02,5.67032337e-02,1.29644887e-02,7.99023156e-02,0
12,20,2.25928876e-02,4.50987877e-03,1.38868929e-03,2.20945945e-02,0
12,21,4.90631662e-02,-2.48455178e-02,-7.82155423e-03,4.15778525e-02,0
12,22,3.90325265e-02,-3.04356848e-02,-8.48199228e-03,-2.29186175e-02,0
12,23,2.31166974e-02,-1.98481129e-02,-1.16726113e-02,2.04554540e-03,0
12,24,2.34763894e-02,-2.30347022e-02,-2.21436942e-03,3.95473393e-03,0
12,25,2.21574836e-02,-1.69651119e-02,9.12126503e-03,1.09517845e-02,0
12,26,3.32842476e-02,-3.09268886e-02,4.14467033e-03,1.15840582e-02,0
12,27,4.45009794e-02,-4.44643265e-02,-1.86798959e-04,-1.79609165e-03,0
12,28,2.52122749e-02,-2.49631621e-02,-6.65091523e-04,-3.47231840e-03,0
12,29,1.30262497e-02,-1.29597613e-02,-1.30382614e-03,1.66754228e-04,0
12,30,1.50254492e-02,1.47061297e-02,-1.80165369e-03,2.49958303e-03,0
12,31,4.33023818e-02,4.32954854e-02,-6.27419186e-04,4.51174638e-04,0
13,0,2.89352344e-02,2.89351769e-02,-5.35175355e-05,-2.15712471e-05,0
13,1,3.03698242e-02,2.89571998e-02,-1.29245230e-03,9.06291161e-03,0
13,2,2.18564041e-02,1.81491338e-02,-2.47665074e-03,1.19238224e-02,0
13,3,7.28681945e-03,-1.69733994e-03,-1.10262142e-03,7.00007148e-03,0
13,4,1.73114234e-02,-1.72135466e-02,1.83642818e-03,-8.20082078e-05,0
13,5,3.09162188e-02,-2.76683751e-02,2.64131783e-03,-1.35387238e-02,0
13,6,3.42246894e-02,-2.72066875e-02,1.67752758e-03,-2.06956861e-02,0
13,7,2.15429586e-02,-1.81040832e-02,-4.64544630e-04,-1.16672804e-02,0
13,8,2.46789851e-02,-2.41707727e-02,-4.57906237e-03,-1.96423969e-03,0
13,9,4.05039949e-02,-3.78461046e-02,-4.89567355e-03,1.35749163e-02,0
13,10,2.25743557e-02,-1.94943905e-02,-2.05282520e-03,1.11962577e-02,0
13,11,1.00245026e-02,-5.63705219e-03,5.66693603e-03,6.04980428e-03,0
13,12,1.17794076e-01,8.77002539e-02,6.24504287e-03,-7.83907478e-02,0
13,13,4.57857556e-02,4.33342469e-02,1.16042000e-02,-9.15538105e-03,-1
13,14,8.52892231e-02,8.50198813e-02,3.34064685e-03,5.89164089e-03,0
13,15,5.25391456e-02,-2.40504132e-02,-6.88020904e-04,-4.67061674e-02,0
13,16,7.78036424e-02,-7.77776442e-02,1.94107242e-03,5.26387483e-04,0
13,17,5.27915882e-02,-2.44254973e-02,-1.11450762e-03,4.67878696e-02,0
13,18,8.35806815e-02,8.33488307e-02,1.95564400e-03,-5.90577584e-03,0
13,19,4.66983334e-02,4.30330423e-02,1.53534354e-02,9.65213095e-03,-1
13,20,1.19226706e-01,8.93366674e-02,9.13851722e-03,7.84248345e-02,0
13,21,1.03802740e-02,-5.26779807e-03,6.22787781e-03,-6.41980768e-03,0
13,22,2.26363149e-02,-1.95024012e-02,-2.01521525e-03,-1.13136205e-02,0
13,23,4.03448907e-02,-3.76936540e-02,-5.21532397e-03,-1.34051875e-02,0
13,24,2.45734078e-02,-2.40606326e-02,-4.55898297e-03,2.03813755e-03,0
13,25,2.15425752e-02,-1.81202304e-02,-4.42198352e-04,1.16423476e-02,0
13,26,3.42463812e-02,-2.72743222e-02,1.68981958e-03,2.06414748e-02,0
13,27,3.09552993e-02,-2.77141654e-02,2.80397288e-03,1.35016047e-02,0
13,28,1.72851452e-02,-1.71838946e-02,1.86632108e-03,8.28104401e-05,0
13,29,7.30316927e-03,-1.66179147e-03,-1.16640353e-03,-7.01528569e-03,0
13,30,2.18693102e-02,1.81408305e-02,-2.46847274e-03,-1.19617573e-02,0
13,31,3.03595362e-02,2.89349440e-02,-1.26010089e-03,-9.10398793e-03,0
14,0,1.34926960e-02,1.34924247e-02,8.45300064e-05,-1.32327843e-05,0
14,1,1.78660717e-02,1.70325654e-02,-1.25878628e-03,5.24439607e-03,0
14,2,1.19354495e-02,8.54547018e-03,-2.83478077e-03,7.83542672e-03,0
14,3,5.34521644e-03,-1.12265515e-03,-9.73804725e-04,5.13446088e-03,0
14,4,3.99268242e-03,5.94867370e-04,3.04833632e-03,-2.50904193e-03,0
14,5,1.75824355e-02,-1.45904019e-02,1.20784858e-03,-9.73669922e-03,0
14,6,2.36093216e-02,-1.80194674e-02,-2.19305564e-03,-1.50960051e-02,0
14,7,2.04291023e-02,-1.79153791e-02,5.68042007e-04,-9.80126221e-03,0
14,8,3.62115568e-02,-3.50800601e-02,-2.39675010e-03,8.65573909e-03,0
14,9,2.06940504e-02,-2.03005482e-02,-3.00545480e-03,2.66433978e-03,0
14,10,1.39996453e-02,-5.31186925e-03,1.11346278e-02,-6.61771701e-03,0
14,11,1.51008978e-02,-1.49712211e-02,1.50637865e-03,1.27690038e-03,0
14,12,2.42075818e-02,-1.80118327e-02,-1.50086131e-02,6.02680964e-03,0
14,13,1.19454151e-01,1.04981620e-01,2.09154412e-02,-5.30160158e-02,0
14,14,5.81459921e-02,2.84291424e-02,9.83401375e-05,-5.07220917e-02,0
14,15,6.83867156e-02,4.84289406e-03,-1.28869287e-02,-6.69866876e-02,0
14,16,5.72787894e-03,-5.56432748e-03,1.33403557e-03,2.59240955e-04,-1
14,17,6.78479119e-02,5.97991487e-03,-1.02918649e-02,6.67956382e-02,0
14,18,5.79136892e-02,2.82147293e-02,-1.77491463e-03,5.05447735e-02,0
14,19,1.17203875e-01,1.04596739e-01,1.29511845e-02,5.12692636e-02,0
14,20,2.48419097e-02,-1.72369785e-02,-1.66882593e-02,-6.44275164e-03,0
14,21,1.48443618e-02,-1.47418374e-02,9.56554344e-04,-1.45544206e-03,0
14,22,1.40194917e-02,-5.69517014e-03,1.11943321e-02,6.22881310e-03,0
14,23,2.08565389e-02,-2.04359709e-02,-3.17054494e-03,-2.70443241e-03,0
14,24,3.59799741e-02,-3.48578343e-02,-2.69319569e-03,-8.49921314e-03,0
14,25,2.03396092e-02,-1.78160926e-02,6.16472539e-04,9.79318686e-03,0
14,26,2.35942319e-02,-1.80820907e-02,-2.02551019e-03,1.50207550e-02,0
14,27,1.76312899e-02,-1.46660649e-02,1.27298823e-03,9.70301123e-03,0
14,28,3.95087674e-03,5.99704788e-04,3.00983606e-03,2.48810531e-03,0
14,29,5.36577395e-03,-1.07511489e-03,-9.93303826e-04,-5.16226748e-03,0
14,30,1.19596298e-02,8.55324959e-03,-2.82302658e-03,-7.86798493e-03,0
14,31,1.78540316e-02,1.70102132e-02,-1.26551202e-03,-5.27423669e-03,0
15,0,3.59876872e-03,-3.59868674e-03,-2.39926181e-05,-3.79367161e-06,0
15,1,2.52180374e-03,2.05739382e-03,-3.83849167e-04,-1.40687049e-03,0
15,2,7.11628554e-03,7.02621454e-03,-1.08436668e-03,-3.13014371e-04,0
15,3,8.36901974e-03,6.13363356e-03,-2.57178528e-04,-5.68796008e-03,0
15,4,7.66830017e-03,4.97578031e-03,1.50739150e-03,-5.63668418e-03,0
15,5,5.75192554e-03,-2.04204913e-03,-7.97473867e-05,-5.37664608e-03,0
15,6,1.77995120e-02,-1.31819349e-02,-2.67211648e-03,-1.16584310e-02,0
15,7,2.41763897e-02,-2.31426703e-02,-4.84142274e-03,-5.04730180e-03,0
15,8,2.53734460e-02,-2.29537909e-02,1.57692256e-04,-1.08125102e-02,0
15,9,3.63787762e-02,-4.52944570e-03,1.33519960e-02,-3.35354094e-02,0
15,10,2.79147407e-02,1.74053564e-02,3.25114734e-03,-2.15804624e-02,0
15,11,1.90826929e-02,6.83575482e-03,-1.45599521e-02,-1.02678830e-02,0
15,12,1.81356213e-02,-1.01535089e-02,-1.49679005e-02,-1.33002776e-03,0
15,13,6.51346502e-02,-6.25308862e-02,-1.31266701e-02,1.26531209e-02,0
15,14,2.44983205e-02,-2.06951328e-03,1.76047675e-02,-1.69102627e-02,0
15,15,9.42419858e-03,2.08258211e-03,1.79366974e-03,9.01449497e-03,0
15,16,4.18146451e-02,4.02566479e-02,1.12990447e-02,-4.45458902e-04,0
15,17,9.97904962e-03,2.45543421e-03,2.98572081e-03,-9.19987747e-03,0
15,18,2.43090839e-02,-2.26909705e-03,1.71709325e-02,1.70570172e-02,0
15,19,6.57092604e-02,-6.23609360e-02,-1.57661341e-02,-1.34257059e-02,0
15,20,1.83889684e-02,-9.83773326e-03,-1.55096946e-02,9.06938441e-04,0
15,21,1.96775945e-02,7.13507897e-03,-1.50014187e-02,1.05477870e-02,0
15,22,2.79267311e-02,1.72745273e-02,3.81889498e-03,2.16080786e-02,0
15,23,3.62656835e-02,-4.85708264e-03,1.37303743e-02,3.32127290e-02,0
15,24,2.53100125e-02,-2.28991911e-02,-3.13367731e-04,1.07761580e-02,0
15,25,2.40972346e-02,-2.29479530e-02,-5.26196940e-03,5.13613118e-03,0
15,26,1.77802652e-02,-1.32058645e-02,-2.59088134e-03,1.16202541e-02,0
15,27,5.71346995e-03,-2.14087430e-03,1.57049115e-04,5.29487787e-03,0
15,28,7.65990873e-03,4.99043037e-03,1.54735745e-03,5.60138299e-03,0
15,29,8.39105119e-03,6.17961297e-03,-3.25123744e-04,5.66713492e-03,0
15,30,7.10257161e-03,7.01274381e-03,-1.08816463e-03,2.89560788e-04,0
15,31,2.48148184e-03,2.02256645e-03,-3.51872731e-04,1.39397369e-03,0
16,0,4.65605882e-03,-4.57831347e-03,8.47306802e-04,8.12200200e-07,0
16,1,9.84908341e-03,-9.01555819e-04,6.32961258e-04,-9.78728773e-03,0
16,2,1.23981449e-02,1.25734989e-03,-1.12777968e-03,-1.22825560e-02,0
16,3,1.02979792e-02,8.79264423e-04,-1.30489974e-03,-1.01770579e-02,0
16,4,6.95102713e-03,4.32420122e-03,3.06734923e-03,-4.49549003e-03,0
16,5,2.22148765e-03,1.44537992e-03,1.65549319e-03,3.24386417e-04,0
16,6,7.55284070e-03,-4.33618234e-03,-5.95124325e-03,-1.68096075e-03,0
16,7,1.38171434e-02,-3.32395613e-03,-2.99990596e-03,-1.30715466e-02,0
16,8,3.95170318e-02,6.05247207e-03,9.56385510e-03,-3.78615380e-02,0
16,9,4.88450544e-02,3.00060660e-03,5.38795527e-03,-4.84541601e-02,0
16,10,2.84805087e-02,-1.14348495e-02,-8.90755260e-03,-2.45160989e-02,0
16,11,8.70790390e-03,-4.34422011e-03,2.41375044e-03,-7.15046508e-03,0
16,12,2.70240250e-02,-2.66533246e-02,4.22723270e-03,-1.42433226e-03,0
16,13,3.08088846e-02,-4.09578870e-03,-1.62709906e-02,2.58392482e-02,0
16,14,1.53167752e-02,3.68133805e-03,-1.18389499e-02,8.99392110e-03,0
16,15,2.86607900e-02,-1.32340467e-02,-5.98136772e-03,2.47087865e-02,0
16,16,2.00158452e-02,1.76905379e-02,-9.35790005e-03,-3.29594912e-04,0
16,17,2.86184356e-02,-1.31360111e-02,-5.98697276e-03,-2.47106501e-02,0
16,18,1.52827957e-02,4.02556011e-03,-1.17221807e-02,-8.94143111e-03,0
16,19,3.09972584e-02,-3.62681219e-03,-1.62916270e-02,-2.61200909e-02,0
16,20,2.73571276e-02,-2.70040777e-02,4.22273754e-03,1.16649121e-03,0
16,21,8.84873938e-03,-4.67683179e-03,1.74109938e-03,7.30725707e-03,0
16,22,2.87546124e-02,-1.12100080e-02,-9.65279894e-03,2.46573910e-02,0
16,23,4.86712619e-02,2.99268725e-03,5.54361521e-03,4.82618264e-02,0
16,24,3.93745302e-02,5.90469372e-03,9.73181027e-03,3.76932366e-02,0
16,25,1.38310419e-02,-3.21789974e-03,-3.18107634e-03,1.30699500e-02,0
16,26,7.59563174e-03,-4.24109851e-03,-6.07255125e-03,1.68250597e-03,0
16,27,2.27984054e-03,1.35658608e-03,1.79641203e-03,-3.60902964e-04,0
16,28,6.94349995e-03,4.26916944e-03,3.19372379e-03,4.44820326e-03,0
16,29,1.02722129e-02,9.11948400e-04,-1.30288864e-03,1.01483590e-02,0
16,30,1.23823164e-02,1.25199678e-03,-1.11856412e-03,1.22679696e-02,0
16,31,9.85069439e-03,-9.46281636e-04,6.73950709e-04,9.78194876e-03,0
17,0,2.89193806e-03,-2.87404006e-03,-3.21213556e-04,-4.62141896e-06,0
17,1,2.99597815e-03,-2.66572126e-03,4.76306357e-04,-1.28177514e-03,0
17,2,3.65661451e-03,-3.60069732e-03,5.79433071e-04,2.64699390e-04,0
17,3,9.08938540e-03,-6.42393228e-03,5.02117851e-04,-6.41076428e-03,0
17,4,7.25131101e-03,-3.05637742e-03,1.70733251e-03,-6.35020348e-03,0
17,5,4.92831983e-03,4.58958733e-03,-5.03868810e-06,-1.79554983e-03,0
17,6,1.66213622e-02,1.28704002e-02,-2.64211294e-03,-1.01804578e-02,0
17,7,2.24891748e-02,2.09237276e-02,-1.00642896e-03,-8.18215774e-03,0
17,8,2.55121434e-02,2.20433241e-02,6.67982844e-03,-1.09700142e-02,0
17,9,3.65384401e-02,4.92741637e-03,6.24725538e-03,-3.56616037e-02,0
17,10,2.34872830e-02,-1.43191608e-02,-6.56829455e-03,-1.74204364e-02,0
17,11,3.44583502e-02,7.28475437e-03,-2.73071194e-03,-3.35686381e-02,0
17,12,3.06960816e-02,3.39426755e-03,4.24834297e-03,-3.02105935e-02,0
17,13,3.57044011e-02,-2.77533550e-02,-9.78251450e-03,-2.02202363e-02,0
17,14,3.18682142e-02,-2.83493048e-02,-1.45354312e-02,7.88183070e-04,0
17,15,1.49908451e-02,-1.48647271e-02,1.55219446e-03,1.16448225e-03,0
17,16,4.11374759e-02,-4.07070262e-02,-5.90954264e-03,-5.54304009e-04,0
17,17,1.53788809e-02,-1.52352014e-02,9.69667687e-04,-1.85966653e-03,0
17,18,3.19247751e-02,-2.82755009e-02,-1.48040790e-02,-7.25644695e-04,0
17,19,3.57379432e-02,-2.73670504e-02,-9.70214978e-03,2.08353889e-02,0
17,20,3.07989536e-02,3.25247228e-03,4.30262460e-03,3.03230010e-02,0
17,21,3.41191992e-02,7.18332413e-03,-1.70075747e-03,3.33110647e-02,0
17,22,2.34102355e-02,-1.41047534e-02,-7.11757246e-03,1.72752777e-02,0
17,23,3.63682435e-02,4.89467961e-03,5.81693120e-03,3.55647938e-02,0
17,24,2.54454418e-02,2.19224297e-02,6.89102237e-03,1.09266371e-02,0
17,25,2.25301115e-02,2.09734132e-02,-9.71785695e-04,8.17174984e-03,0
17,26,1.66422293e-02,1.28932074e-02,-2.65975666e-03,1.01810948e-02,0
17,27,4.86584247e-03,4.53453009e-03,6.91564696e-05,1.76342767e-03,0
17,28,7.23874848e-03,-3.06340723e-03,1.79632885e-03,6.30779029e-03,0
17,29,9.06306430e-03,-6.41063270e-03,5.50207074e-04,6.38280464e-03,0
17,30,3.70484454e-03,-3.64194420e-03,6.19663071e-04,-2.79523078e-04,0
17,31,3.05024274e-03,-2.72211906e-03,5.22204093e-04,1.27332299e-03,0
18,0,2.27111398e-02,-2.26961406e-02,-8.25168370e-04,-1.30215609e-05,0
18,1,1.99895479e-02,-1.93251426e-02,7.36085812e-04,5.05757523e-03,0
18,2,1.01617450e-02,-5.17177336e-03,5.43925744e-04,8.73029021e-03,0
18,3,7.11381537e-03,3.69204051e-03,-8.73112095e-04,6.01771396e-03,0
18,4,5.98910996e-03,4.52647974e-03,2.77250812e-03,-2.77373720e-03,0
18,5,1.82172535e-02,1.54686132e-02,3.14942855e-03,-9.09238306e-03,0
18,6,1.90601404e-02,1.37026660e-02,-3.99171433e-03,-1.26329772e-02,0
18,7,1.60460376e-02,1.48108554e-02,-4.10088839e-03,-4.61482393e-03,0
18,8,4.46025374e-02,4.32532164e-02,1.03786713e-02,3.29071234e-03,0
18,9,2.89457193e-02,2.65413159e-02,1.14506563e-02,-1.51515162e-03,0
18,10,2.38471832e-02,9.43483343e-03,-9.18629544e-03,-1.98817515e-02,0
18,11,3.45354673e-02,1.45010843e-02,-8.57364754e-03,-3.01481281e-02,0
18,12,2.58200667e-02,-1.25865580e-02,-5.80006766e-03,-2.17856288e-02,0
18,13,4.72131317e-02,-1.46130081e-02,-1.11207586e-02,-4.34956151e-02,0
18,14,1.84270042e-02,-1.16740006e-03,1.63763466e-02,-8.36701468e-03,0
18,15,6.63051775e-02,2.97195478e-03,1.57945759e-02,-6.43278744e-02,0
18,16,2.78487133e-02,2.69873925e-02,6.86972434e-03,-1.95868408e-04,-1
18,17,6.51015703e-02,1.92229048e-03,1.28684763e-02,6.37880990e-02,0
18,18,1.77235113e-02,-2.23586544e-03,1.58083085e-02,7.69552729e-03,0
18,19,4.73927998e-02,-1.45519600e-02,-1.07349629e-02,4.38072883e-02,0
18,20,2.58264503e-02,-1.21948407e-02,-5.93488969e-03,2.19788189e-02,0
18,21,3.39543001e-02,1.45860971e-02,-7.42341063e-03,2.97495083e-02,0
18,22,2.35929402e-02,9.54511773e-03,-8.48874900e-03,1.98357933e-02,0
18,23,2.87866678e-02,2.64332837e-02,1.12917304e-02,1.56543205e-03,0
18,24,4.44128473e-02,4.29996280e-02,1.05973811e-02,-3.35089707e-03,0
18,25,1.61191974e-02,1.48837618e-02,-4.13936963e-03,4.60084526e-03,0
18,26,1.91817151e-02,1.38325059e-02,-4.13287786e-03,1.26300948e-02,0
18,27,1.81856998e-02,1.54165776e-02,3.27427330e-03,9.07347478e-03,0
18,28,5.99194175e-03,4.46588373e-03,2.90783989e-03,2.73929106e-03,0
18,29,7.13169692e-03,3.69143156e-03,-8.68774903e-04,-6.03983974e-03,0
18,30,1.01913302e-02,-5.20106564e-03,5.61929936e-04,-8.74621989e-03,0
18,31,2.00501580e-02,-1.93791937e-02,8.00240786e-04,-5.08087603e-03,0
19,0,3.44806753e-02,-3.44649727e-02,-1.04028157e-03,-2.09563574e-05,0
19,1,3.14815445e-02,-3.04072650e-02,7.67054034e-04,8.11772808e-03,0
19,2,2.01762792e-02,-1.55692503e-02,2.03052690e-03,1.26711344e-02,0
19,3,6.82345375e-03,2.49576235e-03,8.51049106e-04,6.29336213e-03,0
19,4,1.84280962e-02,1.83858369e-02,1.45090257e-04,-1.23882263e-03,0
19,5,2.87244820e-02,2.78351839e-02,-7.11766899e-04,-7.05632974e-03,0
19,6,3.20742601e-02,2.68599380e-02,-1.19750251e-03,-1.74890788e-02,0
19,7,2.73415812e-02,2.21785889e-02,-3.53829797e-04,-1.59858393e-02,0
19,8,2.97055472e-02,2.96286781e-02,2.10635833e-03,-3.52455758e-04,0
19,9,4.24342962e-02,4.08579296e-02,1.04017823e-04,1.14581090e-02,0
19,10,2.23250134e-02,2.17429716e-02,4.40197716e-03,-2.50439773e-03,0
19,11,3.03161202e-02,2.77677541e-02,6.20380660e-03,-1.04657420e-02,0
19,12,5.13354074e-02,3.07896136e-02,-9.76793526e-03,-3.98987617e-02,0
19,13,5.08608128e-02,-3.25818982e-02,6.44215149e-03,-3.85193571e-02,0
19,14,1.65433442e-02,-1.30625294e-03,8.06715842e-03,-1.43839110e-02,0
19,15,2.95573630e-02,2.25287726e-02,-8.88787120e-03,-1.69439623e-02,0
19,16,7.62638891e-02,7.62429695e-02,-1.73335039e-03,4.31148822e-04,0
19,17,2.99954526e-02,2.24711300e-02,-9.67860508e-03,1.73522362e-02,0
19,18,1.64053081e-02,-1.84833230e-03,8.32929659e-03,1.40121597e-02,0
19,19,5.11429258e-02,-3.31180319e-02,7.09018026e-03,3.83213278e-02,0
19,20,5.11395410e-02,3.10360822e-02,-8.42345682e-03,3.97625405e-02,0
19,21,3.04002595e-02,2.77735601e-02,6.36011385e-03,1.05997211e-02,0
19,22,2.21817379e-02,2.16085503e-02,4.32328479e-03,2.53165108e-03,0
19,23,4.24039628e-02,4.08199819e-02,4.72013641e-04,-1.14718065e-02,0
19,24,2.96809523e-02,2.95812605e-02,2.41132777e-03,3.05709847e-04,0
19,25,2.73096868e-02,2.21816753e-02,-2.67438638e-04,1.59286143e-02,0
19,26,3.21083009e-02,2.68862425e-02,-1.11136563e-03,1.75167868e-02,0
19,27,2.87100355e-02,2.78176069e-02,-7.34502280e-04,7.06451650e-03,0
19,28,1.84131249e-02,1.83732328e-02,1.12535176e-04,1.20615961e-03,0
19,29,6.84778995e-03,2.48832991e-03,8.92043924e-04,-6.31701663e-03,0
19,30,2.02226502e-02,-1.56134462e-02,2.06475551e-03,-1.26851355e-02,0
19,31,3.15371473e-02,-3.04573228e-02,7.71026278e-04,-8.14546895e-03,0
20,0,5.52352867e-02,-5.52225749e-02,-1.18466608e-03,-2.61736730e-05,0
20,1,4.59695396e-02,-4.58774734e-02,1.03418323e-03,-2.71780549e-03,0
20,2,1.14425077e-02,-1.11484351e-02,2.14538905e-03,-1.42852445e-03,0
20,3,1.63285109e-02,1.61612969e-02,6.87438439e-04,2.22714614e-03,0
20,4,2.40572264e-02,2.40195120e-02,1.30818538e-03,3.19114717e-04,0
20,5,4.21345717e-02,4.21274620e-02,3.52282318e-04,6.89181612e-04,0
20,6,3.44565841e-02,3.41513343e-02,-3.27245610e-03,-3.19899673e-03,0
20,7,1.62046696e-02,1.52610241e-02,-3.62211597e-03,-4.07096284e-03,0
20,8,2.91728803e-02,2.71789779e-02,5.18954098e-03,-9.24276846e-03,0
20,9,4.39287726e-02,4.28674183e-02,2.86784334e-03,9.15952972e-03,0
20,10,4.55113917e-02,3.43345379e-02,-1.00393190e-02,2.81360686e-02,0
20,11,5.42531312e-02,5.30517095e-02,2.65556239e-03,-1.10393096e-02,0
20,12,1.03524029e-01,3.43204618e-02,-4.44408669e-03,-9.75683385e-02,0
20,13,1.06178318e-01,-6.27597390e-02,4.56717941e-03,-8.55230456e-02,0
20,14,3.58769454e-02,-3.23012582e-02,1.18114659e-02,1.02114252e-02,0
20,15,4.10173573e-02,3.12632939e-02,7.09138018e-03,-2.55879342e-02,0
20,16,5.40986734e-02,5.26929832e-02,1.22492825e-02,2.66584072e-04,0
20,17,4.12107031e-02,3.12617210e-02,6.53702344e-03,2.60440813e-02,0
20,18,3.62572709e-02,-3.28160425e-02,1.18835538e-02,-9.82233144e-03,0
20,19,1.06638726e-01,-6.28708457e-02,2.00630164e-03,8.61106814e-02,0
20,20,1.02436962e-01,3.44322243e-02,4.72861435e-03,9.63607453e-02,0
20,21,5.41083712e-02,5.28306252e-02,3.97547253e-03,1.09925651e-02,0
20,22,4.55576556e-02,3.44920186e-02,-9.76841401e-03,-2.81136750e-02,0
20,23,4.40265146e-02,4.29128157e-02,3.34917396e-03,-9.25242005e-03,0
20,24,2.90115155e-02,2.69740495e-02,5.45312539e-03,9.18325175e-03,0
20,25,1.61920879e-02,1.52479008e-02,-3.56896728e-03,4.11675898e-03,0
20,26,3.45402502e-02,3.42297518e-02,-3.30046090e-03,3.23418196e-03,0
20,27,4.21431314e-02,4.21361662e-02,2.74179695e-04,-7.15434703e-04,0
20,28,2.40278536e-02,2.39907713e-02,1.29094373e-03,-3.37788059e-04,0
20,29,1.63007471e-02,1.61352058e-02,6.77243182e-04,-2.21604007e-03,0
20,30,1.14648787e-02,-1.11784148e-02,2.10912003e-03,1.42762014e-03,0
20,31,4.59943965e-02,-4.59050359e-02,1.00866528e-03,2.68231062e-03,0
21,0,3.64554508e-02,-3.64544204e-02,-2.73461000e-04,-1.87032826e-05,0
21,1,3.48810057e-02,-3.48345130e-02,1.08506256e-03,-1.43662894e-03,0
21,2,2.24030689e-02,-2.18173715e-02,2.11193793e-03,-4.63028227e-03,0
21,3,2.34154325e-03,1.59230901e-03,1.54897622e-03,-7.40303629e-04,0
21,4,2.30293163e-02,2.28707808e-02,1.01674734e-04,2.69563653e-03,0
21,5,3.71369879e-02,3.68203561e-02,-2.82610512e-03,3.92815195e-03,0
21,6,3.98647218e-02,3.93767270e-02,-1.66040466e-03,5.99270150e-03,0
21,7,3.46878275e-02,3.46189972e-02,1.78441136e-03,1.25947715e-03,0
21,8,2.43493716e-02,2.26734018e-02,1.09529707e-03,-8.80960113e-03,0
21,9,1.87227837e-02,1.76270100e-02,-3.36530203e-03,-5.33909086e-03,0
21,10,5.62048686e-02,3.25789078e-02,-4.95021023e-03,4.55312798e-02,0
21,11,4.86214199e-02,4.62394595e-02,-2.05837190e-04,-1.50303858e-02,0
21,12,2.75086589e-01,4.89695372e-02,1.94235161e-03,-2.70685875e-01,-1
21,13,1.01630199e-01,-4.09793823e-02,-1.38569614e-03,-9.29917601e-02,0
21,14,4.46067801e-02,-2.42186374e-03,2.10087355e-02,3.92750867e-02,0
21,15,4.38317854e-02,4.29800133e-02,-2.29315188e-04,8.59600368e-03,0
21,16,6.62125956e-02,6.41081599e-02,1.65600311e-02,-1.30419952e-04,0
21,17,4.40648522e-02,4.31330623e-02,-1.61761077e-04,-9.01243386e-03,0
21,18,4.42885130e-02,-3.27772290e-03,2.13084253e-02,-3.86869477e-02,0
21,19,1.01626444e-01,-3.96882887e-02,-4.61137502e-03,9.34425439e-02,0
21,20,2.75266844e-01,4.90201782e-02,8.15023204e-04,2.70865636e-01,-1
21,21,4.76376994e-02,4.51074285e-02,3.06637024e-03,1.50089198e-02,0
21,22,5.62337804e-02,3.25225453e-02,-4.14007408e-03,-4.56878746e-02,0
21,23,1.87053655e-02,1.76357227e-02,-3.25391247e-03,5.31827382e-03,0
21,24,2.42175718e-02,2.25121281e-02,1.12407667e-03,8.85614600e-03,0
21,25,3.46062356e-02,3.45280129e-02,1.96791984e-03,-1.23901536e-03,0
21,26,3.99531811e-02,3.94625500e-02,-1.64800520e-03,-6.02062362e-03,0
21,27,3.71977046e-02,3.68670674e-02,-2.98973964e-03,-3.94335206e-03,0
21,28,2.29730101e-02,2.28182420e-02,3.95722325e-05,-2.66185223e-03,0
21,29,2.33596499e-03,1.56227657e-03,1.56116273e-03,7.60785970e-04,0
21,30,2.23964279e-02,-2.18184394e-02,2.04076537e-03,4.62503608e-03,0
21,31,3.48766147e-02,-3.48348034e-02,9.58120937e-04,1.41305700e-03,0
22,0,4.97483741e-02,-4.97306740e-02,-1.32693531e-03,-5.96043172e-06,0
22,1,3.80691758e-02,-3.78040243e-02,-4.18284747e-04,4.46575092e-03,0
22,2,7.40138757e-03,-7.32011754e-03,1.00520573e-03,-4.31252323e-04,0
22,3,1.23325802e-02,1.18695236e-02,2.70983708e-03,1.96563672e-03,0
22,4,2.03404144e-02,2.00842685e-02,3.18488315e-03,-4.59492544e-04,0
22,5,3.52737504e-02,3.52305804e-02,-1.18366976e-03,1.28163961e-03,0
22,6,2.93601139e-02,2.76450902e-02,-5.62107654e-03,8.13441910e-03,0
22,7,2.83384900e-02,2.52839129e-02,-1.50957166e-03,1.27088535e-02,0
22,8,3.29904758e-02,3.15117014e-02,9.69995190e-03,-1.13802494e-03,0
22,9,1.97366024e-02,1.80638825e-02,5.69829821e-03,-5.54608145e-03,0
22,10,1.43950733e-02,-3.77946839e-04,-1.09893360e-02,9.29030593e-03,0
22,11,1.55799542e-02,-1.24245616e-02,-4.30140301e-03,8.35841923e-03,0
22,12,7.90119627e-02,3.28108485e-02,-1.69656067e-03,-7.18572205e-02,0
22,13,1.03361153e-01,6.58481951e-02,-5.32063124e-03,-7.94936104e-02,0
22,14,3.49621641e-02,2.73668880e-02,2.17548750e-02,3.63011646e-04,0
22,15,7.33610535e-02,6.24248469e-02,1.94272683e-02,-3.32800826e-02,0
22,16,4.88971539e-02,4.73393132e-02,1.22421915e-02,2.23242676e-04,0
22,17,7.27635824e-02,6.21853237e-02,1.96627796e-02,3.22629746e-02,0
22,18,3.45849115e-02,2.64385750e-02,2.22957383e-02,1.33821770e-04,0
22,19,1.03395342e-01,6.60986773e-02,-3.71930162e-03,7.94212091e-02,0
22,20,8.08439918e-02,3.31924024e-02,-1.01332318e-02,7.30159780e-02,0
22,21,1.58372686e-02,-1.25633391e-02,-4.91659219e-03,-8.29510151e-03,0
22,22,1.46258428e-02,-2.35957209e-04,-1.12991958e-02,-9.28373722e-03,0
22,23,1.96997829e-02,1.79835890e-02,5.83457521e-03,5.53441089e-03,0
22,24,3.27869380e-02,3.12530121e-02,9.83950315e-03,1.19025922e-03,0
22,25,2.83825461e-02,2.53260892e-02,-1.46012083e-03,-1.27289501e-02,0
22,26,2.94950489e-02,2.77750816e-02,-5.61330283e-03,-8.18496104e-03,0
22,27,3.52286947e-02,3.51856623e-02,-1.20678375e-03,-1.25449923e-03,0
22,28,2.02742030e-02,2.00175681e-02,3.17679193e-03,4.98262884e-04,0
22,29,1.23227746e-02,1.18747032e-02,2.64675159e-03,-1.95880151e-03,0
22,30,7.37433677e-03,-7.30911332e-03,8.77780563e-04,4.32673659e-04,0
22,31,3.80653665e-02,-3.77981244e-02,-5.43474537e-04,-4.46973734e-03,0
23,0,3.37088497e-02,-3.36898531e-02,-1.13148417e-03,9.49578272e-06,0
23,1,2.31821107e-02,-2.30018759e-02,-1.42981629e-03,-2.50591021e-03,0
23,2,1.81696899e-02,-1.02272828e-02,-9.57983520e-04,-1.49874142e-02,0
23,3,6.41762701e-03,4.50974857e-03,2.66631985e-03,-3.70659450e-03,0
23,4,2.06302793e-02,1.97376268e-02,5.63802577e-03,-2.06086799e-03,0
23,5,1.78571824e-02,1.64468133e-02,9.52648289e-04,-6.89012020e-03,0
23,6,9.22482357e-03,7.19529858e-03,-3.80296155e-03,4.34310161e-03,0
23,7,2.23389505e-02,1.75722311e-02,-2.30120554e-03,1.35996271e-02,0
23,8,3.03120490e-02,2.24254642e-02,7.41015350e-04,2.03806223e-02,0
23,9,1.25000134e-02,-1.09969479e-04,4.97002701e-03,1.14689613e-02,0
23,10,2.77542489e-02,2.86553937e-03,2.03939577e-03,2.75304900e-02,0
23,11,5.74012749e-03,4.62674269e-03,3.99364260e-04,-3.37384408e-03,0
23,12,1.57271521e-02,-1.38791372e-02,9.56745187e-04,-7.33467800e-03,0
23,13,3.22098584e-02,2.31244680e-02,-1.05849725e-02,-1.97659382e-02,0
23,14,3.33654206e-02,1.66503544e-02,-2.88284249e-03,-2.87698837e-02,0
23,15,1.38278661e-02,-1.09369099e-02,3.16960490e-03,-7.84522062e-03,0
23,16,1.68563676e-02,1.40732788e-02,9.26416287e-03,-5.05213026e-04,0
23,17,1.45328621e-02,-1.11005973e-02,2.98102764e-03,8.89349735e-03,0
23,18,3.29290869e-02,1.66331345e-02,-2.15047382e-03,2.83379438e-02,0
23,19,3.22127219e-02,2.35972509e-02,-1.07760260e-02,1.90972895e-02,0
23,20,1.56082716e-02,-1.37748766e-02,-2.07234280e-04,7.33675473e-03,0
23,21,5.69319702e-03,4.50518620e-03,2.30040554e-04,3.47316441e-03,0
23,22,2.79093649e-02,2.91397374e-03,2.54200489e-03,-2.76401812e-02,0
23,23,1.24420043e-02,-1.72702649e-04,4.94805764e-03,-1.14144807e-02,0
23,24,3.01696458e-02,2.22982445e-02,6.34087023e-04,-2.03124039e-02,0
23,25,2.23506839e-02,1.75878046e-02,-2.11089031e-03,-1.36296128e-02,0
23,26,9.22785754e-03,7.23231737e-03,-3.73202776e-03,-4.34958723e-03,0
23,27,1.78309803e-02,1.64089176e-02,8.42084005e-04,6.92691678e-03,0
23,28,2.05520286e-02,1.96991063e-02,5.47529100e-03,2.08621130e-03,0
23,29,6.38311271e-03,4.51264237e-03,2.59322746e-03,3.69531569e-03,0
23,30,1.81557696e-02,-1.02177696e-02,-9.32984056e-04,1.49786079e-02,0
23,31,2.31706450e-02,-2.29877937e-02,-1.45051111e-03,2.51717101e-03,0
24,0,2.57702812e-02,-2.57332354e-02,-1.38126646e-03,9.49802089e-06,0
24,1,7.66366183e-03,-6.08661338e-03,-9.59167280e-04,4.55684632e-03,0
24,2,4.34474771e-03,3.86493051e-03,-6.58547692e-04,-1.87228730e-03,0
24,3,5.82982175e-03,-2.26774194e-03,6.27133156e-04,-5.33393589e-03,0
24,4,1.21586065e-02,1.08193012e-02,5.06679284e-03,-2.25877061e-03,0
24,5,8.43898866e-03,6.95809859e-03,4.52025228e-03,1.53906234e-03,0
24,6,2.72021215e-02,-2.66643622e-02,-5.13309778e-03,1.61818118e-03,0
24,7,2.80819718e-02,-2.69436766e-02,-5.62110071e-03,5.57123489e-03,0
24,8,1.57319084e-02,1.54181236e-03,6.34244997e-03,1.43139472e-02,0
24,9,2.01735081e-02,-8.01227261e-03,3.17641773e-03,1.82396351e-02,0
24,10,2.56533324e-02,-1.73222040e-02,-9.40531523e-03,1.64187319e-02,0
24,11,1.35523857e-02,5.93058217e-04,-2.63355546e-03,1.32808067e-02,0
24,12,1.74800335e-02,1.66222470e-02,5.31726419e-03,-9.89532907e-04,0
24,13,2.23969203e-02,-2.18054755e-02,8.66726439e-04,5.03905365e-03,0
24,14,3.29499320e-02,-3.05304462e-02,-2.53689670e-03,-1.21307062e-02,0
24,15,1.48093868e-02,1.34933477e-02,-5.92779040e-03,1.45217294e-03,0
24,16,7.71699211e-02,5.97724925e-02,4.86987707e-02,-3.29781517e-03,0
24,17,1.39955853e-02,1.32082444e-02,-2.57921972e-03,-3.84269610e-03,0
24,18,3.26327059e-02,-3.03667172e-02,-2.67572137e-03,1.16445907e-02,0
24,19,2.23144258e-02,-2.16697022e-02,8.66394171e-04,-5.25423332e-03,0
24,20,1.74380463e-02,1.63296448e-02,6.01427078e-03,1.12103014e-03,0
24,21,1.34638189e-02,5.16322329e-04,-2.04192513e-03,-1.32980590e-02,0
24,22,2.56229110e-02,-1.71050775e-02,-9.58186522e-03,-1.64965981e-02,0
24,23,2.00769227e-02,-8.19430529e-03,2.91976739e-03,-1.80945059e-02,0
24,24,1.56261687e-02,1.35341244e-03,6.38014938e-03,-1.41999689e-02,0
24,25,2.79907474e-02,-2.68355953e-02,-5.66622911e-03,-5.58807778e-03,0
24,26,2.71467822e-02,-2.65903052e-02,-5.21788568e-03,-1.63619082e-03,0
24,27,8.27922596e-03,6.88072298e-03,4.35999685e-03,-1.48042601e-03,0
24,28,1.20429018e-02,1.07976534e-02,4.82401155e-03,2.27400033e-03,0
24,29,5.78623501e-03,-2.23178477e-03,6.12597131e-04,5.30324213e-03,0
24,30,4.31230731e-03,3.85340794e-03,-5.04182543e-04,1.86896804e-03,0
24,31,7.66489057e-03,-6.10623881e-03,-9.23492187e-04,-4.53999529e-03,0
25,0,2.09806285e-02,-2.09756045e-02,-4.58988896e-04,-1.09076471e-05,0
25,1,2.90192005e-03,-2.47014999e-03,-7.35779787e-04,1.33346432e-03,0
25,2,1.18518567e-02,9.14658017e-03,-9.36057730e-04,7.47866124e-03,0
25,3,6.23113062e-03,1.49354166e-03,6.22615966e-04,6.01736416e-03,0
25,4,6.15819695e-03,-5.37440555e-03,1.13441467e-03,-2.78428771e-03,0
25,5,1.71742889e-02,-1.70412339e-02,1.79303118e-03,-1.15654045e-03,0
25,6,3.51095221e-02,-3.50280570e-02,2.31726754e-03,-5.86547688e-04,0
25,7,4.50998905e-02,-4.37144953e-02,-7.87327528e-03,-7.81374188e-03,0
25,8,3.58038819e-02,-3.52817430e-02,-4.11110666e-03,4.49615086e-03,0
25,9,4.08777652e-02,-3.54452844e-02,1.50392485e-02,1.37275090e-02,0
25,10,2.22189830e-02,-1.49124880e-02,3.24955579e-03,1.61474857e-02,0
25,11,1.35517410e-02,-4.88635524e-04,-1.34808817e-02,1.29489357e-03,0
25,12,1.54767997e-02,-1.52580497e-02,-2.51126026e-03,-6.45616021e-04,0
25,13,2.80213028e-02,-2.09972411e-02,-5.02825001e-03,1.78612984e-02,0
25,14,4.08020365e-02,-3.86831306e-02,-2.22696615e-03,-1.27852343e-02,0
25,15,6.36908596e-02,-6.10937472e-02,7.01893949e-03,-1.65775191e-02,0
25,16,9.08299043e-03,-7.71150891e-03,-4.75015755e-03,-6.85090354e-04,0
25,17,6.36678238e-02,-6.10440336e-02,6.47159705e-03,1.68918969e-02,0
25,18,4.07645093e-02,-3.86022912e-02,-2.84652307e-03,1.27869321e-02,0
25,19,2.80637936e-02,-2.11555439e-02,-3.88034944e-03,-1.80267125e-02,0
25,20,1.55668358e-02,-1.53888543e-02,-2.24794924e-03,6.75473090e-04,0
25,21,1.37712217e-02,-2.49498754e-04,-1.36836224e-02,-1.53061292e-03,0
25,22,2.21923433e-02,-1.49791573e-02,3.00758397e-03,-1.60959432e-02,0
25,23,4.09778191e-02,-3.57277068e-02,1.48845529e-02,-1.34596698e-02,0
25,24,3.57704672e-02,-3.52285227e-02,-4.29717956e-03,-4.47345032e-03,0
25,25,4.49452443e-02,-4.35609104e-02,-7.92307430e-03,7.72961564e-03,0
25,26,3.51522343e-02,-3.50725762e-02,2.28141095e-03,6.23805395e-04,0
25,27,1.72220779e-02,-1.71108343e-02,1.52797397e-03,1.21844756e-03,0
25,28,6.08372099e-03,-5.32557892e-03,9.34031232e-04,2.78880906e-03,0
25,29,6.23513596e-03,1.51404455e-03,7.16232353e-04,-6.00596377e-03,0
25,30,1.18009669e-02,9.10940468e-03,-8.50972609e-04,-7.45368443e-03,0
25,31,2.93112581e-03,-2.47665183e-03,-8.19130503e-04,-1.33668225e-03,0
26,0,5.82624576e-03,-5.75843730e-03,-8.86306333e-04,-7.81181953e-07,0
26,1,8.73061974e-03,5.97498583e-03,-1.27968649e-03,-6.23583738e-03,0
26,2,9.51119132e-03,8.26311296e-03,-1.84961341e-03,-4.33158802e-03,0
26,3,1.50845803e-03,1.35635343e-03,-2.98866312e-04,-5.88582975e-04,0
26,4,6.32834051e-03,-3.27244799e-03,1.34521536e-03,-5.24684414e-03,0
26,5,3.19832591e-02,-3.06643044e-02,-3.36975446e-04,-9.08381769e-03,0
26,6,6.23086082e-02,-6.22909637e-02,1.26787529e-03,7.68753574e-04,0
26,7,7.60238489e-02,-7.38650306e-02,1.66693746e-03,-1.79110070e-02,0
26,8,7.01043450e-02,-6.93385247e-02,-4.88275850e-03,-9.10751616e-03,0
26,9,6.24412450e-02,-6.08801924e-02,7.34808439e-04,1.38553712e-02,0
26,10,3.95137630e-02,-3.62053951e-02,1.53664445e-02,3.79199325e-03,0
26,11,1.49964546e-02,-1.82134569e-03,4.25444354e-03,1.42645035e-02,0
26,12,1.40519931e-02,-7.69262480e-03,-9.95636111e-03,6.25722838e-03,0
26,13,4.22897305e-02,-3.67811731e-02,-1.55324839e-05,2.08702270e-02,0
26,14,4.58283540e-02,-3.31585621e-02,-2.07752749e-02,2.38565662e-02,0
26,15,3.24476754e-02,-3.18032747e-02,-4.62720035e-03,-4.47128301e-03,0
26,16,4.50620765e-02,-4.33494041e-02,-1.23047725e-02,-1.11695887e-04,0
26,17,3.24524813e-02,-3.17567997e-02,-5.05213623e-03,4.37551536e-03,0
26,18,4.57224337e-02,-3.31998702e-02,-1.98675764e-02,-2.43636813e-02,0
26,19,4.24233158e-02,-3.68674973e-02,3.47207169e-04,-2.09858242e-02,0
26,20,1.41222202e-02,-7.64134926e-03,-9.97166137e-03,-6.45080266e-03,0
26,21,1.50274032e-02,-1.87364744e-03,4.30373430e-03,-1.42755093e-02,0
26,22,3.96252146e-02,-3.64745576e-02,1.50971520e-02,-3.44097090e-03,0
26,23,6.24922578e-02,-6.09606288e-02,6.51540448e-04,-1.37353383e-02,0
26,24,6.99446029e-02,-6.91876936e-02,-4.92125767e-03,9.00509538e-03,0
26,25,7.59368552e-02,-7.37856570e-02,1.50000204e-03,1.78838693e-02,0
26,26,6.23662298e-02,-6.23528730e-02,1.07707128e-03,-7.11176188e-04,0
26,27,3.20364113e-02,-3.07067812e-02,-4.74375700e-04,9.12141464e-03,0
26,28,6.33398612e-03,-3.24393344e-03,1.32621050e-03,5.27611995e-03,0
26,29,1.53474015e-03,1.37025318e-03,-2.84342879e-04,6.30065608e-04,0
26,30,9.52683481e-03,8.26769422e-03,-1.88770173e-03,4.34078286e-03,0
26,31,8.75312092e-03,6.00472983e-03,-1.33433402e-03,6.22735082e-03,0
27,0,1.34573708e-02,1.29987915e-02,-3.48308539e-03,1.91131300e-05,0
27,1,2.48029407e-02,2.12902474e-02,-2.88181557e-03,-1.23938037e-02,0
27,2,2.22925064e-02,1.08229538e-02,-2.74157263e-04,-1.94870304e-02,0
27,3,1.24344235e-02,-6.72787176e-03,3.02115087e-04,-1.04527200e-02,0
27,4,1.91791106e-02,-1.91161143e-02,1.18685881e-04,-1.54866763e-03,0
27,5,5.71477667e-02,-5.68395098e-02,2.44904684e-03,5.39810422e-03,0
27,6,7.02528615e-02,-6.72419779e-02,1.11369849e-03,2.03160191e-02,0
27,7,7.43340436e-02,-7.41444255e-02,-1.79265029e-03,4.99405806e-03,0
27,8,1.03329629e-01,-1.02493772e-01,-1.68030088e-03,-1.30082850e-02,0
27,9,8.48122586e-02,-8.47383547e-02,-1.45175235e-03,3.22844699e-03,0
27,10,3.82964284e-02,-3.81985254e-02,-1.87581394e-05,2.73655467e-03,0
27,11,2.44227556e-02,-1.92116638e-02,1.41080003e-02,-5.32421743e-03,0
27,12,2.82784867e-02,-2.28013341e-02,4.88440270e-03,1.59973306e-02,0
27,13,3.20597902e-02,-2.94812864e-02,1.51521635e-03,1.25055194e-02,0
27,14,4.13268440e-02,-3.89799921e-02,5.61623318e-03,1.25270178e-02,0
27,15,4.23689262e-02,-4.03083287e-02,-1.22482683e-02,4.51048447e-03,0
27,16,4.96598749e-02,-4.95968186e-02,2.50093690e-03,-6.38911499e-05,0
27,17,4.23491077e-02,-4.03486720e-02,-1.19512151e-02,-4.75395013e-03,0
27,18,4.14923330e-02,-3.90628350e-02,6.06913059e-03,-1.26045336e-02,0
27,19,3.21100119e-02,-2.95678601e-02,1.52557289e-03,-1.24284811e-02,0
27,20,2.83588830e-02,-2.29022243e-02,5.09649153e-03,-1.59292229e-02,0
27,21,2.44703236e-02,-1.93930347e-02,1.38091870e-02,5.65802933e-03,0
27,22,3.83873420e-02,-3.82989382e-02,-4.24569840e-05,-2.60337384e-03,0
27,23,8.46919688e-02,-8.46155579e-02,-1.32516722e-03,-3.34378037e-03,0
27,24,1.03138576e-01,-1.02307748e-01,-2.00579435e-03,1.29099676e-02,0
27,25,7.43245072e-02,-7.41302910e-02,-2.00530195e-03,-4.98107404e-03,0
27,26,7.03329041e-02,-6.73508707e-02,1.08131837e-03,-2.02338420e-02,0
27,27,5.71867919e-02,-5.68819140e-02,2.44392270e-03,-5.36696059e-03,0
27,28,1.91363231e-02,-1.90721536e-02,9.61800291e-05,1.56287209e-03,0
27,29,1.24336922e-02,-6.68542203e-03,2.43513944e-04,1.04805789e-02,0
27,30,2.23048881e-02,1.08374596e-02,-3.09613285e-04,1.94926049e-02,0
27,31,2.48175765e-02,2.12954964e-02,-2.90247210e-03,1.24092542e-02,0
28,0,3.22384428e-02,3.18116643e-02,-5.22829826e-03,1.03186741e-05,0
28,1,3.72704115e-02,3.70518603e-02,-2.69201698e-03,-2.99937856e-03,0
28,2,1.18546421e-02,1.17225121e-02,1.26763064e-04,1.76044847e-03,0
28,3,2.15006482e-02,-2.14940851e-02,-4.69649100e-04,-2.48216370e-04,0
28,4,3.42284856e-02,-3.42196603e-02,4.77069765e-04,-6.13581255e-04,0
28,5,7.62500233e-02,-7.62415306e-02,7.21625938e-04,-8.79954805e-04,0
28,6,8.66293116e-02,-8.65161959e-02,4.02964836e-03,-1.82958973e-03,0
28,7,6.58362283e-02,-6.50468861e-02,5.74900140e-03,8.38215659e-03,0
28,8,9.15013444e-02,-9.12370920e-02,-6.38916568e-03,2.73269687e-03,0
28,9,9.91458177e-02,-9.79765121e-02,-1.90528486e-03,-1.50620758e-02,0
28,10,4.90275159e-02,-4.83895443e-02,-2.93941377e-03,-7.31499594e-03,0
28,11,2.77605643e-02,-2.69807543e-02,-4.99419810e-03,-4.21257776e-03,0
28,12,4.33951542e-02,-4.15946505e-02,1.17493445e-02,3.87006046e-03,0
28,13,4.18896838e-02,-3.95618907e-02,-8.12959769e-04,1.37455998e-02,0
28,14,3.12301836e-02,-2.81120576e-02,1.36020183e-02,-1.47258045e-04,0
28,15,3.88431894e-02,-3.86976646e-02,3.01548602e-03,-1.48018848e-03,0
28,16,4.58740648e-02,-4.43674678e-02,1.16599174e-02,6.27890979e-05,0
28,17,3.88805387e-02,-3.87256735e-02,3.12510926e-03,1.50073077e-03,0
28,18,3.12305040e-02,-2.81564940e-02,1.35072742e-02,3.31315364e-04,0
28,19,4.19158853e-02,-3.96105367e-02,-7.98405725e-04,-1.36861014e-02,0
28,20,4.33805618e-02,-4.16413517e-02,1.15753977e-02,-3.72573949e-03,0
28,21,2.78138679e-02,-2.70111515e-02,-5.11524340e-03,4.22412453e-03,0
28,22,4.88950092e-02,-4.82966386e-02,-2.68539138e-03,7.13759791e-03,0
28,23,9.89863760e-02,-9.78295488e-02,-2.17102074e-03,1.49321362e-02,0
28,24,9.14658026e-02,-9.11847160e-02,-6.61617419e-03,-2.75079140e-03,0
28,25,6.59300151e-02,-6.51501123e-02,5.82574374e-03,-8.26380500e-03,0
28,26,8.67099264e-02,-8.65972633e-02,3.98721377e-03,1.90459039e-03,0
28,27,7.62238596e-02,-7.62150902e-02,7.65942239e-04,8.66097435e-04,0
28,28,3.41945737e-02,-3.41846026e-02,5.64170582e-04,6.02932276e-04,0
28,29,2.14795677e-02,-2.14710759e-02,-5.35475272e-04,2.79275379e-04,0
28,30,1.18648127e-02,1.17399462e-02,2.30889818e-05,-1.71665719e-03,0
28,31,3.72757056e-02,3.70502587e-02,-2.75466873e-03,3.02793024e-03,0
29,0,2.42229649e-02,2.42203292e-02,-3.57266896e-04,6.79601792e-06,0
29,1,2.38603281e-02,2.38203890e-02,-1.04356282e-03,9.02939271e-04,0
29,2,1.50508211e-02,9.85082578e-03,-1.90975839e-03,1.12178996e-02,0
29,3,8.14450797e-03,-5.56740298e-03,-1.98483733e-03,5.60334318e-03,0
29,4,2.32726211e-02,-2.32596642e-02,-6.75892764e-04,-3.82206765e-04,0
29,5,6.26020056e-02,-6.25702528e-02,-1.82234286e-03,-8.08484097e-04,0
29,6,8.61742640e-02,-8.45360618e-02,-6.76797683e-04,-1.67092784e-02,0
29,7,8.33925728e-02,-8.22869766e-02,9.55538588e-03,-9.58484599e-03,0
29,8,8.02014884e-02,-7.94320467e-02,6.76368393e-03,8.77959488e-03,0
29,9,7.78937000e-02,-7.77780782e-02,-1.96502751e-03,-3.76001613e-03,0
29,10,5.38813676e-02,-5.11393594e-02,2.76787553e-03,-1.67423583e-02,0
29,11,3.66455636e-02,-3.62005838e-02,-5.68654764e-03,2.79708632e-04,0
29,12,4.63332408e-02,-4.55918325e-02,-2.01172748e-03,8.00668234e-03,0
29,13,3.60323589e-02,-3.45189425e-02,1.83477583e-03,1.01689278e-02,0
29,14,2.13205236e-02,-2.02366225e-02,-2.62335784e-03,6.17752623e-03,0
29,15,2.50104795e-02,-2.45365712e-02,4.71825797e-03,1.10399456e-03,0
29,16,3.62852044e-02,-3.61610572e-02,-2.99899941e-03,-1.91620832e-06,0
29,17,2.49918878e-02,-2.45271820e-02,4.66210711e-03,-1.12984617e-03,0
29,18,2.13334814e-02,-2.02339709e-02,-2.72522191e-03,-6.18684213e-03,0
29,19,3.60283430e-02,-3.44895453e-02,1.81107853e-03,-1.02583019e-02,0
29,20,4.63417353e-02,-4.55869942e-02,-2.11026388e-03,-8.05786471e-03,0
29,21,3.65718826e-02,-3.61573566e-02,-5.47045842e-03,-4.71425713e-04,0
29,22,5.38111582e-02,-5.10969051e-02,2.64924965e-03,1.66651885e-02,0
29,23,7.78976740e-02,-7.77755181e-02,-2.20541997e-03,3.76198351e-03,0
29,24,8.02490664e-02,-7.94941478e-02,6.74431567e-03,-8.66644812e-03,0
29,25,8.34641957e-02,-8.23614907e-02,9.42658848e-03,9.69516628e-03,0
29,26,8.61479997e-02,-8.45142835e-02,-6.45638302e-04,1.66852297e-02,0
29,27,6.25521746e-02,-6.25265904e-02,-1.61271843e-03,7.74069157e-04,0
29,28,2.32717722e-02,-2.32609390e-02,-6.00181675e-04,3.79314383e-04,0
29,29,8.13804061e-03,-5.57900559e-03,-2.00933976e-03,-5.57359447e-03,0
29,30,1.50271239e-02,9.86971190e-03,-1.95761319e-03,-1.11611376e-02,0
29,31,2.38913687e-02,2.38500145e-02,-1.10509237e-03,-8.67802316e-04,0
30,0,2.72095477e-02,2.69524496e-02,3.73152449e-03,2.58623317e-05,0
30,1,2.23396636e-02,2.22736568e-02,-1.70647039e-03,1.80945715e-04,0
30,2,7.52027144e-03,4.81717243e-03,-3.79269700e-03,-4.35485727e-03,0
30,3,1.11957168e-02,-8.62060605e-03,1.15336631e-03,-7.04974982e-03,0
30,4,2.24577752e-02,-2.17564269e-02,-1.49304790e-04,5.56662055e-03,0
30,5,4.77634669e-02,-4.65335351e-02,-4.18868410e-04,1.07612004e-02,0
30,6,5.95131803e-02,-5.94685638e-02,-8.63460174e-04,-2.13611233e-03,0
30,7,7.30700186e-02,-7.30451763e-02,-4.13460700e-04,-1.85980994e-03,0
30,8,7.58514167e-02,-7.53089971e-02,8.92293479e-03,1.54064916e-03,0
30,9,5.08016279e-02,-5.06051890e-02,4.10608131e-03,1.74938154e-03,0
30,10,3.54028818e-02,-3.48814342e-02,8.56298724e-04,-5.99302429e-03,0
30,11,3.47570162e-02,-3.45597376e-02,3.20396781e-03,-1.84643002e-03,0
30,12,4.17287232e-02,-4.06063612e-02,-4.84926729e-03,8.30026413e-03,0
30,13,2.52922791e-02,-2.50884296e-02,1.76279081e-03,2.67631311e-03,0
30,14,1.35455551e-02,-1.09157027e-02,-4.48610589e-03,6.64863515e-03,0
30,15,1.90481053e-02,-1.84183711e-02,-5.10964655e-04,4.83040757e-03,0
30,16,2.88460563e-02,-2.83847220e-02,-5.13813709e-03,-4.54680941e-05,0
30,17,1.90472449e-02,-1.84103328e-02,-5.71060654e-04,-4.85088396e-03,0
30,18,1.35786057e-02,-1.08966182e-02,-4.51073345e-03,-6.73019536e-03,0
30,19,2.52755287e-02,-2.50738463e-02,1.70463596e-03,-2.69235906e-03,0
30,20,4.17309863e-02,-4.06067323e-02,-4.78784905e-03,-8.34535872e-03,0
30,21,3.47592114e-02,-3.45618005e-02,3.20888998e-03,1.84058401e-03,0
30,22,3.54610377e-02,-3.49320433e-02,6.87216086e-04,6.06343794e-03,0
30,23,5.08379452e-02,-5.06455388e-02,4.08331768e-03,-1.68896036e-03,0
30,24,7.58845516e-02,-7.53588536e-02,8.79608779e-03,-1.46191627e-03,0
30,25,7.30462139e-02,-7.30205033e-02,-5.93193742e-04,1.84488178e-03,0
30,26,5.94534888e-02,-5.94125963e-02,-7.41663011e-04,2.07621723e-03,0
30,27,4.77508861e-02,-4.65237610e-02,-3.12758371e-04,-1.07512312e-02,0
30,28,2.24735584e-02,-2.17807939e-02,-1.75294526e-04,-5.53417701e-03,0
30,29,1.12441365e-02,-8.65689749e-03,1.28288169e-03,7.05995369e-03,0
30,30,7.47435323e-03,4.82873022e-03,-3.66713378e-03,4.37052061e-03,0
30,31,2.23845184e-02,2.23165785e-02,-1.73693693e-03,-1.41555191e-04,0
31,0,9.13512222e-03,9.13102532e-03,2.72363471e-04,2.55494959e-05,0
31,1,1.40232803e-02,1.40002939e-02,-7.87700778e-04,-1.53916249e-04,0
31,2,1.11670489e-02,1.08197037e-02,-1.87559779e-04,2.75713905e-03,0
31,3,9.29892591e-03,-8.99704836e-03,5.93681054e-05,-2.34938701e-03,0
31,4,2.37251522e-02,-2.34072390e-02,-1.09857963e-03,3.71175624e-03,0
31,5,2.36568924e-02,-2.27666715e-02,3.17825987e-03,5.58801312e-03,0
31,6,2.78117247e-02,-2.76135078e-02,3.07797343e-03,1.22975394e-03,0
31,7,3.82229783e-02,-3.76880536e-02,-1.88744208e-03,6.08639882e-03,0
31,8,4.05813347e-02,-4.01405901e-02,4.00775677e-04,-5.95122942e-03,0
31,9,2.95320218e-02,-2.83267280e-02,1.20569019e-03,-8.26335898e-03,0
31,10,1.31988950e-02,-1.31660028e-02,-8.94495034e-04,-2.58995291e-04,0
31,11,2.37187983e-02,-2.29230831e-02,-3.99100306e-04,6.07901091e-03,0
31,12,2.55884119e-02,-2.52859065e-02,2.21372086e-04,3.91672747e-03,0
31,13,1.52184749e-02,-1.51667862e-02,-6.87000367e-04,-1.04814423e-03,0
31,14,6.31861241e-03,-4.84593623e-03,1.03073043e-03,3.92165267e-03,0
31,15,1.28852687e-02,-9.92843065e-03,-1.81235267e-03,8.01072986e-03,0
31,16,1.58304203e-02,-1.58301641e-02,8.98450610e-05,6.23804039e-06,0
31,17,1.28612633e-02,-9.92980128e-03,-1.85497268e-03,-7.96054120e-03,0
31,18,6.28413766e-03,-4.83976504e-03,9.62793224e-04,-3.89102682e-03,0
31,19,1.52375821e-02,-1.51749336e-02,-7.83868879e-04,1.13615525e-03,0
31,20,2.55780970e-02,-2.52847714e-02,1.55391917e-04,-3.85943491e-03,0
31,21,2.37227943e-02,-2.29501789e-02,-5.74999739e-04,-5.97742695e-03,0
31,22,1.32263904e-02,-1.31896154e-02,-9.36016168e-04,3.08742650e-04,0
31,23,2.95447466e-02,-2.83382332e-02,1.14411201e-03,8.27813984e-03,0
31,24,4.05807454e-02,-4.01452659e-02,4.00012588e-04,5.91561634e-03,0
31,25,3.81875916e-02,-3.76412961e-02,-1.85609315e-03,-6.16278315e-03,0
31,26,2.78033644e-02,-2.76085550e-02,3.04384235e-03,-1.23684435e-03,0
31,27,2.36811131e-02,-2.28029319e-02,3.18858485e-03,-5.53663611e-03,0
31,28,2.37177396e-02,-2.34076873e-02,-1.10385137e-03,-3.65962585e-03,0
31,29,9.29975543e-03,-8.99406272e-03,1.24702879e-04,2.36151142e-03,0
31,30,1.11575585e-02,1.08099599e-02,-1.55746361e-05,-2.76326563e-03,0
31,31,1.40107545e-02,1.39934318e-02,-6.72450647e-04,1.81430206e-04,0
