x,y,density,Jx,Jy,Jz,state
0,0,0.00000000e+00,0.00000000e+00,0.00000000e+00,0.00000000e+00,0
0,1,3.10443660e-07,-1.24195781e-09,3.10441175e-07,0.00000000e+00,0
0,2,9.63533399e-07,-4.10355399e-09,9.63524661e-07,1.05879118e-22,0
0,3,2.54909113e-06,-1.24884488e-08,2.54906054e-06,0.00000000e+00,0
0,4,6.21904725e-06,-3.29592035e-08,6.21895991e-06,-4.10572196e-27,0
0,5,1.40997948e-05,-8.36223116e-08,1.40995468e-05,0.00000000e+00,0
0,6,2.97111288e-05,-1.89232454e-07,2.97105261e-05,3.38892009e-21,0
0,7,5.81500150e-05,-4.04410312e-07,5.81486087e-05,4.20425928e-24,0
0,8,1.05491314e-04,-7.80660017e-07,1.05488426e-04,-2.10212964e-23,0
0,9,1.76820049e-04,-1.40112856e-06,1.76814497e-04,-4.20425928e-24,0
0,10,2.72114462e-04,-2.27423636e-06,2.72104958e-04,-1.68170371e-23,0
0,11,3.80566409e-04,-3.35963779e-06,3.80551579e-04,5.43110108e-20,0
0,12,4.74838312e-04,-4.39254275e-06,4.74817995e-04,-6.72681486e-23,0
0,13,5.12250118e-04,-4.96387632e-06,5.12226067e-04,2.69072594e-22,0
0,14,4.48054168e-04,-4.50740933e-06,4.48031495e-04,-2.69072594e-21,0
0,15,2.65343321e-04,-2.75119510e-06,2.65329057e-04,0.00000000e+00,0
0,16,3.04420890e-21,0.00000000e+00,2.15258075e-21,-2.15258075e-21,0
0,17,2.65343321e-04,2.75119510e-06,-2.65329057e-04,2.14149709e-19,0
0,18,4.48054168e-04,4.50740933e-06,-4.48031495e-04,2.14418781e-19,0
0,19,5.12250118e-04,4.96387632e-06,-5.12226067e-04,2.01804446e-22,0
0,20,4.74838312e-04,4.39254275e-06,-4.74817995e-04,-3.36340743e-22,0
0,21,3.80566409e-04,3.35963779e-06,-3.80551579e-04,6.72681486e-23,0
0,22,2.72114462e-04,2.27423636e-06,-2.72104958e-04,5.42101086e-20,0
0,23,1.76820049e-04,1.40112856e-06,-1.76814497e-04,-2.71092586e-20,0
0,24,1.05491314e-04,7.80660017e-07,-1.05488426e-04,-1.07734144e-23,0
0,25,5.81500150e-05,4.04410312e-07,-5.81486087e-05,-5.51809031e-24,0
0,26,2.97111288e-05,1.89232454e-07,-2.97105261e-05,3.38731886e-21,0
0,27,1.40997948e-05,8.36223116e-08,-1.40995468e-05,-1.64228878e-25,0
0,28,6.21904725e-06,3.29592035e-08,-6.21895991e-06,4.23528406e-22,0
0,29,2.54909113e-06,1.24884488e-08,-2.54906054e-06,5.13215245e-28,0
0,30,9.63533399e-07,4.10355399e-09,-9.63524661e-07,0.00000000e+00,0
0,31,3.10443660e-07,1.24195781e-09,-3.10441175e-07,0.00000000e+00,0
1,0,1.35150690e-07,1.35144983e-07,-1.24195781e-09,0.00000000e+00,0
1,1,4.81826139e-07,2.31310574e-07,4.22672269e-07,8.01898820e-30,0
1,2,1.44633440e-06,6.27746130e-07,1.30300345e-06,0.00000000e+00,0
1,3,3.82697898e-06,1.71749898e-06,3.41993646e-06,-4.10572196e-27,0
1,4,9.39706331e-06,4.43289328e-06,8.28578638e-06,4.23515960e-22,0
1,5,2.15400304e-05,1.07325827e-05,1.86757752e-05,6.56915513e-25,0
1,6,4.61442096e-05,2.43737489e-05,3.91817361e-05,3.25173179e-24,0
1,7,9.24404695e-05,5.19594738e-05,7.64555655e-05,-6.83192134e-24,0
1,8,1.73297226e-04,1.04074501e-04,1.38565604e-04,-1.57659723e-23,0
1,9,3.04086040e-04,1.95985560e-04,2.32503720e-04,5.04511114e-23,0
1,10,4.99601675e-04,3.47182774e-04,3.59257505e-04,-5.45969005e-20,0
1,11,7.67664480e-04,5.77523425e-04,5.05742471e-04,2.16874069e-19,0
1,12,1.10207946e-03,8.99152174e-04,6.37263285e-04,-1.05864028e-19,0
1,13,1.47308569e-03,1.29872194e-03,6.95199806e-04,-2.15258075e-21,0
1,14,1.82776435e-03,1.72091828e-03,6.15761980e-04,4.33142724e-19,0
1,15,2.09056977e-03,2.05775976e-03,3.68926459e-04,8.61032302e-21,0
1,16,2.19234461e-03,2.19234289e-03,2.75119510e-06,-8.61032302e-21,0
1,17,2.09768650e-03,2.06578978e-03,-3.64419050e-04,4.33680869e-19,0
1,18,1.83931991e-03,1.73397087e-03,-6.13549299e-04,0.00000000e+00,0
1,19,1.48559009e-03,1.31282727e-03,-6.95314672e-04,-2.69072594e-22,0
1,20,1.11310695e-03,9.11512686e-04,-6.38867524e-04,2.17109507e-19,0
1,21,7.76092912e-04,5.86854018e-04,-5.07860777e-04,5.38145188e-22,0
1,22,5.05404697e-04,3.53492431e-04,-3.61216015e-04,6.72681486e-23,0
1,23,3.07721115e-04,1.99843814e-04,-2.33997296e-04,0.00000000e+00,0
1,24,1.75403914e-04,1.06249194e-04,-1.39562322e-04,-4.20425928e-24,0
1,25,9.35591839e-05,5.30761882e-05,-7.70469931e-05,6.76549016e-21,0
1,26,4.67007775e-05,2.49101026e-05,-3.95025241e-05,-1.21529370e-24,0
1,27,2.17920253e-05,1.09656882e-05,-1.88320485e-05,-1.39594547e-25,0
1,28,9.50526130e-06,4.52900390e-06,-8.35692025e-06,-4.67025873e-26,0
1,29,3.86864907e-06,1.75279166e-06,-3.44879211e-06,2.11764139e-22,0
1,30,1.46188790e-06,6.40205702e-07,-1.31424994e-06,0.00000000e+00,0
1,31,4.87138153e-07,2.34874386e-07,-4.26775823e-07,2.64697876e-23,0
2,0,3.18222455e-07,3.18202499e-07,-3.56381156e-09,1.60379764e-29,0
2,1,9.68810602e-07,5.41956651e-07,8.03042322e-07,2.00474705e-30,0
2,2,2.85245574e-06,1.46130410e-06,2.44971306e-06,-3.07929147e-27,0
2,3,7.49745976e-06,3.97944061e-06,6.35420769e-06,4.23540595e-22,0
2,4,1.83539842e-05,1.02368282e-05,1.52340436e-05,8.47279291e-22,0
2,5,4.20720338e-05,2.47246239e-05,3.40404024e-05,1.11675637e-24,0
2,6,9.04138257e-05,5.60583868e-05,7.09374172e-05,-2.36489585e-24,0
2,7,1.82390753e-04,1.19431740e-04,1.37849361e-04,-4.06754496e-20,0
2,8,3.45697877e-04,2.39268741e-04,2.49514512e-04,-1.26127779e-23,0
2,9,6.16559127e-04,4.51453236e-04,4.19922770e-04,-1.08756558e-19,0
2,10,1.03491402e-03,8.02370287e-04,6.53642823e-04,3.73413237e-37,0
2,11,1.63530409e-03,1.34336298e-03,9.32520979e-04,2.15258075e-21,0
2,12,2.42463925e-03,2.10912779e-03,1.19601651e-03,-5.38145188e-22,0
2,13,3.35982558e-03,3.08364927e-03,1.33399217e-03,-4.31528288e-19,0
2,14,4.30796199e-03,4.13539843e-03,1.20706932e-03,6.45774226e-21,0
2,15,5.05432773e-03,5.00034227e-03,7.36753668e-04,-6.45774226e-21,0
2,16,5.34515408e-03,5.34514805e-03,8.03002011e-06,2.79835498e-20,0
2,17,5.06992262e-03,5.01800480e-03,-7.23701073e-04,-8.61032302e-21,0
2,18,4.33294168e-03,4.16317151e-03,-1.20099401e-03,-2.15258075e-21,0
2,19,3.38700736e-03,3.11294664e-03,-1.33468425e-03,0.00000000e+00,0
2,20,2.44864635e-03,2.13400313e-03,-1.20079124e-03,5.38145188e-22,0
2,21,1.65392964e-03,1.36182457e-03,-9.38571834e-04,3.21090027e-19,0
2,22,1.04791991e-03,8.14679902e-04,-6.59115162e-04,2.17378580e-19,0
2,23,6.24886800e-04,4.58975545e-04,-4.24057734e-04,5.36046953e-20,0
2,24,3.50604246e-04,2.43495836e-04,-2.52256051e-04,2.69621095e-20,0
2,25,1.85073855e-04,1.21636809e-04,-1.39487700e-04,-2.10212964e-24,0
2,26,9.17620696e-05,5.71140756e-05,-7.18210261e-05,6.76259974e-21,0
2,27,4.27069179e-05,2.51985303e-05,-3.44806455e-05,-7.22607065e-25,0
2,28,1.86260705e-05,1.04301633e-05,-1.54318565e-05,-1.69406179e-21,0
2,29,7.60812773e-06,4.05432884e-06,-6.43785874e-06,-4.10572196e-26,0
2,30,2.89291985e-06,1.48708816e-06,-2.48144193e-06,-6.41519056e-29,0
2,31,9.83594914e-07,5.49923282e-07,-8.15501894e-07,2.00474705e-30,0
3,0,5.86025761e-07,5.85953407e-07,-9.20858822e-09,0.00000000e+00,0
3,1,1.85254866e-06,9.90095315e-07,1.56577387e-06,1.05878092e-22,0
3,2,5.43086329e-06,2.64991607e-06,4.74048740e-06,2.11790313e-22,0
3,3,1.41528835e-05,7.18156345e-06,1.21954605e-05,6.15858294e-27,0
3,4,3.43813540e-05,1.84195630e-05,2.90309697e-05,0.00000000e+00,0
3,5,7.83069684e-05,4.44080536e-05,6.44973339e-05,-1.35522644e-20,0
3,6,1.67507852e-04,1.00661094e-04,1.33888852e-04,-1.35714463e-20,0
3,7,3.36879243e-04,2.14618812e-04,2.59665919e-04,0.00000000e+00,0
3,8,6.38228680e-04,4.31142237e-04,4.70587100e-04,-1.62697594e-19,0
3,9,1.14028214e-03,8.16857159e-04,7.95605267e-04,0.00000000e+00,0
3,10,1.92488289e-03,1.46279003e-03,1.25116725e-03,8.07217783e-22,0
3,11,3.06684216e-03,2.47393709e-03,1.81249997e-03,-4.30516151e-21,0
3,12,4.60630391e-03,3.94528754e-03,2.37754957e-03,2.15258075e-21,0
3,13,6.47607498e-03,5.87649094e-03,2.72147045e-03,0.00000000e+00,0
3,14,8.44749681e-03,8.05896235e-03,2.53245499e-03,-3.44412921e-20,0
3,15,1.00418927e-02,9.91702533e-03,1.57867608e-03,9.62075291e-19,0
3,16,1.06915706e-02,1.06915511e-02,2.04137200e-05,-4.30516151e-21,0
3,17,1.00778104e-02,9.95845992e-03,-1.54639559e-03,0.00000000e+00,0
3,18,8.50403427e-03,8.12251287e-03,-2.51860745e-03,8.67361738e-19,0
3,19,6.53527722e-03,5.94028959e-03,-2.72448305e-03,-8.61032302e-21,0
3,20,4.65785695e-03,3.99794710e-03,-2.38998960e-03,-2.15258075e-20,0
3,21,3.10611667e-03,2.51184382e-03,-1.82718400e-03,1.07629038e-21,0
3,22,1.95220770e-03,1.48770108e-03,-1.26406504e-03,-4.84330670e-21,0
3,23,1.15779383e-03,8.31967266e-04,-8.05181362e-04,-1.08689290e-19,0
3,24,6.48629194e-04,4.39642141e-04,-4.76901059e-04,5.36383294e-20,0
3,25,3.42607990e-04,2.19055989e-04,-2.63428754e-04,-2.18621483e-22,0
3,26,1.70444377e-04,1.02817236e-04,-1.35940803e-04,-1.05106482e-24,0
3,27,7.96935040e-05,4.53730478e-05,-6.55159607e-05,-6.43777203e-24,0
3,28,3.49957598e-05,1.88251700e-05,-2.95011217e-05,-6.56915513e-25,0
3,29,1.44009080e-05,7.33674163e-06,-1.23918673e-05,-8.47104797e-22,0
3,30,5.52649394e-06,2.70604778e-06,-4.81865549e-06,-2.51475470e-26,0
3,31,1.88681112e-06,1.00693628e-06,-1.59566148e-06,1.05879118e-22,0
4,0,9.42648348e-07,9.42427479e-07,-2.04047718e-08,-1.05879118e-22,0
4,1,3.27450030e-06,1.58197175e-06,2.86700499e-06,7.95483629e-27,0
4,2,9.61176503e-06,4.20903964e-06,8.64118119e-06,-6.15858294e-27,0
4,3,2.48782547e-05,1.13781639e-05,2.21238546e-05,-1.69403305e-21,0
4,4,6.00192190e-05,2.91581727e-05,5.24605338e-05,-2.36489585e-24,0
4,5,1.35924830e-04,7.03851648e-05,1.16281933e-04,6.75944654e-21,0
4,6,2.89373170e-04,1.59951208e-04,2.41148176e-04,-1.26127779e-23,0
4,7,5.80308285e-04,3.42672211e-04,4.68330504e-04,-5.42101086e-20,0
4,8,1.09784541e-03,6.92662690e-04,8.51752858e-04,-1.08420217e-19,0
4,9,1.96511654e-03,1.32462294e-03,1.45157056e-03,1.07629038e-21,0
4,10,3.33102317e-03,2.39922398e-03,2.31072275e-03,4.33680869e-19,0
4,11,5.35582975e-03,4.12584065e-03,3.41501849e-03,-4.29375707e-19,0
4,12,8.14006688e-03,6.71668366e-03,4.59857036e-03,-3.44412921e-20,0
4,13,1.16443359e-02,1.02914277e-02,5.44766698e-03,-1.03323876e-19,0
4,14,1.54674823e-02,1.45501088e-02,5.24760371e-03,-8.61032302e-21,0
4,15,1.87255481e-02,1.84199263e-02,3.36934247e-03,1.85526800e-18,0
4,16,2.00736853e-02,2.00736243e-02,4.94646051e-05,8.61032302e-20,0
4,17,1.88095656e-02,1.85191152e-02,-3.29273935e-03,0.00000000e+00,0
4,18,1.55918997e-02,1.46924355e-02,-5.21916434e-03,0.00000000e+00,0
4,19,1.17711818e-02,1.04286773e-02,-5.45925002e-03,-1.03323876e-19,0
4,20,8.24569560e-03,6.82361053e-03,-4.62923701e-03,-4.30516151e-21,0
4,21,5.43510274e-03,4.20071389e-03,-3.44881786e-03,4.12155061e-19,0
4,22,3.38523773e-03,2.44723359e-03,-2.33899171e-03,2.15258075e-21,0
4,23,1.99970820e-03,1.35340510e-03,-1.47211667e-03,-5.38145188e-22,0
4,24,1.11846143e-03,7.08831061e-04,-8.65167328e-04,1.07882072e-19,0
4,25,5.91743668e-04,3.51122302e-04,-4.76312605e-04,-1.68170371e-23,0
4,26,2.95278699e-04,1.64064962e-04,-2.45503968e-04,-2.71975480e-20,0
4,27,1.38765897e-04,7.22508880e-05,-1.18472711e-04,-6.77678911e-21,0
4,28,6.12794335e-05,2.99386799e-05,-5.34681626e-05,-2.36489585e-24,0
4,29,2.54039813e-05,1.16852418e-05,-2.25569810e-05,-4.92686635e-26,0
4,30,9.81258281e-06,4.31841436e-06,-8.81124729e-06,-4.23647857e-22,0
4,31,3.35113416e-06,1.61628423e-06,-2.93559626e-06,-2.56607622e-27,0
5,0,1.33190760e-06,1.33119637e-06,-4.35210677e-08,-4.23520579e-22,0
5,1,5.31792839e-06,2.22000173e-06,4.83238603e-06,-4.23519553e-22,0
5,2,1.56855021e-05,5.89236159e-06,1.45366795e-05,-1.69406589e-21,0
5,3,4.04177297e-05,1.59333624e-05,3.71445936e-05,-2.23351275e-24,0
5,4,9.71011745e-05,4.09628347e-05,8.80379706e-05,5.25532411e-25,0
5,5,2.19120866e-04,9.93761829e-05,1.95290369e-04,-1.35609357e-20,0
5,6,4.65608647e-04,2.27623705e-04,4.06175899e-04,-2.71218713e-20,0
5,7,9.32928209e-04,4.92435881e-04,7.92377402e-04,0.00000000e+00,0
5,8,1.76837146e-03,1.00859877e-03,1.45253783e-03,-5.38145188e-22,0
5,9,3.17740446e-03,1.95833134e-03,2.50216655e-03,2.16840434e-19,0
5,10,5.43245449e-03,3.61797428e-03,4.05238496e-03,-4.50901515e-19,0
5,11,8.83728125e-03,6.36562130e-03,6.12995966e-03,-1.03323876e-19,0
5,12,1.36812592e-02,1.06860503e-02,8.54313661e-03,-7.74929071e-20,0
5,13,2.00005316e-02,1.69886858e-02,1.05548956e-02,-5.16619381e-20,0
5,14,2.72979739e-02,2.51301303e-02,1.06609536e-02,-1.72206460e-19,0
5,15,3.38316055e-02,3.30777327e-02,7.10219165e-03,3.71053600e-18,0
5,16,3.67156234e-02,3.67154286e-02,1.19602651e-04,1.37765168e-19,0
5,17,3.40269289e-02,3.33142682e-02,-6.92758448e-03,0.00000000e+00,0
5,18,2.75727929e-02,2.54500897e-02,-1.06090454e-02,5.13528784e-18,0
5,19,2.02606274e-02,1.72706355e-02,-1.05933080e-02,-1.72206460e-20,0
5,20,1.38921967e-02,1.08960550e-02,-8.61795300e-03,7.46817216e-19,0
5,21,8.98865332e-03,6.50474596e-03,-6.20356094e-03,8.61032302e-20,0
5,22,5.53451819e-03,3.70506368e-03,-4.11137382e-03,-4.30516151e-21,0
5,23,3.24173278e-03,2.00972944e-03,-2.54358389e-03,0.00000000e+00,0
5,24,1.80656488e-03,1.03715561e-03,-1.47918386e-03,-4.30516151e-21,0
5,25,9.54267922e-04,5.07393682e-04,-8.08194852e-04,-6.72681486e-23,0
5,26,4.76705251e-04,2.34901515e-04,-4.14812216e-04,2.71386884e-20,0
5,27,2.24499550e-04,1.02679224e-04,-1.99642243e-04,-4.06659900e-20,0
5,28,9.95311744e-05,4.23607365e-05,-9.00667680e-05,-6.77731464e-21,0
5,29,4.14305190e-05,1.64792493e-05,-3.80121329e-05,-3.38944562e-21,0
5,30,1.60858443e-05,6.09207407e-06,-1.48876130e-05,-2.13497542e-25,0
5,31,5.47012914e-06,2.28145248e-06,-4.97164836e-06,-6.62047666e-26,0
6,0,1.60716341e-06,1.60507754e-06,-8.18555252e-08,-8.72465916e-27,0
6,1,7.89162248e-06,2.66458115e-06,7.42817021e-06,-4.10572196e-27,0
6,2,2.34471293e-05,7.07406037e-06,2.23545419e-05,-6.56915513e-26,0
6,3,6.03388156e-05,1.92245040e-05,5.71943277e-05,1.05106482e-24,0
6,4,1.44737021e-04,4.97903950e-05,1.35903354e-04,-6.30638893e-24,0
6,5,3.26644239e-04,1.22156115e-04,3.02942804e-04,3.36340743e-23,0
6,6,6.94781208e-04,2.83727509e-04,6.34207874e-04,-2.01804446e-22,0
6,7,1.39700614e-03,6.25189356e-04,1.24930557e-03,0.00000000e+00,0
6,8,2.66136799e-03,1.30819948e-03,2.31764832e-03,-2.18993015e-19,0
6,9,4.82661427e-03,2.60862461e-03,4.06094607e-03,-1.72206460e-20,0
6,10,8.35385390e-03,4.96539829e-03,6.71801271e-03,-1.07629038e-19,0
6,11,1.38575742e-02,9.06295173e-03,1.04830945e-02,9.55937886e-35,0
6,12,2.19918822e-02,1.58727664e-02,1.52216349e-02,-3.78854213e-19,0
6,13,3.32720911e-02,2.66711538e-02,1.98917470e-02,3.44412921e-19,0
6,14,4.71784635e-02,4.20779605e-02,2.13366506e-02,-3.46944695e-18,0
6,15,6.07411994e-02,5.88714874e-02,1.49546408e-02,1.37765168e-19,0
6,16,6.70173525e-02,6.70167423e-02,2.86000095e-04,-2.47977303e-18,0
6,17,6.12175444e-02,5.94613328e-02,-1.45580783e-02,1.10212135e-18,0
6,18,4.77731312e-02,4.27804338e-02,-2.12627971e-02,0.00000000e+00,0
6,19,3.38041502e-02,2.72431461e-02,-2.00132847e-02,4.82178089e-19,0
6,20,2.23925407e-02,1.62608721e-02,-1.53951265e-02,6.88825841e-20,0
6,21,1.41379165e-02,9.30994860e-03,-1.06398092e-02,1.72206460e-20,0
6,22,8.53521264e-03,5.11333416e-03,-6.83400823e-03,8.61032302e-20,0
6,23,4.93937972e-03,2.69400578e-03,-4.14002474e-03,-2.15258075e-20,0
6,24,2.72796688e-03,1.35526101e-03,-2.36750309e-03,4.31528288e-19,0
6,25,1.43407883e-03,6.49499240e-04,-1.27856670e-03,1.01424330e-19,0
6,26,7.14251482e-04,2.95586162e-04,-6.50218425e-04,0.00000000e+00,0
6,27,3.36140945e-04,1.27519977e-04,-3.11013489e-04,0.00000000e+00,0
6,28,1.49053669e-04,5.20558125e-05,-1.39668138e-04,0.00000000e+00,0
6,29,6.21707499e-05,2.01182959e-05,-5.88256434e-05,-3.38865732e-21,0
6,30,2.41689765e-05,7.39752076e-06,-2.30090441e-05,-1.29740814e-24,0
6,31,8.17862345e-06,2.76661709e-06,-7.69647396e-06,-2.01180376e-25,0
7,0,1.55257365e-06,1.54573546e-06,-1.45557004e-07,-6.15858294e-27,0
7,1,1.06109351e-05,2.54435508e-06,1.03013689e-05,-8.47049370e-22,0
7,2,3.18296647e-05,6.79182380e-06,3.10966024e-05,2.62766205e-25,0
7,3,8.20074106e-05,1.86399446e-05,7.98609282e-05,1.35514761e-20,0
7,4,1.97161175e-04,4.90219109e-05,1.90969582e-04,1.68170371e-23,0
7,5,4.46389295e-04,1.22585360e-04,4.29227483e-04,-2.69072594e-22,0
7,6,9.54932930e-04,2.91951436e-04,9.09209139e-04,-5.42773768e-20,0
7,7,1.93394628e-03,6.62726616e-04,1.81684937e-03,-4.39062321e-19,0
7,8,3.72502432e-03,1.43871302e-03,3.43597308e-03,-4.34757159e-19,0
7,9,6.84772653e-03,2.99225282e-03,6.15936536e-03,-1.33978906e-18,0
7,10,1.20938019e-02,5.98907724e-03,1.05067121e-02,-9.47135532e-20,0
7,11,2.05904714e-02,1.15627408e-02,1.70373278e-02,-3.78854213e-19,0
7,12,3.39725614e-02,2.16850735e-02,2.61513387e-02,7.57708425e-19,0
7,13,5.40444570e-02,3.96169047e-02,3.67600896e-02,-1.37765168e-19,0
7,14,8.12957939e-02,6.90790574e-02,4.28612871e-02,1.65318202e-18,0
7,15,1.09532694e-01,1.04741525e-01,3.20409734e-02,1.65318202e-18,0
7,16,1.23329314e-01,1.23327273e-01,7.09448046e-04,2.24894845e-19,0
7,17,1.10738957e-01,1.06263485e-01,-3.11638929e-02,-1.92871236e-18,0
7,18,8.26100447e-02,7.06416851e-02,-4.28272321e-02,1.65318202e-18,0
7,19,5.50945835e-02,4.07191359e-02,-3.71128698e-02,4.13295505e-19,0
7,20,3.47250210e-02,2.23799797e-02,-2.65511505e-02,8.26591009e-19,0
7,21,2.10801786e-02,1.19713533e-02,-1.73510988e-02,-2.06647752e-19,0
7,22,1.24028729e-02,6.22542646e-03,-1.07273166e-02,-1.71750283e-18,0
7,23,7.03370338e-03,3.12443623e-03,-6.30165705e-03,-1.29154845e-20,0
7,24,3.83346508e-03,1.50965576e-03,-3.52369040e-03,-3.22887113e-20,0
7,25,1.99445529e-03,6.99224343e-04,-1.86786970e-03,-5.38145188e-22,0
7,26,9.86570394e-04,3.09423440e-04,-9.36791480e-04,1.06536709e-19,0
7,27,4.61985563e-04,1.30494117e-04,-4.43172592e-04,0.00000000e+00,0
7,28,2.04288064e-04,5.23433325e-05,-1.97468449e-04,8.40851857e-24,0
7,29,8.50419712e-05,1.99433642e-05,-8.26704246e-05,-6.77731464e-21,0
7,30,3.30484295e-05,7.26820169e-06,-3.22392918e-05,-1.69419728e-21,0
7,31,1.10957319e-05,2.69250798e-06,-1.07640916e-05,-8.47098639e-22,0
8,0,9.58342106e-07,9.30330973e-07,-2.30008420e-07,-1.64228878e-26,0
8,1,1.27625508e-05,1.49862388e-06,1.26742585e-05,6.56915513e-26,0
8,2,3.86627647e-05,4.04929227e-06,3.84501314e-05,-1.05106482e-24,0
8,3,1.00079799e-04,1.14346804e-05,9.94244148e-05,-4.20425928e-24,0
8,4,2.41864809e-04,3.11633359e-05,2.39848769e-04,-5.04511114e-23,0
8,5,5.51934808e-04,8.15808382e-05,5.45872329e-04,0.00000000e+00,0
8,6,1.19209151e-03,2.04905578e-04,1.17434913e-03,-2.42165335e-21,0
8,7,2.44673887e-03,4.95371888e-04,2.39606716e-03,-2.17378580e-19,0
8,8,4.78839873e-03,1.15435322e-03,4.64717452e-03,-4.40138611e-19,0
8,9,8.99619904e-03,2.60325417e-03,8.61131029e-03,-8.61032302e-20,0
8,10,1.63140811e-02,5.69306480e-03,1.52885007e-02,-5.16619381e-20,0
8,11,2.88574881e-02,1.21412448e-02,2.61790907e-02,2.21690156e-18,0
8,12,5.02093785e-02,2.54859573e-02,4.32602320e-02,-9.64356178e-19,0
8,13,8.58821797e-02,5.36084288e-02,6.70960890e-02,2.20424269e-18,0
8,14,1.37943552e-01,1.08150144e-01,8.56269219e-02,1.21456877e-18,0
8,15,1.93158626e-01,1.80796704e-01,6.79912240e-02,-2.85657435e-18,0
8,16,2.21556531e-01,2.21549154e-01,1.80796037e-03,6.06166740e-18,0
8,17,1.96416753e-01,1.84984625e-01,-6.60320339e-02,9.59292629e-18,0
8,18,1.40851164e-01,1.11569389e-01,-8.59727974e-02,2.75530336e-19,0
8,19,8.79509434e-02,5.56754326e-02,-6.80853483e-02,9.14313660e-18,0
8,20,5.15442459e-02,2.66380732e-02,-4.41273424e-02,-5.51060673e-19,0
8,21,2.96861883e-02,1.27801377e-02,-2.67943624e-02,6.88825841e-20,0
8,22,1.68041496e-02,6.04053190e-03,-1.56809253e-02,1.32142797e-18,0
8,23,9.28490560e-03,2.79004644e-03,-8.85579544e-03,-6.02722611e-20,0
8,24,4.95363394e-03,1.25234674e-03,-4.79271498e-03,-1.07629038e-20,0
8,25,2.53780691e-03,5.44076567e-04,-2.47879902e-03,-1.18391941e-20,0
8,26,1.24011858e-03,2.28162813e-04,-1.21894865e-03,0.00000000e+00,0
8,27,5.75475006e-04,9.18757222e-05,-5.68093597e-04,2.01804446e-22,0
8,28,2.52721895e-04,3.54804587e-05,-2.50218891e-04,1.35861612e-20,0
8,29,1.04725714e-04,1.31188528e-05,-1.03900774e-04,1.35567314e-20,0
8,30,4.05286638e-05,4.65972217e-06,-4.02599004e-05,-7.88298616e-25,0
8,31,1.35249949e-05,1.69042300e-06,-1.34189402e-05,0.00000000e+00,0
9,0,4.54910114e-07,-3.05178737e-07,-3.37356118e-07,0.00000000e+00,0
9,1,1.34336330e-05,-5.97689816e-07,1.34203302e-05,-1.11675637e-24,0
9,2,4.10603310e-05,-1.50720926e-06,4.10326590e-05,-5.51809031e-24,0
9,3,1.07035630e-04,-3.60297693e-06,1.06974972e-04,6.73316992e-21,0
9,4,2.61222980e-04,-7.48437376e-06,2.61115740e-04,-8.40851857e-24,0
9,5,6.03097467e-04,-1.24123192e-05,6.02969725e-04,-2.69072594e-22,0
9,6,1.32304295e-03,-1.06370041e-05,1.32300019e-03,0.00000000e+00,0
9,7,2.76644943e-03,2.90396611e-05,2.76629701e-03,2.10382692e-19,0
9,8,5.54769120e-03,2.06265173e-04,5.54385537e-03,-4.25070546e-19,0
9,9,1.07281300e-02,8.02447682e-04,1.06980769e-02,-1.72206460e-20,0
9,10,2.02061866e-02,2.54948379e-03,2.00447027e-02,-1.87248864e-18,0
9,11,3.75129413e-02,7.28340448e-03,3.67990867e-02,0.00000000e+00,0
9,12,6.99472381e-02,2.02742981e-02,6.69445215e-02,5.51060673e-19,0
9,13,1.27978070e-01,5.87930075e-02,1.13673957e-01,0.00000000e+00,0
9,14,2.18929362e-01,1.60040871e-01,1.49388705e-01,5.51060673e-18,0
9,15,3.35484655e-01,3.14088067e-01,1.17892492e-01,-3.26165828e-19,0
9,16,3.88545100e-01,3.88514235e-01,4.89736857e-03,2.20424269e-17,0
9,17,3.45197802e-01,3.25971522e-01,-1.13596167e-01,1.10212135e-18,0
9,18,2.25858249e-01,1.67532389e-01,-1.51475566e-01,9.91909211e-18,0
9,19,1.31971803e-01,6.23882474e-02,-1.16293866e-01,-1.10212135e-18,0
9,20,7.22216274e-02,2.20525368e-02,-6.87724442e-02,0.00000000e+00,0
9,21,3.87896968e-02,8.17944179e-03,-3.79175066e-02,-2.28578415e-18,0
9,22,2.09346865e-02,3.00833985e-03,-2.07174079e-02,1.40753120e-18,0
9,23,1.11382074e-02,1.03685305e-03,-1.10898422e-02,-2.06647752e-19,0
9,24,5.77870152e-03,3.23127770e-04,-5.76966027e-03,-8.61032302e-21,0
9,25,2.89333959e-03,8.62545670e-05,-2.89205362e-03,4.33680869e-19,0
9,26,1.38908024e-03,1.56281947e-05,-1.38899232e-03,0.00000000e+00,0
9,27,6.35855439e-04,-7.92057352e-07,-6.35854946e-04,1.68170371e-22,0
9,28,2.76238692e-04,-2.71808819e-06,-2.76225319e-04,2.10212964e-22,0
9,29,1.13504637e-04,-1.74897732e-06,-1.13491161e-04,-6.75103802e-21,0
9,30,4.36757557e-05,-8.37693576e-07,-4.36677216e-05,1.83936344e-24,0
9,31,1.44987136e-05,-3.89427566e-07,-1.44934828e-05,1.69288345e-21,0
10,0,2.00459791e-06,-1.95610112e-06,-4.38270670e-07,-1.47805990e-25,0
10,1,1.19591900e-05,-3.37790031e-06,1.14722280e-05,-1.97074654e-25,0
10,2,3.65631299e-05,-8.97359926e-06,3.54448443e-05,1.69301483e-21,0
10,3,9.65032612e-05,-2.40933774e-05,9.34472503e-05,-1.35693442e-20,0
10,4,2.39062312e-04,-6.14131270e-05,2.31039427e-04,-1.68170371e-22,0
10,5,5.62401064e-04,-1.47479780e-04,5.42719698e-04,-3.02706669e-22,0
10,6,1.26070916e-03,-3.33489510e-04,1.21580111e-03,-1.12725379e-19,0
10,7,2.70765414e-03,-7.09776151e-04,2.61296933e-03,1.02247586e-20,0
10,8,5.60261874e-03,-1.41655273e-03,5.42058255e-03,4.35833450e-19,0
10,9,1.12674372e-02,-2.63693724e-03,1.09545289e-02,-1.73472348e-18,0
10,10,2.22138573e-02,-4.49707581e-03,2.17538908e-02,-1.80360606e-18,0
10,11,4.37226338e-02,-6.54554131e-03,4.32299039e-02,0.00000000e+00,0
10,12,8.59641093e-02,-2.27242426e-03,8.59340687e-02,0.00000000e+00,0
10,13,1.58479301e-01,5.12965460e-02,1.49947835e-01,-2.53040852e-18,0
10,14,3.22342413e-01,2.71562156e-01,1.73662392e-01,5.51060673e-18,0
10,15,6.00998251e-01,5.93328871e-01,9.57065788e-02,2.36337970e-17,0
10,16,7.94325975e-01,7.94264606e-01,9.87366642e-03,1.08187698e-05,0
10,17,6.38274394e-01,6.32419265e-01,-8.62558706e-02,3.15117293e-17,0
10,18,3.41369265e-01,2.88619071e-01,-1.82296482e-01,3.63252987e-18,0
10,19,1.66641085e-01,5.68323123e-02,-1.56650373e-01,6.61272808e-18,0
10,20,8.95004002e-02,5.76502562e-05,-8.95003817e-02,5.51060673e-19,0
10,21,4.54964169e-02,-5.48512819e-03,-4.51645582e-02,-1.37765168e-19,0
10,22,2.31559945e-02,-3.99970226e-03,-2.28079473e-02,1.42475185e-18,0
10,23,1.17881778e-02,-2.40130843e-03,-1.15410075e-02,7.29596570e-19,0
10,24,5.88932865e-03,-1.30328143e-03,-5.74331345e-03,0.00000000e+00,0
10,25,2.86279378e-03,-6.57364687e-04,-2.78629860e-03,0.00000000e+00,0
10,26,1.34216750e-03,-3.09499497e-04,-1.30599528e-03,1.08958362e-19,0
10,27,6.02289600e-04,-1.37262630e-04,-5.86439879e-04,3.36340743e-22,0
10,28,2.57608510e-04,-5.72088868e-05,-2.51175810e-04,-1.34684420e-20,0
10,29,1.04469319e-04,-2.24873488e-05,-1.02020380e-04,1.36282038e-20,0
10,30,3.97959753e-05,-8.39537785e-06,-3.89003506e-05,-3.39864244e-21,0
10,31,1.32773135e-05,-3.19798298e-06,-1.28864254e-05,2.26635852e-24,0
11,0,3.56277704e-06,-3.52502602e-06,-5.17273446e-07,1.27277381e-25,0
11,1,8.78379419e-06,-6.01321733e-06,6.40283201e-06,-4.23631434e-22,0
11,2,2.59038361e-05,-1.60692515e-05,2.03171819e-05,-4.20425928e-24,0
11,3,6.99425336e-05,-4.37931882e-05,5.45354441e-05,3.42281693e-21,0
11,4,1.78718756e-04,-1.13890401e-04,1.37729337e-04,-6.77626358e-21,0
11,5,4.34317787e-04,-2.81321056e-04,3.30893342e-04,-6.05413337e-22,0
11,6,1.00802086e-03,-6.61389261e-04,7.60703818e-04,1.10169189e-19,0
11,7,2.24434712e-03,-1.48452618e-03,1.68323380e-03,1.06267636e-19,0
11,8,4.82923186e-03,-3.20015670e-03,3.61669427e-03,-2.10382692e-19,0
11,9,1.01151551e-02,-6.65501592e-03,7.61755386e-03,7.98479154e-19,0
11,10,2.08670424e-02,-1.34589737e-02,1.59464568e-02,-9.53464968e-19,0
11,11,4.24324777e-02,-2.57810932e-02,3.37023797e-02,0.00000000e+00,0
11,12,7.83549789e-02,-3.30286648e-02,7.10535715e-02,0.00000000e+00,0
11,13,1.37718096e-01,6.29362829e-02,1.22496115e-01,3.30636404e-18,0
11,14,4.69699340e-01,4.57147189e-01,1.07860641e-01,6.44964516e-18,0
11,15,7.87544434e-01,7.86368795e-01,4.30149820e-02,-2.54986657e-04,0
11,16,6.99493735e-01,6.99464232e-01,6.42435688e-03,3.02947248e-05,1
11,17,9.40455342e-01,9.40440209e-01,-5.32149910e-03,3.79746473e-04,0
11,18,5.09788142e-01,4.89173883e-01,-1.43502131e-01,6.61272808e-18,0
11,19,1.54822889e-01,6.64386962e-02,-1.39842863e-01,5.51060673e-19,0
11,20,8.34073986e-02,-3.11883360e-02,-7.73568474e-02,2.20424269e-18,0
11,21,4.43711600e-02,-2.50064138e-02,-3.66535006e-02,0.00000000e+00,0
11,22,2.18364502e-02,-1.31354214e-02,-1.74439463e-02,-1.03323876e-19,0
11,23,1.06227965e-02,-6.51108929e-03,-8.39342137e-03,0.00000000e+00,0
11,24,5.10311161e-03,-3.13613687e-03,-4.02571653e-03,2.16840434e-19,0
11,25,2.39166349e-03,-1.45486041e-03,-1.89827169e-03,2.15258075e-21,0
11,26,1.08422701e-03,-6.48519782e-04,-8.68890268e-04,1.09900117e-19,0
11,27,4.72396098e-04,-2.75747119e-04,-3.83564336e-04,-2.64996410e-20,0
11,28,1.96309007e-04,-1.11674131e-04,-1.61450037e-04,2.35438520e-22,0
11,29,7.76331206e-05,-4.29383596e-05,-6.46776522e-05,-8.40851857e-24,0
11,30,2.90319512e-05,-1.57654675e-05,-2.43783557e-05,1.69800739e-21,0
11,31,9.99502659e-06,-5.91864186e-06,-8.05420605e-06,-1.47805990e-25,0
12,0,4.48988988e-06,-4.45815950e-06,-5.32846146e-07,-1.05882839e-22,0
12,1,7.61012203e-06,-7.53424043e-06,-1.07199746e-06,1.05726693e-22,0
12,2,2.02975114e-05,-2.01627417e-05,-2.33512661e-06,2.16185232e-22,0
12,3,5.52962688e-05,-5.51230111e-05,-4.37389890e-06,3.38241662e-21,0
12,4,1.44256408e-04,-1.44110414e-04,-6.48844091e-06,3.48535528e-21,0
12,5,3.58433437e-04,-3.58401574e-04,-4.77916229e-06,5.01177634e-21,0
12,6,8.50059875e-04,-8.49966548e-04,1.25959827e-05,3.01736624e-20,0
12,7,1.93339460e-03,-1.93197018e-03,7.42018929e-05,4.21834770e-20,0
12,8,4.23791699e-03,-4.23053117e-03,2.50092812e-04,1.49690117e-19,0
12,9,9.03513154e-03,-9.00830655e-03,6.95711876e-04,-1.85232424e-19,0
12,10,1.88671894e-02,-1.87832350e-02,1.77789760e-03,6.46216142e-19,0
12,11,3.77001967e-02,-3.74440377e-02,4.38735376e-03,-5.48266563e-20,0
12,12,5.19823703e-02,-5.09233129e-02,1.04394934e-02,1.51821096e-19,0
12,13,7.80430926e-02,7.42691098e-02,2.39754798e-02,1.15061857e-18,0
12,14,5.38603422e-01,5.32170518e-01,8.29950961e-02,2.96227904e-18,0
12,15,6.46011648e-01,6.18914201e-01,1.85138473e-01,-8.51196466e-05,0
12,16,1.82021120e-01,1.81475699e-01,-1.40803911e-02,-3.28807201e-05,-1
12,17,5.65818339e-01,5.64502026e-01,-3.85726396e-02,8.51196466e-05,-1
12,18,6.18519528e-01,6.03532908e-01,-1.35330832e-01,3.27999926e-05,0
12,19,9.36058113e-02,7.11166273e-02,-6.08643840e-02,1.32915446e-18,0
12,20,5.45590851e-02,-5.19295908e-02,-1.67335402e-02,2.75530336e-19,0
12,21,3.86182869e-02,-3.78143563e-02,-7.83878455e-03,-1.13516558e-19,0
12,22,1.92395811e-02,-1.89254099e-02,-3.46270693e-03,-9.98098942e-20,0
12,23,9.19901176e-03,-9.06889782e-03,-1.54172295e-03,3.44412921e-20,0
12,24,4.31061768e-03,-4.25550697e-03,-6.87084577e-04,-1.07343927e-19,0
12,25,1.96600144e-03,-1.94318065e-03,-2.98681508e-04,2.80468084e-20,0
12,26,8.64033213e-04,-8.54666224e-04,-1.26881986e-04,-4.96002357e-21,0
12,27,3.63827564e-04,-3.60431559e-04,-4.95942291e-05,7.12942136e-21,0
12,28,1.46074716e-04,-1.44915403e-04,-1.83670507e-05,1.77447235e-21,0
12,29,5.57720556e-05,-5.54361716e-05,-6.11171584e-06,-1.25307547e-21,0
12,30,2.03597452e-05,-2.02727020e-05,-1.88063291e-06,-1.57603384e-22,0
12,31,7.59619780e-06,-7.56868058e-06,-6.45983883e-07,1.39472326e-23,0
13,0,4.44170198e-06,-4.41538090e-06,-4.82833288e-07,4.23520579e-22,0
13,1,1.18802492e-05,-7.39038323e-06,-9.30175019e-06,2.36489585e-24,0
13,2,3.36410824e-05,-1.96972808e-05,-2.72715888e-05,3.38865732e-21,0
13,3,8.77787817e-05,-5.37313414e-05,-6.94122285e-05,1.01938252e-20,0
13,4,2.16787212e-04,-1.39964814e-04,-1.65549226e-04,1.35230973e-20,0
13,5,5.10446827e-04,-3.46350788e-04,-3.74962791e-04,-6.72681486e-23,0
13,6,1.15156265e-03,-8.15688290e-04,-8.12864784e-04,-2.42165335e-21,0
13,7,2.49860703e-03,-1.83360442e-03,-1.69733083e-03,9.92717490e-20,0
13,8,5.25690657e-03,-3.95802264e-03,-3.45964210e-03,-4.30516151e-20,0
13,9,1.07705956e-02,-8.24071749e-03,-6.93514992e-03,9.23328838e-19,0
13,10,2.17279022e-02,-1.67079140e-02,-1.38905486e-02,2.75530336e-19,0
13,11,4.30205150e-02,-3.23431473e-02,-2.83669796e-02,2.75530336e-19,0
13,12,7.44372369e-02,-4.64054397e-02,-5.82016959e-02,5.51060673e-19,0
13,13,9.99848537e-02,3.54143988e-02,-9.35028948e-02,9.39038432e-19,0
13,14,4.01980696e-01,4.00191385e-01,-3.78858219e-02,-6.77581099e-18,0
13,15,6.75429888e-01,6.65657186e-01,1.14481522e-01,-1.60429708e-04,0
13,16,5.92024794e-01,5.91990117e-01,6.40755919e-03,-3.02947248e-05,-1
13,17,6.71594887e-01,6.65763281e-01,-8.83116281e-02,3.56698912e-05,0
13,18,3.62314639e-01,3.62222879e-01,8.15373718e-03,-7.71484942e-18,0
13,19,9.15026766e-02,2.93162261e-02,8.66792865e-02,2.75530336e-19,0
13,20,7.36828705e-02,-4.93882492e-02,5.46805838e-02,-1.37765168e-18,0
13,21,4.26700388e-02,-3.36168979e-02,2.62799616e-02,0.00000000e+00,0
13,22,2.14328202e-02,-1.72628212e-02,1.27027865e-02,-6.60713986e-19,0
13,23,1.05571149e-02,-8.48872515e-03,6.27648159e-03,-4.16460223e-19,0
13,24,5.11759238e-03,-4.07182364e-03,3.10000064e-03,-9.68661339e-21,0
13,25,2.41121457e-03,-1.88580007e-03,1.50256906e-03,-3.22887113e-21,0
13,26,1.10154898e-03,-8.38937266e-04,7.13858822e-04,1.08554754e-19,0
13,27,4.83104887e-04,-3.56360363e-04,3.26186485e-04,2.73741269e-20,0
13,28,2.03346228e-04,-1.44029235e-04,1.43545350e-04,4.20425928e-23,0
13,29,8.15663128e-05,-5.52924613e-05,5.99650490e-05,3.42702119e-21,0
13,30,3.10182475e-05,-2.02581392e-05,2.34891353e-05,-5.25532411e-25,0
13,31,1.08363674e-05,-7.56333509e-06,7.76033640e-06,9.85373270e-26,0
14,0,3.46538485e-06,-3.44664595e-06,-3.59894282e-07,3.12034869e-25,0
14,1,1.73109715e-05,-5.67624665e-06,-1.63538973e-05,6.56915513e-26,0
14,2,5.09436690e-05,-1.50298430e-05,-4.86760848e-05,1.31383103e-23,0
14,3,1.31125484e-04,-4.07235301e-05,-1.24641432e-04,-6.93702782e-23,0
14,4,3.17070343e-04,-1.05204916e-04,-2.99107887e-04,5.42269257e-20,0
14,5,7.27491259e-04,-2.57215263e-04,-6.80502638e-04,6.72681486e-23,0
14,6,1.59020503e-03,-5.95093982e-04,-1.47465765e-03,0.00000000e+00,0
14,7,3.33414494e-03,-1.30502327e-03,-3.06813246e-03,-2.15258075e-20,0
14,8,6.72710194e-03,-2.71016641e-03,-6.15702026e-03,3.87464536e-20,0
14,9,1.31854794e-02,-5.34355916e-03,-1.20541795e-02,-1.20544522e-19,0
14,10,2.52198939e-02,-9.94927164e-03,-2.31744481e-02,1.80360606e-18,0
14,11,4.78055244e-02,-1.72546083e-02,-4.45830311e-02,-2.64285594e-18,0
14,12,8.89628357e-02,-2.27116941e-02,-8.60149121e-02,-2.78062111e-18,0
14,13,1.46155925e-01,1.30080933e-02,-1.45575905e-01,0.00000000e+00,0
14,14,2.57177795e-01,2.01967146e-01,-1.59215861e-01,-6.52331656e-19,0
14,15,4.68205200e-01,4.63984193e-01,-6.27278090e-02,-9.46930242e-18,0
14,16,6.06903289e-01,6.06900825e-01,-1.72924535e-03,-1.07380423e-05,0
14,17,4.35571059e-01,4.30505339e-01,6.62367059e-02,-2.48990013e-17,0
14,18,2.50875414e-01,1.93568822e-01,1.59591931e-01,-8.81697077e-18,0
14,19,1.43944303e-01,8.83847427e-03,1.43672697e-01,-1.10212135e-18,0
14,20,8.81699564e-02,-2.50207036e-02,8.45452873e-02,3.33168178e-18,0
14,21,4.73177555e-02,-1.84807934e-02,4.35595025e-02,-3.88274246e-18,0
14,22,2.48787012e-02,-1.05833530e-02,2.25153817e-02,-3.40056437e-18,0
14,23,1.29542974e-02,-5.66641186e-03,1.16492746e-02,-7.20986247e-19,0
14,24,6.57672726e-03,-2.87335563e-03,5.91584050e-03,2.79835498e-20,0
14,25,3.24406313e-03,-1.38361389e-03,2.93420487e-03,-4.30516151e-21,0
14,26,1.53834054e-03,-6.31920438e-04,1.40255772e-03,-1.07629038e-21,0
14,27,7.00782600e-04,-2.73251441e-04,6.45313801e-04,5.42101086e-20,0
14,28,3.04028537e-04,-1.11864113e-04,2.82700851e-04,2.71386884e-20,0
14,29,1.25373012e-04,-4.32973705e-05,1.17659380e-04,8.40851857e-24,0
14,30,4.85460168e-05,-1.59571742e-05,4.58484933e-05,2.62766205e-25,0
14,31,1.63259536e-05,-5.96613851e-06,1.51967744e-05,-1.05106482e-24,0
15,0,1.86925038e-06,-1.85926615e-06,-1.92941426e-07,-1.64228878e-25,0
15,1,2.10928527e-05,-2.95421933e-06,-2.08849473e-05,1.69639794e-21,0
15,2,6.27956350e-05,-7.72333747e-06,-6.23188722e-05,-6.78519763e-21,0
15,3,1.60935666e-04,-2.07889807e-05,-1.59587302e-04,2.10212964e-23,0
15,4,3.85730711e-04,-5.32248723e-05,-3.82040959e-04,-1.34536297e-22,0
15,5,8.74345678e-04,-1.28497585e-04,-8.64851857e-04,5.44791812e-20,0
15,6,1.88347905e-03,-2.92215871e-04,-1.86067279e-03,1.08420217e-19,0
15,7,3.86294921e-03,-6.22862760e-04,-3.81240325e-03,4.30516151e-21,0
15,8,7.60046702e-03,-1.24274925e-03,-7.49817799e-03,7.55427539e-19,0
15,9,1.43569971e-02,-2.28338713e-03,-1.41742551e-02,9.53464968e-19,0
15,10,2.62674648e-02,-3.79936418e-03,-2.59912397e-02,-6.88825841e-20,0
15,11,4.67520002e-02,-5.29871294e-03,-4.64507606e-02,-2.09179527e-18,0
15,12,8.17698188e-02,-3.99781617e-03,-8.16720315e-02,-1.67849976e-18,0
15,13,1.34502637e-01,1.33699895e-02,-1.33836478e-01,6.06166740e-18,0
15,14,1.87749967e-01,7.86764970e-02,-1.70470111e-01,1.10212135e-18,0
15,15,2.25995666e-01,1.85640474e-01,-1.28886211e-01,-1.32254562e-17,0
15,16,2.20885346e-01,2.20880606e-01,1.44702101e-03,-2.04905159e-17,0
15,17,2.25107911e-01,1.83554978e-01,1.30311710e-01,-1.76339415e-17,0
15,18,1.85919981e-01,7.51676001e-02,1.70047262e-01,-6.93889390e-18,0
15,19,1.33548437e-01,1.09084242e-02,1.33102183e-01,1.10212135e-18,0
15,20,8.12877200e-02,-5.60350521e-03,8.10943534e-02,-5.51060673e-19,0
15,21,4.64664559e-02,-6.29065356e-03,4.60386708e-02,-6.66336357e-18,0
15,22,2.60775351e-02,-4.38152472e-03,2.57068099e-02,6.88825841e-20,0
15,23,1.42290695e-02,-2.61626133e-03,1.39864790e-02,3.44412921e-20,0
15,24,7.51812006e-03,-1.42000486e-03,7.38279862e-03,-1.26660131e-18,0
15,25,3.81158232e-03,-7.14557205e-04,3.74400425e-03,-4.41214902e-19,0
15,26,1.85482423e-03,-3.35543883e-04,1.82422127e-03,1.34536297e-21,0
15,27,8.59103117e-04,-1.48092106e-04,8.46242810e-04,-8.07217783e-22,0
15,28,3.78506755e-04,-6.13640470e-05,3.73499421e-04,5.42437427e-20,0
15,29,1.57705255e-04,-2.39764664e-05,1.55871988e-04,6.30638893e-24,0
15,30,6.14652719e-05,-8.88046037e-06,6.08203673e-05,7.35745375e-24,0
15,31,2.05399927e-05,-3.31411361e-06,2.02708646e-05,6.56915513e-26,0
16,0,1.69396737e-21,-7.39029952e-26,-1.97074654e-25,1.69396736e-21,0
16,1,2.22188064e-05,1.92941426e-07,-2.22179687e-05,-1.69570818e-21,0
16,2,6.65136810e-05,6.14082670e-07,-6.65108462e-05,-3.38419030e-21,0
16,3,1.70151374e-04,1.69144636e-06,-1.70142967e-04,-7.56766671e-23,0
16,4,4.06839527e-04,4.32939658e-06,-4.06816491e-04,2.85889631e-22,0
16,5,9.19550576e-04,1.02329844e-05,-9.19493637e-04,1.34536297e-22,0
16,6,1.96915643e-03,2.29384439e-05,-1.96902282e-03,8.07217783e-22,0
16,7,4.01893700e-03,4.66845045e-05,-4.01866584e-03,-2.15258075e-21,0
16,8,7.81807819e-03,9.13374525e-05,-7.81754463e-03,1.72206460e-20,0
16,9,1.46116932e-02,1.62063878e-04,-1.46107944e-02,-6.88825841e-20,0
16,10,2.62068270e-02,2.79113622e-04,-2.62053406e-02,2.06647752e-19,0
16,11,4.54576770e-02,4.46493621e-04,-4.54554842e-02,1.17100393e-18,0
16,12,7.61695454e-02,6.91203491e-04,-7.61664091e-02,-5.83677256e-18,0
16,13,1.19631161e-01,1.02417170e-03,-1.19626777e-01,1.10212135e-18,0
16,14,1.53377242e-01,1.42549807e-03,-1.53370617e-01,-2.20424269e-18,0
16,15,1.20078795e-01,1.44702101e-03,-1.20070076e-01,-2.74294098e-17,0
16,16,2.39412731e-17,-1.16735451e-17,1.87360629e-17,-9.26676046e-18,0
16,17,1.20078795e-01,-1.44702101e-03,1.20070076e-01,-1.13473793e-17,0
16,18,1.53377242e-01,-1.42549807e-03,1.53370617e-01,8.04101525e-18,0
16,19,1.19631161e-01,-1.02417170e-03,1.19626777e-01,2.75530336e-19,0
16,20,7.61695454e-02,-6.91203491e-04,7.61664091e-02,8.31654559e-18,0
16,21,4.54576770e-02,-4.46493621e-04,4.54554842e-02,3.44412921e-19,0
16,22,2.62068270e-02,-2.79113622e-04,2.62053406e-02,-1.52807572e-18,0
16,23,1.46116932e-02,-1.62063878e-04,1.46107944e-02,-3.44412921e-20,0
16,24,7.81807819e-03,-9.13374525e-05,7.81754463e-03,4.30516151e-21,0
16,25,4.01893700e-03,-4.66845045e-05,4.01866584e-03,3.87464536e-20,0
16,26,1.96915643e-03,-2.29384439e-05,1.96902282e-03,-4.30516151e-21,0
16,27,9.19550576e-04,-1.02329844e-05,9.19493637e-04,1.09698312e-19,0
16,28,4.06839527e-04,-4.32939658e-06,4.06816491e-04,2.69072594e-22,0
16,29,1.70151374e-04,-1.69144636e-06,1.70142967e-04,4.20425928e-24,0
16,30,6.65136810e-05,-6.14082670e-07,6.65108462e-05,0.00000000e+00,0
16,31,2.22188064e-05,-1.92941426e-07,2.22179687e-05,-2.29920430e-25,0
17,0,1.86925038e-06,1.85926615e-06,1.92941426e-07,-2.95611981e-25,0
17,1,2.05399927e-05,3.31411361e-06,-2.02708646e-05,-1.69202946e-21,0
17,2,6.14652719e-05,8.88046037e-06,-6.08203673e-05,-2.62766205e-24,0
17,3,1.57705255e-04,2.39764664e-05,-1.55871988e-04,6.30638893e-24,0
17,4,3.78506755e-04,6.13640470e-05,-3.73499421e-04,8.12142607e-20,0
17,5,8.59103117e-04,1.48092106e-04,-8.46242810e-04,4.03608891e-22,0
17,6,1.85482423e-03,3.35543883e-04,-1.82422127e-03,0.00000000e+00,0
17,7,3.81158232e-03,7.14557205e-04,-3.74400425e-03,0.00000000e+00,0
17,8,7.51812006e-03,1.42000486e-03,-7.38279862e-03,3.44412921e-20,0
17,9,1.42290695e-02,2.61626133e-03,-1.39864790e-02,-1.63596137e-19,0
17,10,2.60775351e-02,4.38152472e-03,-2.57068099e-02,2.06647752e-19,0
17,11,4.64664559e-02,6.29065356e-03,-4.60386708e-02,-3.33168178e-18,0
17,12,8.12877200e-02,5.60350521e-03,-8.10943534e-02,4.57156830e-18,0
17,13,1.33548437e-01,-1.09084242e-02,-1.33102183e-01,0.00000000e+00,0
17,14,1.85919981e-01,-7.51676001e-02,-1.70047262e-01,0.00000000e+00,0
17,15,2.25107911e-01,-1.83554978e-01,-1.30311710e-01,-1.57558647e-17,0
17,16,2.20885346e-01,-2.20880606e-01,-1.44702101e-03,-1.82862732e-17,0
17,17,2.25995666e-01,-1.85640474e-01,1.28886211e-01,0.00000000e+00,0
17,18,1.87749967e-01,-7.86764970e-02,1.70470111e-01,-4.40848538e-18,0
17,19,1.34502637e-01,-1.33699895e-02,1.33836478e-01,2.20424269e-18,0
17,20,8.17698188e-02,3.99781617e-03,8.16720315e-02,-2.91838628e-18,0
17,21,4.67520002e-02,5.29871294e-03,4.64507606e-02,2.75530336e-19,0
17,22,2.62674648e-02,3.79936418e-03,2.59912397e-02,-6.88825841e-20,0
17,23,1.43569971e-02,2.28338713e-03,1.41742551e-02,-5.16619381e-20,0
17,24,7.60046702e-03,1.24274925e-03,7.49817799e-03,-9.19023676e-19,0
17,25,3.86294921e-03,6.22862760e-04,3.81240325e-03,4.29375707e-19,0
17,26,1.88347905e-03,2.92215871e-04,1.86067279e-03,1.07629038e-21,0
17,27,8.74345678e-04,1.28497585e-04,8.64851857e-04,4.03608891e-22,0
17,28,3.85730711e-04,5.32248723e-05,3.82040959e-04,0.00000000e+00,0
17,29,1.60935666e-04,2.07889807e-05,1.59587302e-04,1.35567314e-20,0
17,30,6.27956350e-05,7.72333747e-06,6.23188722e-05,0.00000000e+00,0
17,31,2.10928527e-05,2.95421933e-06,2.08849473e-05,0.00000000e+00,0
18,0,3.46538485e-06,3.44664595e-06,3.59894282e-07,-8.46835873e-22,0
18,1,1.63259536e-05,5.96613851e-06,-1.51967744e-05,-1.24813948e-24,0
18,2,4.85460168e-05,1.59571742e-05,-4.58484933e-05,1.83936344e-24,0
18,3,1.25373012e-04,4.32973705e-05,-1.17659380e-04,-3.36340743e-23,0
18,4,3.04028537e-04,1.11864113e-04,-2.82700851e-04,-1.76578890e-22,0
18,5,7.00782600e-04,2.73251441e-04,-6.45313801e-04,5.40419383e-20,0
18,6,1.53834054e-03,6.31920438e-04,-1.40255772e-03,-5.38145188e-22,0
18,7,3.24406313e-03,1.38361389e-03,-2.93420487e-03,-2.23298177e-19,0
18,8,6.57672726e-03,2.87335563e-03,-5.91584050e-03,-3.44412921e-20,0
18,9,1.29542974e-02,5.66641186e-03,-1.16492746e-02,1.80816783e-19,0
18,10,2.48787012e-02,1.05833530e-02,-2.25153817e-02,-2.01025381e-18,0
18,11,4.73177555e-02,1.84807934e-02,-4.35595025e-02,4.13295505e-19,0
18,12,8.81699564e-02,2.50207036e-02,-8.45452873e-02,0.00000000e+00,0
18,13,1.43944303e-01,-8.83847427e-03,-1.43672697e-01,0.00000000e+00,0
18,14,2.50875414e-01,-1.93568822e-01,-1.59591931e-01,0.00000000e+00,0
18,15,4.35571059e-01,-4.30505339e-01,-6.62367059e-02,-1.64081963e-17,0
18,16,6.06903289e-01,-6.06900825e-01,1.72926608e-03,-1.05833692e-05,0
18,17,4.68205200e-01,-4.63984193e-01,6.27278090e-02,-2.52251671e-17,0
18,18,2.57177795e-01,-2.01967146e-01,1.59215861e-01,-6.16293839e-18,0
18,19,1.46155925e-01,-1.30080933e-02,1.45575905e-01,-4.40848538e-18,0
18,20,8.89628357e-02,2.27116941e-02,8.60149121e-02,-3.46944695e-18,0
18,21,4.78055244e-02,1.72546083e-02,4.45830311e-02,-1.37765168e-19,0
18,22,2.52198939e-02,9.94927164e-03,2.31744481e-02,-1.73472348e-18,0
18,23,1.31854794e-02,5.34355916e-03,1.20541795e-02,-8.61032302e-20,0
18,24,6.72710194e-03,2.71016641e-03,6.15702026e-03,-4.30516151e-21,0
18,25,3.33414494e-03,1.30502327e-03,3.06813246e-03,-1.72206460e-20,0
18,26,1.59020503e-03,5.95093982e-04,1.47465765e-03,5.38145188e-22,0
18,27,7.27491259e-04,2.57215263e-04,6.80502638e-04,1.68170371e-22,0
18,28,3.17070343e-04,1.05204916e-04,2.99107887e-04,1.34536297e-22,0
18,29,1.31125484e-04,4.07235301e-05,1.24641432e-04,0.00000000e+00,0
18,30,5.09436690e-05,1.50298430e-05,4.86760848e-05,-1.05106482e-24,0
18,31,1.73109715e-05,5.67624665e-06,1.63538973e-05,-3.28457757e-26,0
19,0,4.44170198e-06,4.41538090e-06,4.82833288e-07,7.39029952e-26,0
19,1,1.08363674e-05,7.56333509e-06,-7.76033640e-06,-8.47082216e-22,0
19,2,3.10182475e-05,2.02581392e-05,-2.34891353e-05,-1.05106482e-24,0
19,3,8.15663128e-05,5.52924613e-05,-5.99650490e-05,-3.57362039e-23,0
19,4,2.03346228e-04,1.44029235e-04,-1.43545350e-04,-1.76578890e-22,0
19,5,4.83104887e-04,3.56360363e-04,-3.26186485e-04,-4.03608891e-22,0
19,6,1.10154898e-03,8.38937266e-04,-7.13858822e-04,-5.48827901e-20,0
19,7,2.41121457e-03,1.88580007e-03,-1.50256906e-03,0.00000000e+00,0
19,8,5.11759238e-03,4.07182364e-03,-3.10000064e-03,0.00000000e+00,0
19,9,1.05571149e-02,8.48872515e-03,-6.27648159e-03,-3.01361306e-20,0
19,10,2.14328202e-02,1.72628212e-02,-1.27027865e-02,1.03956820e-18,0
19,11,4.26700388e-02,3.36168979e-02,-2.62799616e-02,1.66584089e-18,0
19,12,7.36828705e-02,4.93882492e-02,-5.46805838e-02,0.00000000e+00,0
19,13,9.15026766e-02,-2.93162261e-02,-8.66792865e-02,5.51060673e-19,0
19,14,3.62314639e-01,-3.62222879e-01,-8.15373718e-03,8.04101525e-18,0
19,15,6.71594910e-01,-6.65763302e-01,8.83116475e-02,3.57207986e-05,0
19,16,5.92024793e-01,-5.91990117e-01,-6.40753229e-03,-3.01419704e-05,-1
19,17,6.75429867e-01,-6.65657165e-01,-1.14481522e-01,-1.60329723e-04,0
19,18,4.01980696e-01,-4.00191385e-01,3.78858219e-02,-7.71484942e-18,0
19,19,9.99848537e-02,-3.54143988e-02,9.35028948e-02,4.95954606e-18,0
19,20,7.44372369e-02,4.64054397e-02,5.82016959e-02,-2.28578415e-18,0
19,21,4.30205150e-02,3.23431473e-02,2.83669796e-02,3.44412921e-20,0
19,22,2.17279022e-02,1.67079140e-02,1.38905486e-02,-1.37765168e-19,0
19,23,1.07705956e-02,8.24071749e-03,6.93514992e-03,0.00000000e+00,0
19,24,5.25690657e-03,3.95802264e-03,3.45964210e-03,-2.34061081e-19,0
19,25,2.49860703e-03,1.83360442e-03,1.69733083e-03,3.22887113e-21,0
19,26,1.15156265e-03,8.15688290e-04,8.12864784e-04,1.34536297e-22,0
19,27,5.10446827e-04,3.46350788e-04,3.74962791e-04,-5.36719634e-20,0
19,28,2.16787212e-04,1.39964814e-04,1.65549226e-04,3.36340743e-23,0
19,29,8.77787817e-05,5.37313414e-05,6.94122285e-05,-3.39023392e-21,0
19,30,3.36410824e-05,1.96972808e-05,2.72715888e-05,-1.31383103e-25,0
19,31,1.18802492e-05,7.39038323e-06,9.30175019e-06,-3.61303532e-25,0
20,0,4.48988988e-06,4.45815950e-06,5.32846146e-07,-1.05906640e-22,0
20,1,7.59619780e-06,7.56868058e-06,6.45983883e-07,7.27200438e-23,0
20,2,2.03597452e-05,2.02727020e-05,1.88063291e-06,-4.23795663e-22,0
20,3,5.57720556e-05,5.54361716e-05,6.11171584e-06,6.26209276e-22,0
20,4,1.46074716e-04,1.44915403e-04,1.83670507e-05,3.14323369e-21,0
20,5,3.63827564e-04,3.60431559e-04,4.95942291e-05,1.30858544e-20,0
20,6,8.64033213e-04,8.54666224e-04,1.26881986e-04,1.20726279e-20,0
20,7,1.96600144e-03,1.94318065e-03,2.98681508e-04,-6.45774226e-21,0
20,8,4.31061768e-03,4.25550697e-03,6.87084577e-04,1.01155257e-19,0
20,9,9.19901176e-03,9.06889782e-03,1.54172295e-03,2.47546787e-20,0
20,10,1.92395811e-02,1.89254099e-02,3.46270693e-03,6.03164527e-19,0
20,11,3.86182869e-02,3.78143563e-02,7.83878455e-03,1.99619788e-19,0
20,12,5.45590851e-02,5.19295908e-02,1.67335402e-02,2.78834760e-18,0
20,13,9.36058113e-02,-7.11166273e-02,6.08643840e-02,2.30616951e-18,0
20,14,6.18519547e-01,-6.03532928e-01,1.35330832e-01,3.27176828e-05,0
20,15,5.65818366e-01,-5.64502053e-01,3.85726396e-02,8.50388456e-05,-1
20,16,1.82021086e-01,-1.81475665e-01,1.40803911e-02,-3.28013038e-05,-1
20,17,6.46011622e-01,-6.18914174e-01,-1.85138473e-01,-8.50388456e-05,0
20,18,5.38603422e-01,-5.32170518e-01,-8.29950961e-02,7.18170792e-18,0
20,19,7.80430926e-02,-7.42691098e-02,-2.39754798e-02,-1.14289207e-18,0
20,20,5.19823703e-02,5.09233129e-02,-1.04394934e-02,2.09002761e-18,0
20,21,3.77001967e-02,3.74440377e-02,-4.38735376e-03,-2.41089044e-19,0
20,22,1.88671894e-02,1.87832350e-02,-1.77789760e-03,5.31908404e-19,0
20,23,9.03513154e-03,9.00830655e-03,-6.95711876e-04,5.58245442e-20,0
20,24,4.23791699e-03,4.23053117e-03,-2.50092812e-04,2.17839656e-20,0
20,25,1.93339460e-03,1.93197018e-03,-7.42018929e-05,4.68895188e-20,0
20,26,8.50059875e-04,8.49966548e-04,-1.25959827e-05,6.09987903e-21,0
20,27,3.58433437e-04,3.58401574e-04,4.77916229e-06,-3.37026369e-21,0
20,28,1.44256408e-04,1.44110414e-04,6.48844091e-06,-1.76573538e-21,0
20,29,5.52962688e-05,5.51230111e-05,4.37389890e-06,-1.26263359e-21,0
20,30,2.02975114e-05,2.01627417e-05,2.33512661e-06,-2.79702308e-24,0
20,31,7.61012203e-06,7.53424043e-06,1.07199746e-06,-2.64729744e-22,0
21,0,3.56277704e-06,3.52502602e-06,5.17273446e-07,-7.39029952e-26,0
21,1,9.99502659e-06,5.91864186e-06,8.05420605e-06,4.23302976e-22,0
21,2,2.90319512e-05,1.57654675e-05,2.43783557e-05,-5.78085652e-24,0
21,3,7.76331206e-05,4.29383596e-05,6.46776522e-05,-3.46065526e-21,0
21,4,1.96309007e-04,1.11674131e-04,1.61450037e-04,-2.52255557e-23,0
21,5,4.72396098e-04,2.75747119e-04,3.83564336e-04,-1.47989927e-21,0
21,6,1.08422701e-03,6.48519782e-04,8.68890268e-04,-2.69072594e-21,0
21,7,2.39166349e-03,1.45486041e-03,1.89827169e-03,-1.61443557e-21,0
21,8,5.10311161e-03,3.13613687e-03,4.02571653e-03,-4.37986031e-19,0
21,9,1.06227965e-02,6.51108929e-03,8.39342137e-03,-9.36244322e-19,0
21,10,2.18364502e-02,1.31354214e-02,1.74439463e-02,-8.61032302e-20,0
21,11,4.43711600e-02,2.50064138e-02,3.66535006e-02,-2.75530336e-19,0
21,12,8.34073986e-02,3.11883360e-02,7.73568474e-02,1.65318202e-18,0
21,13,1.54822889e-01,-6.64386962e-02,1.39842863e-01,4.57156830e-18,0
21,14,5.09788142e-01,-4.89173883e-01,1.43502131e-01,3.46944695e-18,0
21,15,9.40455373e-01,-9.40440241e-01,5.32147968e-03,3.79534346e-04,0
21,16,6.99493736e-01,-6.99464232e-01,-6.42438378e-03,3.01419704e-05,1
21,17,7.87544403e-01,-7.86368764e-01,-4.30149820e-02,-2.54925423e-04,0
21,18,4.69699340e-01,-4.57147189e-01,-1.07860641e-01,1.06950476e-17,0
21,19,1.37718096e-01,-6.29362829e-02,-1.22496115e-01,6.77581099e-18,0
21,20,7.83549789e-02,3.30286648e-02,-7.10535715e-02,1.37765168e-19,0
21,21,4.24324777e-02,2.57810932e-02,-3.37023797e-02,7.57708425e-19,0
21,22,2.08670424e-02,1.34589737e-02,-1.59464568e-02,9.01803030e-19,0
21,23,1.01151551e-02,6.65501592e-03,-7.61755386e-03,1.00512691e-18,0
21,24,4.82923186e-03,3.20015670e-03,-3.61669427e-03,-2.16840434e-19,0
21,25,2.24434712e-03,1.48452618e-03,-1.68323380e-03,5.38145188e-21,0
21,26,1.00802086e-03,6.61389261e-04,-7.60703818e-04,6.72681486e-22,0
21,27,4.34317787e-04,2.81321056e-04,-3.30893342e-04,4.70877040e-22,0
21,28,1.78718756e-04,1.13890401e-04,-1.37729337e-04,-4.20425928e-24,0
21,29,6.99425336e-05,4.37931882e-05,-5.45354441e-05,-5.15021762e-23,0
21,30,2.59038361e-05,1.60692515e-05,-2.03171819e-05,-1.68999302e-21,0
21,31,8.78379419e-06,6.01321733e-06,-6.40283201e-06,-4.24074852e-22,0
22,0,2.00459791e-06,1.95610112e-06,4.38270670e-07,-1.47805990e-25,0
22,1,1.32773135e-05,3.19798298e-06,1.28864254e-05,8.45751962e-22,0
22,2,3.97959753e-05,8.39537785e-06,3.89003506e-05,3.38786902e-21,0
22,3,1.04469319e-04,2.24873488e-05,1.02020380e-04,-1.26127779e-23,0
22,4,2.57608510e-04,5.72088868e-05,2.51175810e-04,-1.00902223e-22,0
22,5,6.02289600e-04,1.37262630e-04,5.86439879e-04,-5.38145188e-22,0
22,6,1.34216750e-03,3.09499497e-04,1.30599528e-03,-1.09631044e-19,0
22,7,2.86279378e-03,6.57364687e-04,2.78629860e-03,-2.15258075e-21,0
22,8,5.88932865e-03,1.30328143e-03,5.74331345e-03,3.44412921e-20,0
22,9,1.17881778e-02,2.40130843e-03,1.15410075e-02,-8.58751415e-19,0
22,10,2.31559945e-02,3.99970226e-03,2.28079473e-02,-2.41089044e-19,0
22,11,4.54964169e-02,5.48512819e-03,4.51645582e-02,2.13536011e-18,0
22,12,8.95004002e-02,-5.76502562e-05,8.95003817e-02,1.37765168e-19,0
22,13,1.66641085e-01,-5.68323123e-02,1.56650373e-01,-2.36732561e-18,0
22,14,3.41369265e-01,-2.88619071e-01,1.82296482e-01,8.81697077e-18,0
22,15,6.38274394e-01,-6.32419265e-01,8.62558706e-02,1.55191104e-18,0
22,16,7.94325975e-01,-7.94264606e-01,-9.87369755e-03,1.06669902e-05,0
22,17,6.00998251e-01,-5.93328871e-01,-9.57065788e-02,1.13079202e-17,0
22,18,3.22342413e-01,-2.71562156e-01,-1.73662392e-01,1.87807686e-18,0
22,19,1.58479301e-01,-5.12965460e-02,-1.49947835e-01,-1.02452579e-17,0
22,20,8.59641093e-02,2.27242426e-03,-8.59340687e-02,4.02050762e-18,0
22,21,4.37226338e-02,6.54554131e-03,-4.32299039e-02,0.00000000e+00,0
22,22,2.22138573e-02,4.49707581e-03,-2.17538908e-02,1.87248864e-18,0
22,23,1.12674372e-02,2.63693724e-03,-1.09545289e-02,8.32920446e-19,0
22,24,5.60261874e-03,1.41655273e-03,-5.42058255e-03,8.61032302e-21,0
22,25,2.70765414e-03,7.09776151e-04,-2.61296933e-03,-1.61443557e-21,0
22,26,1.26070916e-03,3.33489510e-04,-1.21580111e-03,2.28711705e-21,0
22,27,5.62401064e-04,1.47479780e-04,-5.42719698e-04,-5.35374271e-20,0
22,28,2.39062312e-04,6.14131270e-05,-2.31039427e-04,-8.40851857e-23,0
22,29,9.65032612e-05,2.40933774e-05,-9.34472503e-05,8.40851857e-24,0
22,30,3.65631299e-05,8.97359926e-06,-3.54448443e-05,-5.25532411e-25,0
22,31,1.19591900e-05,3.37790031e-06,-1.14722280e-05,1.69432866e-21,0
23,0,4.54910114e-07,3.05178737e-07,3.37356118e-07,1.35488825e-25,0
23,1,1.44987136e-05,3.89427566e-07,1.44934828e-05,9.85373270e-25,0
23,2,4.36757557e-05,8.37693576e-07,4.36677216e-05,3.38734349e-21,0
23,3,1.13504637e-04,1.74897732e-06,1.13491161e-04,-4.20425928e-24,0
23,4,2.76238692e-04,2.71808819e-06,2.76225319e-04,2.71218713e-20,0
23,5,6.35855439e-04,7.92057352e-07,6.35854946e-04,0.00000000e+00,0
23,6,1.38908024e-03,-1.56281947e-05,1.38899232e-03,1.07882072e-19,0
23,7,2.89333959e-03,-8.62545670e-05,2.89205362e-03,-4.30516151e-21,0
23,8,5.77870152e-03,-3.23127770e-04,5.76966027e-03,4.33680869e-19,0
23,9,1.11382074e-02,-1.03685305e-03,1.10898422e-02,6.88825841e-20,0
23,10,2.09346865e-02,-3.00833985e-03,2.07174079e-02,2.23412221e-18,0
23,11,3.87896968e-02,-8.17944179e-03,3.79175066e-02,-2.14801898e-18,0
23,12,7.22216274e-02,-2.20525368e-02,6.87724442e-02,2.20424269e-18,0
23,13,1.31971803e-01,-6.23882474e-02,1.16293866e-01,4.57156830e-18,0
23,14,2.25858249e-01,-1.67532389e-01,1.51475566e-01,-1.42828717e-18,0
23,15,3.45197802e-01,-3.25971522e-01,1.13596167e-01,4.49789690e-19,0
23,16,3.88545100e-01,-3.88514235e-01,-4.89736857e-03,7.38868359e-18,0
23,17,3.35484655e-01,-3.14088067e-01,-1.17892492e-01,1.32254562e-17,0
23,18,2.18929362e-01,-1.60040871e-01,-1.49388705e-01,-1.10212135e-18,0
23,19,1.27978070e-01,-5.87930075e-02,-1.13673957e-01,-2.75530336e-19,0
23,20,6.99472381e-02,-2.02742981e-02,-6.69445215e-02,-1.10212135e-18,0
23,21,3.75129413e-02,-7.28340448e-03,-3.67990867e-02,0.00000000e+00,0
23,22,2.02061866e-02,-2.54948379e-03,-2.00447027e-02,1.73472348e-18,0
23,23,1.07281300e-02,-8.02447682e-04,-1.06980769e-02,8.61032302e-21,0
23,24,5.54769120e-03,-2.06265173e-04,-5.54385537e-03,4.35833450e-19,0
23,25,2.76644943e-03,-2.90396611e-05,-2.76629701e-03,6.45774226e-21,0
23,26,1.32304295e-03,1.06370041e-05,-1.32300019e-03,1.21082667e-21,0
23,27,6.03097467e-04,1.24123192e-05,-6.02969725e-04,7.06315560e-22,0
23,28,2.61222980e-04,7.48437376e-06,-2.61115740e-04,1.42944816e-22,0
23,29,1.07035630e-04,3.60297693e-06,-1.06974972e-04,-3.36340743e-23,0
23,30,4.10603310e-05,1.50720926e-06,-4.10326590e-05,1.05106482e-24,0
23,31,1.34336330e-05,5.97689816e-07,-1.34203302e-05,-8.47000101e-22,0
24,0,9.58342106e-07,-9.30330973e-07,2.30008420e-07,-4.23516474e-22,0
24,1,1.35249949e-05,-1.69042300e-06,1.34189402e-05,6.56915513e-26,0
24,2,4.05286638e-05,-4.65972217e-06,4.02599004e-05,-3.38708072e-21,0
24,3,1.04725714e-04,-1.31188528e-05,1.03900774e-04,1.35756506e-20,0
24,4,2.52721895e-04,-3.54804587e-05,2.50218891e-04,2.10212964e-23,0
24,5,5.75475006e-04,-9.18757222e-05,5.68093597e-04,6.72681486e-23,0
24,6,1.24011858e-03,-2.28162813e-04,1.21894865e-03,-8.07217783e-22,0
24,7,2.53780691e-03,-5.44076567e-04,2.47879902e-03,0.00000000e+00,0
24,8,4.95363394e-03,-1.25234674e-03,4.79271498e-03,4.30516151e-21,0
24,9,9.28490560e-03,-2.79004644e-03,8.85579544e-03,-1.20544522e-19,0
24,10,1.68041496e-02,-6.04053190e-03,1.56809253e-02,-1.72206460e-19,0
24,11,2.96861883e-02,-1.27801377e-02,2.67943624e-02,-1.32142797e-18,0
24,12,5.15442459e-02,-2.66380732e-02,4.41273424e-02,1.10212135e-18,0
24,13,8.79509434e-02,-5.56754326e-02,6.80853483e-02,4.29603796e-18,0
24,14,1.40851164e-01,-1.11569389e-01,8.59727974e-02,1.37765168e-18,0
24,15,1.96416753e-01,-1.84984625e-01,6.60320339e-02,1.10212135e-17,0
24,16,2.21556531e-01,-2.21549154e-01,-1.80796037e-03,2.75530336e-18,0
24,17,1.93158626e-01,-1.80796704e-01,-6.79912240e-02,2.20424269e-18,0
24,18,1.37943552e-01,-1.08150144e-01,-8.56269219e-02,6.93889390e-18,0
24,19,8.58821797e-02,-5.36084288e-02,-6.70960890e-02,-1.10212135e-18,0
24,20,5.02093785e-02,-2.54859573e-02,-4.32602320e-02,-5.51060673e-19,0
24,21,2.88574881e-02,-1.21412448e-02,-2.61790907e-02,1.73472348e-18,0
24,22,1.63140811e-02,-5.69306480e-03,-1.52885007e-02,-3.44412921e-20,0
24,23,8.99619904e-03,-2.60325417e-03,-8.61131029e-03,0.00000000e+00,0
24,24,4.78839873e-03,-1.15435322e-03,-4.64717452e-03,8.61032302e-21,0
24,25,2.44673887e-03,-4.95371888e-04,-2.39606716e-03,0.00000000e+00,0
24,26,1.19209151e-03,-2.04905578e-04,-1.17434913e-03,-1.08420217e-19,0
24,27,5.51934808e-04,-8.15808382e-05,-5.45872329e-04,1.34536297e-22,0
24,28,2.41864809e-04,-3.11633359e-05,-2.39848769e-04,-1.35987740e-20,0
24,29,1.00079799e-04,-1.14346804e-05,-9.94244148e-05,2.20723612e-23,0
24,30,3.86627647e-05,-4.04929227e-06,-3.84501314e-05,3.38839456e-21,0
24,31,1.27625508e-05,-1.49862388e-06,-1.26742585e-05,1.18244792e-24,0
25,0,1.55257365e-06,-1.54573546e-06,1.45557004e-07,-6.15858294e-27,0
25,1,1.10957319e-05,-2.69250798e-06,1.07640916e-05,-1.69408232e-21,0
25,2,3.30484295e-05,-7.26820169e-06,3.22392918e-05,2.36489585e-24,0
25,3,8.50419712e-05,-1.99433642e-05,8.26704246e-05,1.73425696e-23,0
25,4,2.04288064e-04,-5.23433325e-05,1.97468449e-04,2.94298150e-23,0
25,5,4.61985563e-04,-1.30494117e-04,4.43172592e-04,-2.18621483e-22,0
25,6,9.86570394e-04,-3.09423440e-04,9.36791480e-04,-6.72681486e-23,0
25,7,1.99445529e-03,-6.99224343e-04,1.86786970e-03,4.30516151e-21,0
25,8,3.83346508e-03,-1.50965576e-03,3.52369040e-03,1.82969364e-20,0
25,9,7.03370338e-03,-3.12443623e-03,6.30165705e-03,-8.67361738e-19,0
25,10,1.24028729e-02,-6.22542646e-03,1.07273166e-02,-1.05678884e-18,0
25,11,2.10801786e-02,-1.19713533e-02,1.73510988e-02,1.71750283e-18,0
25,12,3.47250210e-02,-2.23799797e-02,2.65511505e-02,2.01025381e-18,0
25,13,5.50945835e-02,-4.07191359e-02,3.71128698e-02,5.39815931e-18,0
25,14,8.26100447e-02,-7.06416851e-02,4.28272321e-02,3.46944695e-18,0
25,15,1.10738957e-01,-1.06263485e-01,3.11638929e-02,4.18359054e-18,0
25,16,1.23329314e-01,-1.23327273e-01,-7.09448046e-04,2.20424269e-18,0
25,17,1.09532694e-01,-1.04741525e-01,-3.20409734e-02,4.73465121e-18,0
25,18,8.12957939e-02,-6.90790574e-02,-4.28612871e-02,0.00000000e+00,0
25,19,5.40444570e-02,-3.96169047e-02,-3.67600896e-02,-3.46944695e-18,0
25,20,3.39725614e-02,-2.16850735e-02,-2.61513387e-02,0.00000000e+00,0
25,21,2.05904714e-02,-1.15627408e-02,-1.70373278e-02,1.63139960e-18,0
25,22,1.20938019e-02,-5.98907724e-03,-1.05067121e-02,-8.61032302e-21,0
25,23,6.84772653e-03,-2.99225282e-03,-6.15936536e-03,8.24310123e-19,0
25,24,3.72502432e-03,-1.43871302e-03,-3.43597308e-03,-2.15258075e-21,0
25,25,1.93394628e-03,-6.62726616e-04,-1.81684937e-03,1.07629038e-21,0
25,26,9.54932930e-04,-2.91951436e-04,-9.09209139e-04,-2.01804446e-22,0
25,27,4.46389295e-04,-1.22585360e-04,-4.29227483e-04,-2.74245780e-20,0
25,28,1.97161175e-04,-4.90219109e-05,-1.90969582e-04,1.26127779e-23,0
25,29,8.20074106e-05,-1.86399446e-05,-7.98609282e-05,-1.68170371e-23,0
25,30,3.18296647e-05,-6.79182380e-06,-3.10966024e-05,9.19681719e-25,0
25,31,1.06109351e-05,-2.54435508e-06,-1.03013689e-05,-6.56915513e-26,0
26,0,1.60716341e-06,-1.60507754e-06,8.18555252e-08,-4.23525198e-22,0
26,1,8.17862345e-06,-2.76661709e-06,7.69647396e-06,-4.10572196e-27,0
26,2,2.41689765e-05,-7.39752076e-06,2.30090441e-05,-6.56915513e-26,0
26,3,6.21707499e-05,-2.01182959e-05,5.88256434e-05,3.15319446e-24,0
26,4,1.49053669e-04,-5.20558125e-05,1.39668138e-04,8.40851857e-23,0
26,5,3.36140945e-04,-1.27519977e-04,3.11013489e-04,2.52255557e-23,0
26,6,7.14251482e-04,-2.95586162e-04,6.50218425e-04,-2.69072594e-22,0
26,7,1.43407883e-03,-6.49499240e-04,1.27856670e-03,2.69072594e-22,0
26,8,2.72796688e-03,-1.35526101e-03,2.36750309e-03,-4.30451998e-19,0
26,9,4.93937972e-03,-2.69400578e-03,4.14002474e-03,2.58309690e-20,0
26,10,8.53521264e-03,-5.11333416e-03,6.83400823e-03,0.00000000e+00,0
26,11,1.41379165e-02,-9.30994860e-03,1.06398092e-02,-1.03323876e-19,0
26,12,2.23925407e-02,-1.62608721e-02,1.53951265e-02,5.51060673e-19,0
26,13,3.38041502e-02,-2.72431461e-02,2.00132847e-02,1.87248864e-18,0
26,14,4.77731312e-02,-4.27804338e-02,2.12627971e-02,4.02050762e-18,0
26,15,6.12175444e-02,-5.94613328e-02,1.45580783e-02,5.51060673e-19,0
26,16,6.70173525e-02,-6.70167423e-02,-2.86000095e-04,-2.06647752e-18,0
26,17,6.07411994e-02,-5.88714874e-02,-1.49546408e-02,1.23988651e-18,0
26,18,4.71784635e-02,-4.20779605e-02,-2.13366506e-02,0.00000000e+00,0
26,19,3.32720911e-02,-2.66711538e-02,-1.98917470e-02,3.44412921e-19,0
26,20,2.19918822e-02,-1.58727664e-02,-1.52216349e-02,1.63139960e-18,0
26,21,1.38575742e-02,-9.06295173e-03,-1.04830945e-02,1.72206460e-20,0
26,22,8.35385390e-03,-4.96539829e-03,-6.71801271e-03,7.55427539e-19,0
26,23,4.82661427e-03,-2.60862461e-03,-4.06094607e-03,-8.71666899e-19,0
26,24,2.66136799e-03,-1.30819948e-03,-2.31764832e-03,2.06615676e-19,0
26,25,1.39700614e-03,-6.25189356e-04,-1.24930557e-03,-2.15258075e-21,0
26,26,6.94781208e-04,-2.83727509e-04,-6.34207874e-04,-1.08756558e-19,0
26,27,3.26644239e-04,-1.22156115e-04,-3.02942804e-04,-1.42944816e-22,0
26,28,1.44737021e-04,-4.97903950e-05,-1.35903354e-04,-5.04511114e-23,0
26,29,6.03388156e-05,-1.92245040e-05,-5.71943277e-05,-3.38839456e-21,0
26,30,2.34471293e-05,-7.07406037e-06,-2.23545419e-05,-1.69431224e-21,0
26,31,7.89162248e-06,-2.66458115e-06,-7.42817021e-06,-2.01180376e-25,0
27,0,1.33190760e-06,-1.33119637e-06,4.35210677e-08,-4.10572196e-27,0
27,1,5.47012914e-06,-2.28145248e-06,4.97164836e-06,-3.07929147e-27,0
27,2,1.60858443e-05,-6.09207407e-06,1.48876130e-05,0.00000000e+00,0
27,3,4.14305190e-05,-1.64792493e-05,3.80121329e-05,-1.31383103e-25,0
27,4,9.95311744e-05,-4.23607365e-05,9.00667680e-05,1.35451697e-20,0
27,5,2.24499550e-04,-1.02679224e-04,1.99642243e-04,-1.34873611e-20,0
27,6,4.76705251e-04,-2.34901515e-04,4.14812216e-04,-8.10460903e-20,0
27,7,9.54267922e-04,-5.07393682e-04,8.08194852e-04,-1.62428521e-19,0
27,8,1.80656488e-03,-1.03715561e-03,1.47918386e-03,5.38145188e-22,0
27,9,3.24173278e-03,-2.00972944e-03,2.54358389e-03,0.00000000e+00,0
27,10,5.53451819e-03,-3.70506368e-03,4.11137382e-03,-8.61032302e-21,0
27,11,8.98865332e-03,-6.50474596e-03,6.20356094e-03,-8.61032302e-21,0
27,12,1.38921967e-02,-1.08960550e-02,8.61795300e-03,9.01803030e-19,0
27,13,2.02606274e-02,-1.72706355e-02,1.05933080e-02,3.76219793e-18,0
27,14,2.75727929e-02,-2.54500897e-02,1.06090454e-02,5.20417043e-18,0
27,15,3.40269289e-02,-3.33142682e-02,6.92758448e-03,3.46944695e-18,0
27,16,3.67156234e-02,-3.67154286e-02,-1.19602651e-04,7.57708425e-19,0
27,17,3.38316055e-02,-3.30777327e-02,-7.10219165e-03,3.71053600e-18,0
27,18,2.72979739e-02,-2.51301303e-02,-1.06609536e-02,4.13295505e-19,0
27,19,2.00005316e-02,-1.69886858e-02,-1.05548956e-02,-1.72206460e-20,0
27,20,1.36812592e-02,-1.06860503e-02,-8.54313661e-03,1.46375491e-19,0
27,21,8.83728125e-03,-6.36562130e-03,-6.12995966e-03,-9.62075291e-19,0
27,22,5.43245449e-03,-3.61797428e-03,-4.05238496e-03,-3.94934415e-19,0
27,23,3.17740446e-03,-1.95833134e-03,-2.50216655e-03,-2.24374467e-19,0
27,24,1.76837146e-03,-1.00859877e-03,-1.45253783e-03,-1.10034653e-19,0
27,25,9.32928209e-04,-4.92435881e-04,-7.92377402e-04,1.07629038e-21,0
27,26,4.65608647e-04,-2.27623705e-04,-4.06175899e-04,-5.43446449e-20,0
27,27,2.19120866e-04,-9.93761829e-05,-1.95290369e-04,-1.35945697e-20,0
27,28,9.71011745e-05,-4.09628347e-05,-8.80379706e-05,-1.05106482e-24,0
27,29,4.04177297e-05,-1.59333624e-05,-3.71445936e-05,-2.62766205e-25,0
27,30,1.56855021e-05,-5.89236159e-06,-1.45366795e-05,8.46819450e-22,0
27,31,5.31792839e-06,-2.22000173e-06,-4.83238603e-06,-6.62047666e-26,0
28,0,9.42648348e-07,-9.42427479e-07,2.04047718e-08,-1.05879118e-22,0
28,1,3.35113416e-06,-1.61628423e-06,2.93559626e-06,7.95483629e-27,0
28,2,9.81258281e-06,-4.31841436e-06,8.81124729e-06,-6.15858294e-27,0
28,3,2.54039813e-05,-1.16852418e-05,2.25569810e-05,3.28457757e-26,0
28,4,6.12794335e-05,-2.99386799e-05,5.34681626e-05,-2.62766205e-25,0
28,5,1.38765897e-04,-7.22508880e-05,1.18472711e-04,8.40851857e-24,0
28,6,2.95278699e-04,-1.64064962e-04,2.45503968e-04,4.20425928e-24,0
28,7,5.91743668e-04,-3.51122302e-04,4.76312605e-04,-5.36383294e-20,0
28,8,1.11846143e-03,-7.08831061e-04,8.65167328e-04,1.08352949e-19,0
28,9,1.99970820e-03,-1.35340510e-03,1.47211667e-03,-2.16571362e-19,0
28,10,3.38523773e-03,-2.44723359e-03,2.33899171e-03,-8.61032302e-21,0
28,11,5.43510274e-03,-4.20071389e-03,3.44881786e-03,4.29375707e-19,0
28,12,8.24569560e-03,-6.82361053e-03,4.62923701e-03,-4.30516151e-21,0
28,13,1.17711818e-02,-1.04286773e-02,5.45925002e-03,1.73472348e-18,0
28,14,1.55918997e-02,-1.46924355e-02,5.21916434e-03,3.45222631e-18,0
28,15,1.88095656e-02,-1.85191152e-02,3.29273935e-03,1.64862025e-18,0
28,16,2.00736853e-02,-2.00736243e-02,-4.94646051e-05,1.87248864e-18,0
28,17,1.87255481e-02,-1.84199263e-02,-3.36934247e-03,-1.51085508e-18,0
28,18,1.54674823e-02,-1.45501088e-02,-5.24760371e-03,6.88825841e-20,0
28,19,1.16443359e-02,-1.02914277e-02,-5.44766698e-03,7.74929071e-20,0
28,20,8.14006688e-03,-6.71668366e-03,-4.59857036e-03,-2.15258075e-20,0
28,21,5.35582975e-03,-4.12584065e-03,-3.41501849e-03,5.81196804e-20,0
28,22,3.33102317e-03,-2.39922398e-03,-2.31072275e-03,6.48368723e-19,0
28,23,1.96511654e-03,-1.32462294e-03,-1.45157056e-03,8.07217783e-22,0
28,24,1.09784541e-03,-6.92662690e-04,-8.51752858e-04,1.27809482e-21,0
28,25,5.80308285e-04,-3.42672211e-04,-4.68330504e-04,-5.39074020e-20,0
28,26,2.89373170e-04,-1.59951208e-04,-2.41148176e-04,1.26127779e-22,0
28,27,1.35924830e-04,-7.03851648e-05,-1.16281933e-04,-1.35525272e-20,0
28,28,6.00192190e-05,-2.91581727e-05,-5.24605338e-05,-2.62766205e-25,0
28,29,2.48782547e-05,-1.13781639e-05,-2.21238546e-05,1.69401663e-21,0
28,30,9.61176503e-06,-4.20903964e-06,-8.64118119e-06,-1.31383103e-25,0
28,31,3.27450030e-06,-1.58197175e-06,-2.86700499e-06,-2.56607622e-27,0
29,0,5.86025761e-07,-5.85953407e-07,9.20858822e-09,0.00000000e+00,0
29,1,1.88681112e-06,-1.00693628e-06,1.59566148e-06,1.05878092e-22,0
29,2,5.52649394e-06,-2.70604778e-06,4.81865549e-06,3.20759528e-26,0
29,3,1.44009080e-05,-7.33674163e-06,1.23918673e-05,-8.47026789e-22,0
29,4,3.49957598e-05,-1.88251700e-05,2.95011217e-05,0.00000000e+00,0
29,5,7.96935040e-05,-4.53730478e-05,6.55159607e-05,2.62766205e-25,0
29,6,1.70444377e-04,-1.02817236e-04,1.35940803e-04,-1.35209952e-20,0
29,7,3.42607990e-04,-2.19055989e-04,2.63428754e-04,1.30332038e-22,0
29,8,6.48629194e-04,-4.39642141e-04,4.76901059e-04,3.02706669e-22,0
29,9,1.15779383e-03,-8.31967266e-04,8.05181362e-04,1.08689290e-19,0
29,10,1.95220770e-03,-1.48770108e-03,1.26406504e-03,-2.15258075e-21,0
29,11,3.10611667e-03,-2.51184382e-03,1.82718400e-03,-4.84330670e-21,0
29,12,4.65785695e-03,-3.99794710e-03,2.38998960e-03,-1.07629038e-21,0
29,13,6.53527722e-03,-5.94028959e-03,2.72448305e-03,4.33680869e-19,0
29,14,8.50403427e-03,-8.12251287e-03,2.51860745e-03,-9.47135532e-20,0
29,15,1.00778104e-02,-9.95845992e-03,1.54639559e-03,-2.15258075e-20,0
29,16,1.06915706e-02,-1.06915511e-02,-2.04137200e-05,8.97497869e-19,0
29,17,1.00418927e-02,-9.91702533e-03,-1.57867608e-03,-1.66584089e-18,0
29,18,8.44749681e-03,-8.05896235e-03,-2.53245499e-03,-2.58309690e-20,0
29,19,6.47607498e-03,-5.87649094e-03,-2.72147045e-03,-4.35833450e-19,0
29,20,4.60630391e-03,-3.94528754e-03,-2.37754957e-03,1.29154845e-20,0
29,21,3.06684216e-03,-2.47393709e-03,-1.81249997e-03,6.99588745e-21,0
29,22,1.92488289e-03,-1.46279003e-03,-1.25116725e-03,2.42165335e-21,0
29,23,1.14028214e-03,-8.16857159e-04,-7.95605267e-04,1.34536297e-22,0
29,24,6.38228680e-04,-4.31142237e-04,-4.70587100e-04,5.50173264e-20,0
29,25,3.36879243e-04,-2.14618812e-04,-2.59665919e-04,1.34536297e-22,0
29,26,1.67507852e-04,-1.00661094e-04,-1.33888852e-04,-1.35525272e-20,0
29,27,7.83069684e-05,-4.44080536e-05,-6.44973339e-05,-1.31383103e-25,0
29,28,3.43813540e-05,-1.84195630e-05,-2.90309697e-05,-6.56915513e-25,0
29,29,1.41528835e-05,-7.18156345e-06,-1.21954605e-05,-7.18501343e-26,0
29,30,5.43086329e-06,-2.64991607e-06,-4.74048740e-06,6.35249563e-22,0
29,31,1.85254866e-06,-9.90095315e-07,-1.56577387e-06,0.00000000e+00,0
30,0,3.18222455e-07,-3.18202499e-07,3.56381156e-09,1.60379764e-29,0
30,1,9.83594914e-07,-5.49923282e-07,8.15501894e-07,1.05879120e-22,0
30,2,2.89291985e-06,-1.48708816e-06,2.48144193e-06,-3.07929147e-27,0
30,3,7.60812773e-06,-4.05432884e-06,6.43785874e-06,2.41211165e-26,0
30,4,1.86260705e-05,-1.04301633e-05,1.54318565e-05,-1.69381955e-21,0
30,5,4.27069179e-05,-2.51985303e-05,3.44806455e-05,-6.77514682e-21,0
30,6,9.17620696e-05,-5.71140756e-05,7.18210261e-05,-6.56915513e-24,0
30,7,1.85073855e-04,-1.21636809e-04,1.39487700e-04,-1.89191668e-23,0
30,8,3.50604246e-04,-2.43495836e-04,2.52256051e-04,2.01804446e-22,0
30,9,6.24886800e-04,-4.58975545e-04,4.24057734e-04,-8.40851857e-23,0
30,10,1.04791991e-03,-8.14679902e-04,6.59115162e-04,-1.08420217e-19,0
30,11,1.65392964e-03,-1.36182457e-03,9.38571834e-04,2.14687854e-19,0
30,12,2.44864635e-03,-2.13400313e-03,1.20079124e-03,-2.16840434e-19,0
30,13,3.38700736e-03,-3.11294664e-03,1.33468425e-03,-1.07629038e-21,0
30,14,4.33294168e-03,-4.16317151e-03,1.20099401e-03,8.63056576e-19,0
30,15,5.06992262e-03,-5.01800480e-03,7.23701073e-04,-3.01361306e-20,0
30,16,5.34515408e-03,-5.34514805e-03,-8.03002011e-06,-2.69072594e-20,0
30,17,5.05432773e-03,-5.00034227e-03,-7.36753668e-04,-2.04495172e-20,0
30,18,4.30796199e-03,-4.13539843e-03,-1.20706932e-03,-1.93732268e-20,0
30,19,3.35982558e-03,-3.08364927e-03,-1.33399217e-03,4.23456110e-19,0
30,20,2.42463925e-03,-2.10912779e-03,-1.19601651e-03,1.07629038e-21,0
30,21,1.63530409e-03,-1.34336298e-03,-9.32520979e-04,1.61443557e-21,0
30,22,1.03491402e-03,-8.02370287e-04,-6.53642823e-04,-6.72681486e-23,0
30,23,6.16559127e-04,-4.51453236e-04,-4.19922770e-04,-5.40083042e-20,0
30,24,3.45697877e-04,-2.39268741e-04,-2.49514512e-04,-8.40851857e-24,0
30,25,1.82390753e-04,-1.19431740e-04,-1.37849361e-04,0.00000000e+00,0
30,26,9.04138257e-05,-5.60583868e-05,-7.09374172e-05,-1.05106482e-24,0
30,27,4.20720338e-05,-2.47246239e-05,-3.40404024e-05,-7.22607065e-25,0
30,28,1.83539842e-05,-1.02368282e-05,-1.52340436e-05,-1.69406179e-21,0
30,29,7.49745976e-06,-3.97944061e-06,-6.35420769e-06,-4.10572196e-26,0
30,30,2.85245574e-06,-1.46130410e-06,-2.44971306e-06,-6.41519056e-29,0
30,31,9.68810602e-07,-5.41956651e-07,-8.03042322e-07,2.00474705e-30,0
31,0,1.35150690e-07,-1.35144983e-07,1.24195781e-09,0.00000000e+00,0
31,1,4.87138153e-07,-2.34874386e-07,4.26775823e-07,2.64697876e-23,0
31,2,1.46188790e-06,-6.40205702e-07,1.31424994e-06,2.11758237e-22,0
31,3,3.86864907e-06,-1.75279166e-06,3.44879211e-06,-4.10572196e-27,0
31,4,9.50526130e-06,-4.52900390e-06,8.35692025e-06,-5.13215245e-28,0
31,5,2.17920253e-05,-1.09656882e-05,1.88320485e-05,6.56915513e-25,0
31,6,4.67007775e-05,-2.49101026e-05,3.95025241e-05,-3.38488006e-21,0
31,7,9.35591839e-05,-5.30761882e-05,7.70469931e-05,-6.83192134e-24,0
31,8,1.75403914e-04,-1.06249194e-04,1.39562322e-04,-3.15319446e-23,0
31,9,3.07721115e-04,-1.99843814e-04,2.33997296e-04,-1.68170371e-23,0
31,10,5.05404697e-04,-3.53492431e-04,3.61216015e-04,-8.40851857e-23,0
31,11,7.76092912e-04,-5.86854018e-04,5.07860777e-04,1.08352949e-19,0
31,12,1.11310695e-03,-9.11512686e-04,6.38867524e-04,2.69072594e-22,0
31,13,1.48559009e-03,-1.31282727e-03,6.95314672e-04,-4.84330670e-21,0
31,14,1.83931991e-03,-1.73397087e-03,6.13549299e-04,0.00000000e+00,0
31,15,2.09768650e-03,-2.06578978e-03,3.64419050e-04,4.31528288e-19,0
31,16,2.19234461e-03,-2.19234289e-03,-2.75119510e-06,2.01234224e-19,0
31,17,2.09056977e-03,-2.05775976e-03,-3.68926459e-04,-6.99588745e-21,0
31,18,1.82776435e-03,-1.72091828e-03,-6.15761980e-04,4.30990143e-19,0
31,19,1.47308569e-03,-1.29872194e-03,-6.95199806e-04,-9.41754080e-21,0
31,20,1.10207946e-03,-8.99152174e-04,-6.37263285e-04,-1.34536297e-22,0
31,21,7.67664480e-04,-5.77523425e-04,-5.05742471e-04,2.16806800e-19,0
31,22,4.99601675e-04,-3.47182774e-04,-3.59257505e-04,-4.70877040e-22,0
31,23,3.04086040e-04,-1.95985560e-04,-2.32503720e-04,-8.40851857e-24,0
31,24,1.73297226e-04,-1.04074501e-04,-1.38565604e-04,-2.71113607e-20,0
31,25,9.24404695e-05,-5.19594738e-05,-7.64555655e-05,-1.07734144e-23,0
31,26,4.61442096e-05,-2.43737489e-05,-3.91817361e-05,-1.21529370e-24,0
31,27,2.15400304e-05,-1.07325827e-05,-1.86757752e-05,-1.39594547e-25,0
31,28,9.39706331e-06,-4.43289328e-06,-8.28578638e-06,8.46986245e-22,0
31,29,3.82697898e-06,-1.71749898e-06,-3.41993646e-06,5.90197531e-27,0
31,30,1.44633440e-06,-6.27746130e-07,-1.30300345e-06,0.00000000e+00,0
31,31,4.81826139e-07,-2.31310574e-07,-4.22672269e-07,8.01898820e-30,0
