tick,manifested,positive,negative,total_flux,total_energy,avg_drag,max_bandwidth,total_entropy,field_energy,wave_energy,particle_ke,gauss_violation,charge_total
1,12,2,10,2.40170591e+02,1.67444479e+04,0.00000000e+00,3.62303824e-05,4.66556011e+00,1.49057002e+02,1.89535016e+01,1.00837258e-04,1.22146347e+01,-8
2,12,2,10,2.63639416e+02,1.67444479e+04,0.00000000e+00,6.55638907e-05,5.99291523e+00,6.39966425e+01,5.23879205e+01,1.53495549e-04,1.10022722e+01,-8
3,12,2,10,2.91306757e+02,1.67444479e+04,0.00000000e+00,1.30656534e-04,5.71432626e+00,6.76691267e+01,5.43453046e+01,2.63305007e-04,2.49221978e+01,-8
4,12,2,10,3.30722049e+02,1.67444477e+04,0.00000000e+00,2.90697922e-04,5.07792370e+00,1.09019997e+02,3.81368212e+01,5.32284674e-04,3.04428551e+01,-8
5,12,2,10,3.71154164e+02,1.67444475e+04,0.00000000e+00,5.17609694e-04,5.47199579e+00,1.26916783e+02,3.77505723e+01,8.89902086e-04,2.53361947e+01,-8
6,16,2,14,4.06188141e+02,1.67444474e+04,0.00000000e+00,7.45099185e-04,5.89608883e+00,1.30150844e+02,4.58881083e+01,1.20067395e-03,2.34275433e+01,-12
7,16,2,14,4.41666386e+02,1.67444473e+04,0.00000000e+00,9.17510143e-04,6.25997019e+00,1.30094800e+02,4.81604370e+01,1.42117614e-03,2.05118065e+01,-12
8,16,2,14,4.70489307e+02,1.67444472e+04,0.00000000e+00,1.01521390e-03,6.56521155e+00,1.27626443e+02,4.74569183e+01,1.47105588e-03,1.91750168e+01,-12
9,16,2,14,5.03732850e+02,1.67444472e+04,0.00000000e+00,1.15353537e-03,6.83066795e+00,1.25925305e+02,4.58200493e+01,1.56183294e-03,1.98847786e+01,-12
10,16,2,14,5.30525398e+02,1.67444471e+04,0.00000000e+00,1.30135606e-03,7.02046641e+00,1.24951439e+02,4.29634691e+01,1.69120634e-03,2.05924984e+01,-12
11,16,2,14,5.58982402e+02,1.67444471e+04,0.00000000e+00,1.41992518e-03,7.20180306e+00,1.22941953e+02,4.26244073e+01,1.81724601e-03,2.05574859e+01,-12
12,16,2,14,5.82762251e+02,1.67444470e+04,0.00000000e+00,1.57881887e-03,7.35620895e+00,1.19370307e+02,4.35541646e+01,2.03935631e-03,2.03104682e+01,-12
13,16,2,14,6.04804282e+02,1.67444468e+04,0.00000000e+00,1.73398725e-03,7.50442246e+00,1.15434330e+02,4.58772659e+01,2.29773054e-03,2.02488509e+01,-12
14,16,2,14,6.34496992e+02,1.67444467e+04,0.00000000e+00,1.88355809e-03,7.65482583e+00,1.13310015e+02,4.68462019e+01,2.56766156e-03,2.04608832e+01,-12
15,16,2,14,6.63816546e+02,1.67444465e+04,0.00000000e+00,2.04555304e-03,7.78708443e+00,1.11718413e+02,4.69493732e+01,2.86268094e-03,2.04597070e+01,-12
16,16,2,14,6.91201547e+02,1.67444464e+04,0.00000000e+00,2.21135080e-03,7.91121754e+00,1.09995720e+02,4.71102770e+01,3.18166912e-03,2.02511908e+01,-12
17,16,2,14,7.18805330e+02,1.67444462e+04,0.00000000e+00,2.39408458e-03,8.01377340e+00,1.08343679e+02,4.76020894e+01,3.54449817e-03,2.03094368e+01,-12
18,16,2,14,7.46156689e+02,1.67444460e+04,0.00000000e+00,2.60369287e-03,8.11720796e+00,1.06920102e+02,4.81281245e+01,3.95244114e-03,2.06932877e+01,-12
19,16,2,14,7.70260791e+02,1.67444458e+04,0.00000000e+00,2.82116881e-03,8.20817830e+00,1.05231425e+02,4.89924165e+01,4.39609943e-03,2.09777595e+01,-12
20,16,2,14,8.02224601e+02,1.67444455e+04,0.00000000e+00,3.02700779e-03,8.31401669e+00,1.03502838e+02,4.97504387e+01,4.86594305e-03,2.09086187e+01,-12
21,16,2,14,8.23899042e+02,1.67444453e+04,0.00000000e+00,3.24278785e-03,8.39407075e+00,1.01915976e+02,5.03467173e+01,5.36280408e-03,2.06841527e+01,-12
22,16,2,14,8.54448834e+02,1.67444450e+04,0.00000000e+00,3.47259243e-03,8.49011385e+00,1.00617740e+02,5.07018915e+01,5.89175289e-03,2.06410879e+01,-12
23,16,2,14,8.77652899e+02,1.67444447e+04,0.00000000e+00,3.71261995e-03,8.55526455e+00,9.89826137e+01,5.13056800e+01,6.46508064e-03,2.07874883e+01,-12
24,16,2,14,9.07732859e+02,1.67444444e+04,0.00000000e+00,3.94299307e-03,8.65111134e+00,9.73892599e+01,5.21055178e+01,7.05766085e-03,2.09665493e+01,-12
25,16,2,14,9.32155953e+02,1.67444441e+04,0.00000000e+00,4.16412386e-03,8.71686053e+00,9.60267141e+01,5.25512349e+01,7.65450310e-03,2.10639180e+01,-12
26,12,0,12,9.59421607e+02,1.67444466e+04,0.00000000e+00,9.93272834e-04,8.78827883e+00,9.47192835e+01,5.28093169e+01,2.78019456e-03,1.51342716e+01,-12
27,12,0,12,9.90932545e+02,1.67444465e+04,0.00000000e+00,1.05633618e-03,8.86983844e+00,9.36787310e+01,5.32931818e+01,2.97755790e-03,1.53286239e+01,-12
28,12,0,12,1.01405567e+03,1.67444464e+04,0.00000000e+00,1.12333298e-03,8.92635456e+00,9.24246732e+01,5.36138309e+01,3.19178046e-03,1.51973478e+01,-12
29,12,0,12,1.04159279e+03,1.67444463e+04,0.00000000e+00,1.17307886e-03,9.00425463e+00,9.10066451e+01,5.41862386e+01,3.39959824e-03,1.45069692e+01,-12
30,12,0,12,1.06891217e+03,1.67444462e+04,0.00000000e+00,1.21763428e-03,9.07127478e+00,8.98332767e+01,5.44634820e+01,3.59822982e-03,1.43824053e+01,-12
31,12,0,12,1.09017611e+03,1.67444460e+04,0.00000000e+00,1.26858230e-03,9.12710242e+00,8.84307127e+01,5.49820628e+01,3.81996707e-03,1.50371797e+01,-12
32,12,0,12,1.11288607e+03,1.67444459e+04,0.00000000e+00,1.33270821e-03,9.18656638e+00,8.71190862e+01,5.59067803e+01,4.07170737e-03,1.58187433e+01,-12
33,12,0,12,1.13677454e+03,1.67444458e+04,0.00000000e+00,1.40088043e-03,9.25017365e+00,8.58877973e+01,5.64200572e+01,4.32857132e-03,1.59592641e+01,-12
34,12,0,12,1.15475754e+03,1.67444457e+04,0.00000000e+00,1.47465955e-03,9.29789104e+00,8.45945320e+01,5.66937181e+01,4.59020679e-03,1.54608943e+01,-12
35,12,0,12,1.17953471e+03,1.67444455e+04,0.00000000e+00,1.53750588e-03,9.36565178e+00,8.33879818e+01,5.68098197e+01,4.85336912e-03,1.50371080e+01,-12
36,12,0,12,1.19685433e+03,1.67444454e+04,0.00000000e+00,1.59293744e-03,9.41660595e+00,8.23438502e+01,5.71528181e+01,5.11421173e-03,1.51373609e+01,-12
37,12,0,12,1.21677438e+03,1.67444452e+04,0.00000000e+00,1.65315664e-03,9.47117279e+00,8.13219183e+01,5.75688348e+01,5.38407375e-03,1.55199497e+01,-12
38,12,0,12,1.22784481e+03,1.67444451e+04,0.00000000e+00,1.72161874e-03,9.51636518e+00,7.98811130e+01,5.79999401e+01,5.67048643e-03,1.57316233e+01,-12
39,12,0,12,1.22929859e+03,1.67444450e+04,0.00000000e+00,1.79421894e-03,9.55081788e+00,7.78886077e+01,5.83898102e+01,5.96591961e-03,1.56756014e+01,-12
40,12,0,12,1.22450267e+03,1.67444448e+04,0.00000000e+00,1.86335383e-03,9.57832146e+00,7.56415922e+01,5.87802091e+01,6.26636460e-03,1.55618163e+01,-12
41,12,0,12,1.22765405e+03,1.67444446e+04,0.00000000e+00,1.93358831e-03,9.61764114e+00,7.35917926e+01,5.90727666e+01,6.58243971e-03,1.55534642e+01,-12
42,12,0,12,1.22934806e+03,1.67444445e+04,0.00000000e+00,2.00518824e-03,9.64967290e+00,7.22163716e+01,5.94497677e+01,6.90162250e-03,1.56110289e+01,-12
43,12,0,12,1.24047775e+03,1.67444443e+04,0.00000000e+00,2.07874811e-03,9.67609123e+00,7.20381544e+01,5.98064019e+01,7.22026292e-03,1.56699652e+01,-12
44,12,0,12,1.25001626e+03,1.67444441e+04,0.00000000e+00,2.15300583e-03,9.68077167e+00,7.28190328e+01,6.00229185e+01,7.54940821e-03,1.54929842e+01,-12
45,12,0,12,1.25294128e+03,1.67444440e+04,0.00000000e+00,2.19470296e-03,9.64576196e+00,7.40431113e+01,5.98838423e+01,7.83224283e-03,1.60672138e+01,-12
46,12,0,12,1.24402074e+03,1.67444438e+04,0.00000000e+00,2.23082733e-03,9.63112457e+00,7.34089351e+01,5.97339262e+01,8.11909099e-03,1.60325126e+01,-12
47,12,0,12,1.21722915e+03,1.67444437e+04,0.00000000e+00,2.26759652e-03,9.61353893e+00,7.10050777e+01,6.03710552e+01,8.42180319e-03,1.58846084e+01,-12
48,12,0,12,1.18657861e+03,1.67444435e+04,0.00000000e+00,2.30743435e-03,9.59405682e+00,6.81010618e+01,6.05244423e+01,8.72790927e-03,1.61204117e+01,-12
49,12,0,12,1.17274389e+03,1.67444434e+04,0.00000000e+00,2.33259716e-03,9.60692179e+00,6.58458265e+01,6.07173151e+01,9.04875507e-03,1.63879295e+01,-12
50,12,0,12,1.17494688e+03,1.67444432e+04,0.00000000e+00,2.34949095e-03,9.62284961e+00,6.57505168e+01,6.07346776e+01,9.36388819e-03,1.64147234e+01,-12
51,12,0,12,1.18286113e+03,1.67444431e+04,0.00000000e+00,2.37152643e-03,9.60881855e+00,6.76167243e+01,6.03624564e+01,9.67001191e-03,1.51066923e+01,-12
52,12,0,12,1.19887429e+03,1.67444430e+04,0.00000000e+00,2.40413922e-03,9.54874949e+00,7.08821015e+01,5.94940029e+01,9.83863238e-03,1.56837265e+01,-12
53,12,0,12,1.18834191e+03,1.67444429e+04,0.00000000e+00,2.44101560e-03,9.55129318e+00,7.04244854e+01,5.93029279e+01,1.00438915e-02,1.62343738e+01,-12
54,12,0,12,1.16317593e+03,1.67444427e+04,0.00000000e+00,2.47365587e-03,9.56090570e+00,6.73512242e+01,6.05645916e+01,1.02824338e-02,1.63027838e+01,-12
55,12,0,12,1.13512831e+03,1.67444427e+04,0.00000000e+00,2.49584122e-03,9.51056309e+00,6.46958649e+01,5.90732813e+01,1.04499343e-02,1.69974515e+01,-12
56,12,0,12,1.11341784e+03,1.67444426e+04,0.00000000e+00,2.51951140e-03,9.52697338e+00,6.15580336e+01,5.78565668e+01,1.05375196e-02,1.67528833e+01,-12
57,12,0,12,1.10142064e+03,1.67444426e+04,0.00000000e+00,2.53967580e-03,9.58059028e+00,5.88810718e+01,5.78924774e+01,1.06095003e-02,1.62344836e+01,-12
58,12,0,12,1.08713067e+03,1.67444425e+04,0.00000000e+00,2.55227543e-03,9.58440541e+00,5.72924670e+01,5.74136023e+01,1.07057338e-02,1.65928397e+01,-12
59,12,0,12,1.06901993e+03,1.67444425e+04,0.00000000e+00,2.56560462e-03,9.55548868e+00,5.61200593e+01,5.61377080e+01,1.08290924e-02,1.60397924e+01,-12
60,12,0,12,1.06333645e+03,1.67444425e+04,0.00000000e+00,2.56992387e-03,9.44468585e+00,5.74596000e+01,5.46059196e+01,1.08496858e-02,1.71446670e+01,-12
61,12,0,12,1.07447554e+03,1.67444424e+04,0.00000000e+00,2.57516944e-03,9.44562958e+00,5.85914790e+01,5.33702516e+01,1.08768645e-02,1.69838963e+01,-12
62,12,0,12,1.08161266e+03,1.67444424e+04,0.00000000e+00,2.58767380e-03,9.48393315e+00,5.90576811e+01,5.35503464e+01,1.09062566e-02,1.68166973e+01,-12
63,12,0,12,1.07202372e+03,1.67444424e+04,0.00000000e+00,2.60585338e-03,9.48806281e+00,5.83415221e+01,5.19512262e+01,1.09379042e-02,1.71577881e+01,-12
64,12,0,12,1.05623322e+03,1.67444424e+04,0.00000000e+00,2.62163505e-03,9.51507616e+00,5.60686903e+01,5.07633135e+01,1.10187118e-02,1.71061352e+01,-12
65,12,0,12,1.05190897e+03,1.67444423e+04,0.00000000e+00,2.63638741e-03,9.50192075e+00,5.59014734e+01,5.00934347e+01,1.10886028e-02,1.65577852e+01,-12
66,12,0,12,1.07694290e+03,1.67444423e+04,0.00000000e+00,2.65196929e-03,9.47613263e+00,5.86672137e+01,4.87001732e+01,1.11621941e-02,1.63417954e+01,-12
67,12,0,12,1.10481919e+03,1.67444422e+04,0.00000000e+00,2.66275844e-03,9.52678283e+00,6.01117615e+01,4.70848199e+01,1.12636054e-02,1.61951038e+01,-12
68,12,0,12,1.09827620e+03,1.67444422e+04,0.00000000e+00,2.67445587e-03,9.60137811e+00,5.72567100e+01,4.63671792e+01,1.13515133e-02,1.62782731e+01,-12
69,12,0,12,1.05240232e+03,1.67444421e+04,0.00000000e+00,2.68710140e-03,9.63813482e+00,5.19157020e+01,4.63854391e+01,1.14636065e-02,1.64617503e+01,-12
70,12,0,12,1.01564853e+03,1.67444421e+04,0.00000000e+00,2.69528072e-03,9.65082375e+00,4.80928808e+01,4.64248110e+01,1.15809807e-02,1.63539773e+01,-12
71,12,0,12,1.01950291e+03,1.67444420e+04,0.00000000e+00,2.70036097e-03,9.65833961e+00,4.73370053e+01,4.54981622e+01,1.16798953e-02,1.58464142e+01,-12
72,12,0,12,1.01729488e+03,1.67444420e+04,0.00000000e+00,2.71453250e-03,9.61359819e+00,4.77302466e+01,4.42880477e+01,1.17631973e-02,1.58725262e+01,-12
73,12,0,12,1.01009492e+03,1.67444419e+04,0.00000000e+00,2.73975251e-03,9.57362550e+00,4.77799679e+01,4.38829178e+01,1.18676518e-02,1.56901587e+01,-12
74,12,0,12,1.01458427e+03,1.67444419e+04,0.00000000e+00,2.75896352e-03,9.55346341e+00,4.87213627e+01,4.35266631e+01,1.19460603e-02,1.57787781e+01,-12
75,12,0,12,1.01775252e+03,1.67444419e+04,0.00000000e+00,2.76416324e-03,9.53679337e+00,4.94230877e+01,4.23522317e+01,1.20118173e-02,1.60947518e+01,-12
76,12,0,12,1.00936804e+03,1.67444418e+04,0.00000000e+00,2.77207584e-03,9.57421139e+00,4.80956504e+01,4.20672058e+01,1.20986393e-02,1.61182976e+01,-12
77,12,0,12,9.96014383e+02,1.67444418e+04,0.00000000e+00,2.78728429e-03,9.59224509e+00,4.67811168e+01,4.22129890e+01,1.22146628e-02,1.56383071e+01,-12
78,12,0,12,9.99593350e+02,1.67444417e+04,0.00000000e+00,2.80242605e-03,9.54439502e+00,4.76386479e+01,4.10062697e+01,1.22649356e-02,1.59038964e+01,-12
79,12,0,12,9.98505714e+02,1.67444417e+04,0.00000000e+00,2.81442782e-03,9.57603652e+00,4.71830137e+01,3.96298805e+01,1.23040050e-02,1.60856694e+01,-12
80,12,0,12,9.89733901e+02,1.67444417e+04,0.00000000e+00,2.82035562e-03,9.64227191e+00,4.49625373e+01,3.96611676e+01,1.23609734e-02,1.60788603e+01,-12
81,12,0,12,9.90761539e+02,1.67444417e+04,0.00000000e+00,2.82491520e-03,9.67606580e+00,4.39237018e+01,3.93453916e+01,1.24052784e-02,1.64802174e+01,-12
82,12,0,12,9.98672603e+02,1.67444416e+04,0.00000000e+00,2.83413546e-03,9.69449412e+00,4.43238474e+01,3.81041014e+01,1.24342054e-02,1.63935444e+01,-12
83,12,0,12,1.00729837e+03,1.67444416e+04,0.00000000e+00,2.83958778e-03,9.72615203e+00,4.43462631e+01,3.67662166e+01,1.24620142e-02,1.62374385e+01,-12
84,12,0,12,1.00017634e+03,1.67444416e+04,0.00000000e+00,2.84362889e-03,9.74963163e+00,4.31665765e+01,3.62172678e+01,1.25019528e-02,1.56393901e+01,-12
85,12,0,12,9.99620851e+02,1.67444416e+04,0.00000000e+00,2.85544302e-03,9.75086858e+00,4.30180079e+01,3.58923854e+01,1.25489680e-02,1.53305223e+01,-12
86,12,0,12,1.00058093e+03,1.67444416e+04,0.00000000e+00,2.86387555e-03,9.72976540e+00,4.34214802e+01,3.48436513e+01,1.25946592e-02,1.55707430e+01,-12
87,12,0,12,9.95171716e+02,1.67444415e+04,0.00000000e+00,2.87952743e-03,9.75896995e+00,4.25497135e+01,3.45184681e+01,1.26553770e-02,1.55406736e+01,-12
88,12,0,12,9.92441509e+02,1.67444415e+04,0.00000000e+00,2.89873659e-03,9.76264481e+00,4.20561991e+01,3.42351916e+01,1.27273377e-02,1.58125235e+01,-12
89,12,0,12,9.90523147e+02,1.67444415e+04,0.00000000e+00,2.90834337e-03,9.79287269e+00,4.13411326e+01,3.29900297e+01,1.27798570e-02,1.61278588e+01,-12
90,12,0,12,9.81025639e+02,1.67444414e+04,0.00000000e+00,2.91287831e-03,9.84776688e+00,3.94734959e+01,3.23407307e+01,1.28209501e-02,1.62019240e+01,-12
91,12,0,12,9.62765010e+02,1.67444414e+04,0.00000000e+00,2.91955605e-03,9.86994823e+00,3.74428956e+01,3.20058370e+01,1.28633883e-02,1.60258561e+01,-12
92,12,0,12,9.46733315e+02,1.67444414e+04,0.00000000e+00,2.93298555e-03,9.86274345e+00,3.62777964e+01,3.15195797e+01,1.29117695e-02,1.59116882e+01,-12
93,12,0,12,9.43044674e+02,1.67444414e+04,0.00000000e+00,2.94822132e-03,9.88636525e+00,3.56155091e+01,3.10242757e+01,1.29739171e-02,1.58749408e+01,-12
94,12,0,12,9.44048961e+02,1.67444413e+04,0.00000000e+00,2.96528747e-03,9.87571973e+00,3.59031377e+01,3.09521716e+01,1.30576805e-02,1.53930603e+01,-12
95,12,0,12,9.60943181e+02,1.67444413e+04,0.00000000e+00,2.97957683e-03,9.81139242e+00,3.81447643e+01,3.03364421e+01,1.31448301e-02,1.57071868e+01,-12
96,12,0,12,9.76860725e+02,1.67444412e+04,0.00000000e+00,2.98855468e-03,9.78302735e+00,4.00046466e+01,2.93924403e+01,1.32255334e-02,1.59745665e+01,-12
97,12,0,12,9.79996748e+02,1.67444412e+04,0.00000000e+00,2.99424941e-03,9.78350965e+00,4.03742745e+01,2.91199610e+01,1.33024834e-02,1.56589566e+01,-12
98,12,0,12,9.70978303e+02,1.67444412e+04,0.00000000e+00,3.00008205e-03,9.79413498e+00,3.93944138e+01,2.82897442e+01,1.33631901e-02,1.51296043e+01,-12
99,12,0,12,9.31617720e+02,1.67444411e+04,0.00000000e+00,3.01100636e-03,9.80380943e+00,3.60200202e+01,2.75970533e+01,1.33990626e-02,1.47806941e+01,-12
100,12,0,12,8.68993015e+02,1.67444411e+04,0.00000000e+00,3.02585746e-03,9.81072283e+00,3.12208098e+01,2.80351487e+01,1.34298888e-02,1.52522366e+01,-12
