target_name,target_value,polynomial_value,polynomial_string,residual,degree,coefficient
alpha_inv,1.370359990840000e+02,1.370980688021048e+02,"+3 * 3 * 27 * 1/pi * sqrt(pi)",4.529446168865356e-04,4,+3
alpha_inv,1.370359990840000e+02,1.370839743133391e+02,"+3 * 4 * 10 * 10 * 1/Gstar^2",3.500921630794652e-04,4,+3
alpha_inv,1.370359990840000e+02,1.370839743133391e+02,"+3 * 5 * 5 * 16 * 1/Gstar^2",3.500921630794652e-04,4,+3
alpha_inv,1.370359990840000e+02,1.370839743133391e+02,"+3 * 5 * 8 * 10 * 1/Gstar^2",3.500921630794652e-04,4,+3
alpha_inv,1.370359990840000e+02,1.370839743133391e+02,"+2 * 5 * 10 * 12 * 1/Gstar^2",3.500921630796726e-04,4,+2
alpha_inv,1.370359990840000e+02,1.370839743133391e+02,"+2 * 6 * 10 * 10 * 1/Gstar^2",3.500921630796726e-04,4,+2
alpha_inv,1.370359990840000e+02,1.370980688021048e+02,"+3 * 9 * 9 * 1/pi * sqrt(pi)",4.529446168865356e-04,4,+3
alpha_inv,1.370359990840000e+02,1.370980688021048e+02,"+1 * 9 * 27 * 1/pi * sqrt(pi)",4.529446168865356e-04,4,+1
alpha_inv,1.370359990840000e+02,1.370839743133391e+02,"+1 * 10 * 10 * 12 * 1/Gstar^2",3.500921630796726e-04,4,+1
alpha_inv,1.370359990840000e+02,1.369869528230809e+02,"+2 * 13 * 27 * 1/Gstar * 1/sqrt(3)",3.579078581318506e-04,4,+2
alpha_inv,1.370359990840000e+02,1.370210165515224e+02,"+3 * 13 * 55 * Gstar^2 * alpha",1.093328218698155e-04,4,+3
alpha_inv,1.370359990840000e+02,1.370176657968148e+02,"+2 * 16 * Gstar * sqrt(2pi) * 1/sqrt(3)",1.337844603444423e-04,4,+2
alpha_inv,1.370359990840000e+02,1.371422158875259e+02,"+1 * 47 * Gstar^2 * 1/sqrt(3) * 1/sqrt(3)",7.751014641109162e-04,4,+1
m_e_in_MeV,5.109989506900000e-01,5.110340943646523e-01,"+2 * 4 * Gstar^2 * alpha",6.877445561255920e-05,3,+2
m_e_in_MeV,5.109989506900000e-01,5.108146798498661e-01,"+2 * 5 * 7 * alpha",3.606090382086471e-04,3,+2
m_e_in_MeV,5.109989506900000e-01,5.108146798498661e-01,"+1 * 7 * 10 * alpha",3.606090382086471e-04,3,+1
m_e_in_MeV,5.109989506900000e-01,5.110340943646523e-01,"+1 * 8 * Gstar^2 * alpha",6.877445561255920e-05,3,+1
m_e_in_MeV,5.109989506900000e-01,5.110340943646523e-01,"+2 * 1 * 4 * Gstar^2 * alpha",6.877445561255920e-05,4,+2
m_e_in_MeV,5.109989506900000e-01,5.108146798498661e-01,"+2 * 1 * 5 * 7 * alpha",3.606090382086471e-04,4,+2
m_e_in_MeV,5.109989506900000e-01,5.108146798498661e-01,"+1 * 1 * 7 * 10 * alpha",3.606090382086471e-04,4,+1
m_e_in_MeV,5.109989506900000e-01,5.110340943646523e-01,"+1 * 1 * 8 * Gstar^2 * alpha",6.877445561255920e-05,4,+1
m_e_in_MeV,5.109989506900000e-01,5.110340943646523e-01,"+2 * 2 * 2 * Gstar^2 * alpha",6.877445561255920e-05,4,+2
m_e_in_MeV,5.109989506900000e-01,5.110340943646523e-01,"+1 * 2 * 4 * Gstar^2 * alpha",6.877445561255920e-05,4,+1
m_e_in_MeV,5.109989506900000e-01,5.108146798498661e-01,"+1 * 2 * 5 * 7 * alpha",3.606090382086471e-04,4,+1
m_e_in_MeV,5.109989506900000e-01,5.105739871419106e-01,"+2 * 2 * 17 * 141 * alpha^2",8.316329172801253e-04,4,+2
m_e_in_MeV,5.109989506900000e-01,5.110202824697783e-01,"+2 * 2 * 55 * alpha * 1/pi",4.174525162811209e-05,4,+2
m_e_in_MeV,5.109989506900000e-01,5.106225647145985e-01,"+2 * 2 * alpha * pi^2 * sqrt(pi)",7.365689790423802e-04,4,+2
m_e_in_MeV,5.109989506900000e-01,5.105739871419106e-01,"+3 * 4 * 17 * 47 * alpha^2",8.316329172801253e-04,4,+3
m_e_in_MeV,5.109989506900000e-01,5.105739871419106e-01,"+1 * 4 * 17 * 141 * alpha^2",8.316329172801253e-04,4,+1
m_e_in_MeV,5.109989506900000e-01,5.110202824697783e-01,"+1 * 4 * 55 * alpha * 1/pi",4.174525162811209e-05,4,+1
m_e_in_MeV,5.109989506900000e-01,5.110340943646523e-01,"+2 * 4 * Gstar * Gstar * alpha",6.877445561255920e-05,4,+2
m_e_in_MeV,5.109989506900000e-01,5.110340943646522e-01,"+2 * 4 * Gstar^3 * 1/Gstar * alpha",6.877445561234194e-05,4,+2
m_e_in_MeV,5.109989506900000e-01,5.106225647145985e-01,"+1 * 4 * alpha * pi^2 * sqrt(pi)",7.365689790423802e-04,4,+1
m_e_in_MeV,5.109989506900000e-01,5.112130033961558e-01,"+3 * 5 * 10 * 64 * alpha^2",4.188906960900527e-04,4,+3
m_e_in_MeV,5.109989506900000e-01,5.105739871419106e-01,"+2 * 6 * 17 * 47 * alpha^2",8.316329172801253e-04,4,+2
m_e_in_MeV,5.109989506900000e-01,5.111955800442702e-01,"+3 * 7 * 1/Gstar * alpha * pi^2",3.847940470420146e-04,4,+3
m_e_in_MeV,5.109989506900000e-01,5.110340943646523e-01,"+1 * 8 * Gstar * Gstar * alpha",6.877445561255920e-05,4,+1
m_e_in_MeV,5.109989506900000e-01,5.110340943646522e-01,"+1 * 8 * Gstar^3 * 1/Gstar * alpha",6.877445561234194e-05,4,+1
m_e_in_MeV,5.109989506900000e-01,5.110202824697783e-01,"+2 * 10 * 11 * alpha * 1/pi",4.174525162811209e-05,4,+2
m_e_in_MeV,5.109989506900000e-01,5.114013359762954e-01,"+3 * 11 * 1/Gstar * alpha * 2pi",7.874483611993675e-04,4,+3
m_e_in_MeV,5.109989506900000e-01,5.105739871419106e-01,"+1 * 12 * 17 * 47 * alpha^2",8.316329172801253e-04,4,+1
m_e_in_MeV,5.109989506900000e-01,5.108538484565468e-01,"+3 * 12 * 27 * alpha^2 * pi^2",2.839579871099114e-04,4,+3
m_e_in_MeV,5.109989506900000e-01,5.114403135124552e-01,"+3 * 27 * alpha * 1/pi * e",8.637254966164708e-04,4,+3
m_e_in_MeV,5.109989506900000e-01,5.112609701803559e-01,"+1 * 55 * 59 * Gstar * alpha^2",5.127593510751153e-04,4,+1
m_e_in_MeV,5.109989506900000e-01,5.112747885805555e-01,"+2 * 59 * Gstar^3 * alpha^2 * pi",5.398012856642001e-04,4,+2
m_e_in_MeV,5.109989506900000e-01,5.112747885805555e-01,"+1 * 59 * Gstar^3 * alpha^2 * 2pi",5.398012856642001e-04,4,+1
m_e_in_MeV,5.109989506900000e-01,5.106225647145985e-01,"+2 * alpha * pi * 2pi * sqrt(pi)",7.365689790423802e-04,4,+2
m_e_in_MeV,5.109989506900000e-01,5.106225647145985e-01,"+1 * alpha * 2pi * 2pi * sqrt(pi)",7.365689790423802e-04,4,+1
m_p_over_m_e,1.836152673430000e+03,1.836000000000000e+03,"+2 * 2 * 17 * 27",8.314854870692768e-05,3,+2
m_p_over_m_e,1.836152673430000e+03,1.836000000000000e+03,"+3 * 3 * 12 * 17",8.314854870692768e-05,3,+3
m_p_over_m_e,1.836152673430000e+03,1.836000000000000e+03,"+3 * 4 * 9 * 17",8.314854870692768e-05,3,+3
m_p_over_m_e,1.836152673430000e+03,1.836000000000000e+03,"+1 * 4 * 17 * 27",8.314854870692768e-05,3,+1
m_p_over_m_e,1.836152673430000e+03,1.836000000000000e+03,"+3 * 6 * 6 * 17",8.314854870692768e-05,3,+3
m_p_over_m_e,1.836152673430000e+03,1.836000000000000e+03,"+2 * 6 * 9 * 17",8.314854870692768e-05,3,+2
m_p_over_m_e,1.836152673430000e+03,1.836000000000000e+03,"+1 * 9 * 12 * 17",8.314854870692768e-05,3,+1
m_p_over_m_e,1.836152673430000e+03,1.837548238954464e+03,"+3 * 55 * 2pi * sqrt(pi)",7.600487392241716e-04,3,+3
m_p_over_m_e,1.836152673430000e+03,1.836118108711688e+03,"+3 * pi^2 * pi^2 * 2pi",1.882453393546906e-05,3,+3
m_p_over_m_e,1.836152673430000e+03,1.836000000000000e+03,"+2 * 1 * 2 * 17 * 27",8.314854870692768e-05,4,+2
m_p_over_m_e,1.836152673430000e+03,1.836000000000000e+03,"+3 * 1 * 3 * 12 * 17",8.314854870692768e-05,4,+3
m_p_over_m_e,1.836152673430000e+03,1.836000000000000e+03,"+3 * 1 * 4 * 9 * 17",8.314854870692768e-05,4,+3
m_p_over_m_e,1.836152673430000e+03,1.836000000000000e+03,"+1 * 1 * 4 * 17 * 27",8.314854870692768e-05,4,+1
m_p_over_m_e,1.836152673430000e+03,1.836000000000000e+03,"+3 * 1 * 6 * 6 * 17",8.314854870692768e-05,4,+3
m_p_over_m_e,1.836152673430000e+03,1.836000000000000e+03,"+2 * 1 * 6 * 9 * 17",8.314854870692768e-05,4,+2
m_p_over_m_e,1.836152673430000e+03,1.836000000000000e+03,"+1 * 1 * 9 * 12 * 17",8.314854870692768e-05,4,+1
m_p_over_m_e,1.836152673430000e+03,1.837548238954464e+03,"+3 * 1 * 55 * 2pi * sqrt(pi)",7.600487392241716e-04,4,+3
m_p_over_m_e,1.836152673430000e+03,1.836118108711688e+03,"+3 * 1 * pi^2 * pi^2 * 2pi",1.882453393546906e-05,4,+3
m_p_over_m_e,1.836152673430000e+03,1.836000000000000e+03,"+3 * 2 * 2 * 9 * 17",8.314854870692768e-05,4,+3
m_p_over_m_e,1.836152673430000e+03,1.836000000000000e+03,"+1 * 2 * 2 * 17 * 27",8.314854870692768e-05,4,+1
m_p_over_m_e,1.836152673430000e+03,1.836000000000000e+03,"+3 * 2 * 3 * 6 * 17",8.314854870692768e-05,4,+3
m_p_over_m_e,1.836152673430000e+03,1.836000000000000e+03,"+2 * 2 * 3 * 9 * 17",8.314854870692768e-05,4,+2
m_p_over_m_e,1.836152673430000e+03,1.836000000000000e+03,"+1 * 2 * 6 * 9 * 17",8.314854870692768e-05,4,+1
m_p_over_m_e,1.836152673430000e+03,1.836228680069351e+03,"+2 * 2 * 10 * Gstar^3 * sqrt(pi)",4.139450953657608e-05,4,+2
m_p_over_m_e,1.836152673430000e+03,1.837558516038315e+03,"+2 * 2 * 13 * 13 * e",7.656458140206554e-04,4,+2
m_p_over_m_e,1.836152673430000e+03,1.837548238954464e+03,"+3 * 2 * 55 * pi * sqrt(pi)",7.600487392241716e-04,4,+3
m_p_over_m_e,1.836152673430000e+03,1.836118108711688e+03,"+3 * 2 * pi * pi^2 * pi^2",1.882453393546906e-05,4,+3
m_p_over_m_e,1.836152673430000e+03,1.836000000000000e+03,"+3 * 3 * 3 * 4 * 17",8.314854870692768e-05,4,+3
m_p_over_m_e,1.836152673430000e+03,1.836000000000000e+03,"+2 * 3 * 3 * 6 * 17",8.314854870692768e-05,4,+2
m_p_over_m_e,1.836152673430000e+03,1.836000000000000e+03,"+1 * 3 * 3 * 12 * 17",8.314854870692768e-05,4,+1
m_p_over_m_e,1.836152673430000e+03,1.836000000000000e+03,"+1 * 3 * 4 * 9 * 17",8.314854870692768e-05,4,+1
m_p_over_m_e,1.836152673430000e+03,1.837831702350029e+03,"+3 * 3 * 5 * 13 * pi",9.144277294177578e-04,4,+3
m_p_over_m_e,1.836152673430000e+03,1.836000000000000e+03,"+1 * 3 * 6 * 6 * 17",8.314854870692768e-05,4,+1
m_p_over_m_e,1.836152673430000e+03,1.837548238954463e+03,"+2 * 3 * 55 * pi * sqrt(pi)",7.600487392239240e-04,4,+2
m_p_over_m_e,1.836152673430000e+03,1.837548238954463e+03,"+1 * 3 * 55 * 2pi * sqrt(pi)",7.600487392239240e-04,4,+1
m_p_over_m_e,1.836152673430000e+03,1.836499984068884e+03,"+3 * 3 * 141 * sqrt(2pi) * 1/sqrt(3)",1.891512856797135e-04,4,+3
m_p_over_m_e,1.836152673430000e+03,1.835583541478365e+03,"+3 * 3 * Gstar^3 * pi * sqrt(2pi)",3.099589483328818e-04,4,+3
m_p_over_m_e,1.836152673430000e+03,1.836118108711688e+03,"+2 * 3 * pi * pi^2 * pi^2",1.882453393546906e-05,4,+2
m_p_over_m_e,1.836152673430000e+03,1.836118108711689e+03,"+1 * 3 * pi^2 * pi^2 * 2pi",1.882453393534523e-05,4,+1
m_p_over_m_e,1.836152673430000e+03,1.836228680069351e+03,"+2 * 4 * 5 * Gstar^3 * sqrt(pi)",4.139450953657608e-05,4,+2
m_p_over_m_e,1.836152673430000e+03,1.836228680069351e+03,"+1 * 4 * 10 * Gstar^3 * sqrt(pi)",4.139450953657608e-05,4,+1
m_p_over_m_e,1.836152673430000e+03,1.837558516038315e+03,"+1 * 4 * 13 * 13 * e",7.656458140206554e-04,4,+1
m_p_over_m_e,1.836152673430000e+03,1.837597904347351e+03,"+3 * 4 * Gstar^2 * pi^2 * sqrt(pi)",7.870973575696394e-04,4,+3
m_p_over_m_e,1.836152673430000e+03,1.834840234209855e+03,"+3 * 5 * 5 * 9 * e",7.147767389588254e-04,4,+3
m_p_over_m_e,1.836152673430000e+03,1.834840234209855e+03,"+1 * 5 * 5 * 27 * e",7.147767389587016e-04,4,+1
m_p_over_m_e,1.836152673430000e+03,1.836808924400610e+03,"+3 * 5 * 7 * pi^2 * sqrt(pi)",3.574054489621192e-04,4,+3
m_p_over_m_e,1.836152673430000e+03,1.836228680069351e+03,"+1 * 5 * 8 * Gstar^3 * sqrt(pi)",4.139450953657608e-05,4,+1
m_p_over_m_e,1.836152673430000e+03,1.837831702350029e+03,"+1 * 5 * 9 * 13 * pi",9.144277294177578e-04,4,+1
m_p_over_m_e,1.836152673430000e+03,1.837548238954464e+03,"+3 * 5 * 11 * 2pi * sqrt(pi)",7.600487392241716e-04,4,+3
m_p_over_m_e,1.836152673430000e+03,1.834700398632396e+03,"+2 * 5 * 55 * 1/Gstar * pi^2",7.909335746528255e-04,4,+2
m_p_over_m_e,1.836152673430000e+03,1.834749987053640e+03,"+2 * 5 * Gstar * pi^2 * 2pi",7.639268763746850e-04,4,+2
m_p_over_m_e,1.836152673430000e+03,1.837548238954463e+03,"+1 * 6 * 55 * pi * sqrt(pi)",7.600487392239240e-04,4,+1
m_p_over_m_e,1.836152673430000e+03,1.837597904347351e+03,"+2 * 6 * Gstar^2 * pi^2 * sqrt(pi)",7.870973575693918e-04,4,+2
m_p_over_m_e,1.836152673430000e+03,1.836118108711688e+03,"+1 * 6 * pi * pi^2 * pi^2",1.882453393546906e-05,4,+1
m_p_over_m_e,1.836152673430000e+03,1.834910653459405e+03,"+1 * 7 * 59 * sqrt(2pi) * sqrt(pi)",6.764252170136264e-04,4,+1
m_p_over_m_e,1.836152673430000e+03,1.836499984068884e+03,"+3 * 9 * 47 * sqrt(2pi) * 1/sqrt(3)",1.891512856797135e-04,4,+3
m_p_over_m_e,1.836152673430000e+03,1.834832107856396e+03,"+3 * 9 * 64 * 1/Gstar * pi",7.192024893755495e-04,4,+3
m_p_over_m_e,1.836152673430000e+03,1.836499984068883e+03,"+1 * 9 * 141 * sqrt(2pi) * 1/sqrt(3)",1.891512856795897e-04,4,+1
m_p_over_m_e,1.836152673430000e+03,1.835583541478365e+03,"+1 * 9 * Gstar^3 * pi * sqrt(2pi)",3.099589483330056e-04,4,+1
m_p_over_m_e,1.836152673430000e+03,1.837548238954464e+03,"+3 * 10 * 11 * pi * sqrt(pi)",7.600487392241716e-04,4,+3
m_p_over_m_e,1.836152673430000e+03,1.834700398632396e+03,"+1 * 10 * 55 * 1/Gstar * pi^2",7.909335746528255e-04,4,+1
m_p_over_m_e,1.836152673430000e+03,1.834749987053639e+03,"+2 * 10 * Gstar * pi * pi^2",7.639268763748088e-04,4,+2
m_p_over_m_e,1.836152673430000e+03,1.834749987053640e+03,"+1 * 10 * Gstar * pi^2 * 2pi",7.639268763746850e-04,4,+1
m_p_over_m_e,1.836152673430000e+03,1.834596483788471e+03,"+3 * 11 * 11 * Gstar^2 * 1/sqrt(3)",8.475273674392070e-04,4,+3
m_p_over_m_e,1.836152673430000e+03,1.835396505753821e+03,"+1 * 11 * 17 * 17 * 1/sqrt(3)",4.118217875461200e-04,4,+1
m_p_over_m_e,1.836152673430000e+03,1.837803700314131e+03,"+3 * 12 * 59 * 1/pi * e",8.991773440314003e-04,4,+3
m_p_over_m_e,1.836152673430000e+03,1.837597904347351e+03,"+1 * 12 * Gstar^2 * pi^2 * sqrt(pi)",7.870973575693918e-04,4,+1
m_p_over_m_e,1.836152673430000e+03,1.835932374407393e+03,"+3 * 13 * 59 * 1/pi * sqrt(2pi)",1.199785975289430e-04,4,+3
m_p_over_m_e,1.836152673430000e+03,1.834832107856395e+03,"+2 * 16 * 27 * 1/Gstar * 2pi",7.192024893756733e-04,4,+2
m_p_over_m_e,1.836152673430000e+03,1.836000000000000e+03,"+2 * 17 * 27 * 1/pi * 2pi",8.314854870705151e-05,4,+2
m_p_over_m_e,1.836152673430000e+03,1.836499984068883e+03,"+1 * 27 * 47 * sqrt(2pi) * 1/sqrt(3)",1.891512856795897e-04,4,+1
m_p_over_m_e,1.836152673430000e+03,1.834832107856395e+03,"+1 * 27 * 64 * 1/Gstar * pi",7.192024893756733e-04,4,+1
m_p_over_m_e,1.836152673430000e+03,1.837498574903900e+03,"+3 * 55 * 55 * 1/Gstar^2 * sqrt(pi)",7.330008519310310e-04,4,+3
m_p_over_m_e,1.836152673430000e+03,1.836068483313748e+03,"+3 * 55 * 1/Gstar^2 * pi^2 * pi^2",4.585137035191763e-05,4,+3
m_p_over_m_e,1.836152673430000e+03,1.837548238954463e+03,"+3 * 55 * sqrt(2pi) * sqrt(2pi) * sqrt(pi)",7.600487392238002e-04,4,+3
m_p_over_m_e,1.836152673430000e+03,1.837597904347351e+03,"+3 * Gstar^2 * 2pi * 2pi * sqrt(pi)",7.870973575693918e-04,4,+3
m_p_over_m_e,1.836152673430000e+03,1.836118108711688e+03,"+3 * pi * pi * pi^2 * 2pi",1.882453393546906e-05,4,+3
m_p_over_m_e,1.836152673430000e+03,1.836118108711688e+03,"+3 * pi^2 * pi^2 * sqrt(2pi) * sqrt(2pi)",1.882453393559290e-05,4,+3
m_n_over_m_e,1.838683661730000e+03,1.838289276790240e+03,"+3 * 7 * 10 * Gstar^2",2.144930897947948e-04,3,+3
m_n_over_m_e,1.838683661730000e+03,1.839078892605162e+03,"+3 * 8 * Gstar * Gstar^3",2.149531664353540e-04,3,+3
m_n_over_m_e,1.838683661730000e+03,1.839078892605162e+03,"+3 * 8 * Gstar^2 * Gstar^2",2.149531664354776e-04,3,+3
m_n_over_m_e,1.838683661730000e+03,1.839078892605162e+03,"+2 * 12 * Gstar * Gstar^3",2.149531664353540e-04,3,+2
m_n_over_m_e,1.838683661730000e+03,1.839078892605162e+03,"+2 * 12 * Gstar^2 * Gstar^2",2.149531664353540e-04,3,+2
m_n_over_m_e,1.838683661730000e+03,1.839437957638148e+03,"+2 * 27 * 59 * 1/sqrt(3)",4.102369123344545e-04,3,+2
m_n_over_m_e,1.838683661730000e+03,1.837548238954464e+03,"+3 * 55 * 2pi * sqrt(pi)",6.175193695190166e-04,3,+3
m_n_over_m_e,1.838683661730000e+03,1.838289276790240e+03,"+3 * 1 * 7 * 10 * Gstar^2",2.144930897947948e-04,4,+3
m_n_over_m_e,1.838683661730000e+03,1.839078892605162e+03,"+3 * 1 * 8 * Gstar * Gstar^3",2.149531664353540e-04,4,+3
m_n_over_m_e,1.838683661730000e+03,1.839078892605162e+03,"+3 * 1 * 8 * Gstar^2 * Gstar^2",2.149531664354776e-04,4,+3
m_n_over_m_e,1.838683661730000e+03,1.839078892605162e+03,"+2 * 1 * 12 * Gstar * Gstar^3",2.149531664353540e-04,4,+2
m_n_over_m_e,1.838683661730000e+03,1.839078892605162e+03,"+2 * 1 * 12 * Gstar^2 * Gstar^2",2.149531664353540e-04,4,+2
m_n_over_m_e,1.838683661730000e+03,1.839437957638148e+03,"+2 * 1 * 27 * 59 * 1/sqrt(3)",4.102369123344545e-04,4,+2
m_n_over_m_e,1.838683661730000e+03,1.837548238954464e+03,"+3 * 1 * 55 * 2pi * sqrt(pi)",6.175193695190166e-04,4,+3
m_n_over_m_e,1.838683661730000e+03,1.839078892605162e+03,"+3 * 2 * 4 * Gstar * Gstar^3",2.149531664353540e-04,4,+3
m_n_over_m_e,1.838683661730000e+03,1.839078892605162e+03,"+3 * 2 * 4 * Gstar^2 * Gstar^2",2.149531664354776e-04,4,+3
m_n_over_m_e,1.838683661730000e+03,1.838289276790240e+03,"+3 * 2 * 5 * 7 * Gstar^2",2.144930897947948e-04,4,+3
m_n_over_m_e,1.838683661730000e+03,1.839078892605162e+03,"+2 * 2 * 6 * Gstar * Gstar^3",2.149531664353540e-04,4,+2
m_n_over_m_e,1.838683661730000e+03,1.839078892605162e+03,"+2 * 2 * 6 * Gstar^2 * Gstar^2",2.149531664353540e-04,4,+2
m_n_over_m_e,1.838683661730000e+03,1.839437957638148e+03,"+3 * 2 * 9 * 59 * 1/sqrt(3)",4.102369123344545e-04,4,+3
m_n_over_m_e,1.838683661730000e+03,1.839078892605162e+03,"+1 * 2 * 12 * Gstar * Gstar^3",2.149531664353540e-04,4,+1
m_n_over_m_e,1.838683661730000e+03,1.839078892605162e+03,"+1 * 2 * 12 * Gstar^2 * Gstar^2",2.149531664353540e-04,4,+1
m_n_over_m_e,1.838683661730000e+03,1.837558516038315e+03,"+2 * 2 * 13 * 13 * e",6.119299992184823e-04,4,+2
m_n_over_m_e,1.838683661730000e+03,1.839437957638148e+03,"+1 * 2 * 27 * 59 * 1/sqrt(3)",4.102369123344545e-04,4,+1
m_n_over_m_e,1.838683661730000e+03,1.837548238954464e+03,"+3 * 2 * 55 * pi * sqrt(pi)",6.175193695190166e-04,4,+3
m_n_over_m_e,1.838683661730000e+03,1.839078892605162e+03,"+2 * 3 * 4 * Gstar * Gstar^3",2.149531664353540e-04,4,+2
m_n_over_m_e,1.838683661730000e+03,1.839078892605162e+03,"+2 * 3 * 4 * Gstar^2 * Gstar^2",2.149531664353540e-04,4,+2
m_n_over_m_e,1.838683661730000e+03,1.838289276790240e+03,"+2 * 3 * 5 * 7 * Gstar^2",2.144930897947948e-04,4,+2
m_n_over_m_e,1.838683661730000e+03,1.837831702350029e+03,"+3 * 3 * 5 * 13 * pi",4.633528853840191e-04,4,+3
m_n_over_m_e,1.838683661730000e+03,1.839437957638148e+03,"+3 * 3 * 6 * 59 * 1/sqrt(3)",4.102369123344545e-04,4,+3
m_n_over_m_e,1.838683661730000e+03,1.838289276790240e+03,"+1 * 3 * 7 * 10 * Gstar^2",2.144930897947948e-04,4,+1
m_n_over_m_e,1.838683661730000e+03,1.839660037597480e+03,"+3 * 3 * 7 * Gstar * pi^2",5.310189500248147e-04,4,+3
m_n_over_m_e,1.838683661730000e+03,1.839078892605162e+03,"+1 * 3 * 8 * Gstar * Gstar^3",2.149531664353540e-04,4,+1
m_n_over_m_e,1.838683661730000e+03,1.839078892605162e+03,"+1 * 3 * 8 * Gstar^2 * Gstar^2",2.149531664353540e-04,4,+1
m_n_over_m_e,1.838683661730000e+03,1.839437957638148e+03,"+2 * 3 * 9 * 59 * 1/sqrt(3)",4.102369123344545e-04,4,+2
m_n_over_m_e,1.838683661730000e+03,1.840350758583183e+03,"+3 * 3 * 11 * 55 * 1/Gstar",9.066795381289247e-04,4,+3
m_n_over_m_e,1.838683661730000e+03,1.840400499722783e+03,"+3 * 3 * 11 * Gstar * 2pi",9.337321196226873e-04,4,+3
m_n_over_m_e,1.838683661730000e+03,1.837548238954463e+03,"+2 * 3 * 55 * pi * sqrt(pi)",6.175193695192639e-04,4,+2
m_n_over_m_e,1.838683661730000e+03,1.837548238954463e+03,"+1 * 3 * 55 * 2pi * sqrt(pi)",6.175193695192639e-04,4,+1
m_n_over_m_e,1.838683661730000e+03,1.839078892605162e+03,"+1 * 4 * 6 * Gstar * Gstar^3",2.149531664353540e-04,4,+1
m_n_over_m_e,1.838683661730000e+03,1.839078892605162e+03,"+1 * 4 * 6 * Gstar^2 * Gstar^2",2.149531664353540e-04,4,+1
m_n_over_m_e,1.838683661730000e+03,1.837558516038315e+03,"+1 * 4 * 13 * 13 * e",6.119299992184823e-04,4,+1
m_n_over_m_e,1.838683661730000e+03,1.839029187185094e+03,"+3 * 4 * 55 * Gstar^2 * 1/pi",1.879200116285864e-04,4,+3
m_n_over_m_e,1.838683661730000e+03,1.837597904347351e+03,"+3 * 4 * Gstar^2 * pi^2 * sqrt(pi)",5.905079841886608e-04,4,+3
m_n_over_m_e,1.838683661730000e+03,1.838289276790240e+03,"+1 * 5 * 6 * 7 * Gstar^2",2.144930897947948e-04,4,+1
m_n_over_m_e,1.838683661730000e+03,1.838239592711391e+03,"+3 * 5 * 7 * 55 * 1/pi",2.415146378094331e-04,4,+3
m_n_over_m_e,1.838683661730000e+03,1.837831702350029e+03,"+1 * 5 * 9 * 13 * pi",4.633528853840191e-04,4,+1
m_n_over_m_e,1.838683661730000e+03,1.837548238954464e+03,"+3 * 5 * 11 * 2pi * sqrt(pi)",6.175193695190166e-04,4,+3
m_n_over_m_e,1.838683661730000e+03,1.838660812983014e+03,"+1 * 5 * 17 * 64 * 1/Gstar",1.242668734234730e-05,4,+1
m_n_over_m_e,1.838683661730000e+03,1.839704964200396e+03,"+2 * 5 * 27 * sqrt(2pi) * e",5.554530622385913e-04,4,+2
m_n_over_m_e,1.838683661730000e+03,1.839437957638148e+03,"+1 * 6 * 9 * 59 * 1/sqrt(3)",4.102369123344545e-04,4,+1
m_n_over_m_e,1.838683661730000e+03,1.840400499722783e+03,"+3 * 6 * 11 * Gstar * pi",9.337321196226873e-04,4,+3
m_n_over_m_e,1.838683661730000e+03,1.839029187185094e+03,"+2 * 6 * 55 * Gstar^2 * 1/pi",1.879200116285864e-04,4,+2
m_n_over_m_e,1.838683661730000e+03,1.837548238954463e+03,"+1 * 6 * 55 * pi * sqrt(pi)",6.175193695192639e-04,4,+1
m_n_over_m_e,1.838683661730000e+03,1.837597904347351e+03,"+2 * 6 * Gstar^2 * pi^2 * sqrt(pi)",5.905079841889081e-04,4,+2
m_n_over_m_e,1.838683661730000e+03,1.840467761914678e+03,"+2 * 7 * 7 * 59 * 1/pi",9.703138292962866e-04,4,+2
m_n_over_m_e,1.838683661730000e+03,1.839660037597480e+03,"+1 * 7 * 9 * Gstar * pi^2",5.310189500248147e-04,4,+1
m_n_over_m_e,1.838683661730000e+03,1.838289276790240e+03,"+3 * 7 * 10 * Gstar * Gstar",2.144930897947948e-04,4,+3
m_n_over_m_e,1.838683661730000e+03,1.838289276790240e+03,"+3 * 7 * 10 * Gstar^3 * 1/Gstar",2.144930897950422e-04,4,+3
m_n_over_m_e,1.838683661730000e+03,1.840009645220794e+03,"+3 * 7 * 13 * 59 * 1/Gstar^2",7.211591196423545e-04,4,+3
m_n_over_m_e,1.838683661730000e+03,1.839078892605162e+03,"+3 * 8 * Gstar * Gstar * Gstar^2",2.149531664354776e-04,4,+3
m_n_over_m_e,1.838683661730000e+03,1.839078892605162e+03,"+3 * 8 * Gstar^2 * Gstar^3 * 1/Gstar",2.149531664353540e-04,4,+3
m_n_over_m_e,1.838683661730000e+03,1.839078892605162e+03,"+3 * 8 * Gstar^3 * Gstar^3 * 1/Gstar^2",2.149531664353540e-04,4,+3
m_n_over_m_e,1.838683661730000e+03,1.839704964200396e+03,"+3 * 9 * 10 * sqrt(2pi) * e",5.554530622385913e-04,4,+3
m_n_over_m_e,1.838683661730000e+03,1.840350758583183e+03,"+1 * 9 * 11 * 55 * 1/Gstar",9.066795381289247e-04,4,+1
m_n_over_m_e,1.838683661730000e+03,1.840400499722783e+03,"+2 * 9 * 11 * Gstar * pi",9.337321196228111e-04,4,+2
m_n_over_m_e,1.838683661730000e+03,1.840400499722783e+03,"+1 * 9 * 11 * Gstar * 2pi",9.337321196228111e-04,4,+1
m_n_over_m_e,1.838683661730000e+03,1.837548238954464e+03,"+3 * 10 * 11 * pi * sqrt(pi)",6.175193695190166e-04,4,+3
m_n_over_m_e,1.838683661730000e+03,1.838660812983014e+03,"+2 * 10 * 16 * 17 * 1/Gstar",1.242668734234730e-05,4,+2
m_n_over_m_e,1.838683661730000e+03,1.839831142142310e+03,"+2 * 10 * 17 * 17 * 1/pi",6.240771244089558e-04,4,+2
m_n_over_m_e,1.838683661730000e+03,1.839704964200396e+03,"+1 * 10 * 27 * sqrt(2pi) * e",5.554530622385913e-04,4,+1
m_n_over_m_e,1.838683661730000e+03,1.839029187185094e+03,"+1 * 12 * 55 * Gstar^2 * 1/pi",1.879200116285864e-04,4,+1
m_n_over_m_e,1.838683661730000e+03,1.837803700314131e+03,"+3 * 12 * 59 * 1/pi * e",4.785822782811373e-04,4,+3
m_n_over_m_e,1.838683661730000e+03,1.838326028089802e+03,"+3 * 12 * 64 * 1/pi * sqrt(2pi)",1.945052581050874e-04,4,+3
m_n_over_m_e,1.838683661730000e+03,1.839078892605162e+03,"+2 * 12 * Gstar * Gstar * Gstar^2",2.149531664353540e-04,4,+2
m_n_over_m_e,1.838683661730000e+03,1.839078892605162e+03,"+2 * 12 * Gstar^2 * Gstar^3 * 1/Gstar",2.149531664353540e-04,4,+2
m_n_over_m_e,1.838683661730000e+03,1.837597904347351e+03,"+1 * 12 * Gstar^2 * pi^2 * sqrt(pi)",5.905079841889081e-04,4,+1
m_n_over_m_e,1.838683661730000e+03,1.839078892605162e+03,"+2 * 12 * Gstar^3 * Gstar^3 * 1/Gstar^2",2.149531664352303e-04,4,+2
m_n_over_m_e,1.838683661730000e+03,1.839192555333497e+03,"+3 * 13 * 13 * 2pi * 1/sqrt(3)",2.767706126339094e-04,4,+3
m_n_over_m_e,1.838683661730000e+03,1.840343400553869e+03,"+3 * 16 * 64 * 1/Gstar * sqrt(pi)",9.026777462674655e-04,4,+3
m_n_over_m_e,1.838683661730000e+03,1.837498574903900e+03,"+3 * 55 * 55 * 1/Gstar^2 * sqrt(pi)",6.445300248033546e-04,4,+3
m_n_over_m_e,1.838683661730000e+03,1.839895359702963e+03,"+3 * 55 * 59 * Gstar^3 * alpha",6.590029585744705e-04,4,+3
m_n_over_m_e,1.838683661730000e+03,1.837548238954463e+03,"+3 * 55 * sqrt(2pi) * sqrt(2pi) * sqrt(pi)",6.175193695193875e-04,4,+3
m_n_over_m_e,1.838683661730000e+03,1.837597904347351e+03,"+3 * Gstar^2 * 2pi * 2pi * sqrt(pi)",5.905079841889081e-04,4,+3
m_mu_over_m_e,2.067682830000000e+02,2.065831161332802e+02,"+1 * 11 * 59 * 1/pi",8.955283858493888e-04,3,+1
m_mu_over_m_e,2.067682830000000e+02,2.068493414605891e+02,"+3 * 12 * 17 * 1/Gstar",3.920256018622796e-04,3,+3
m_mu_over_m_e,2.067682830000000e+02,2.068024219775031e+02,"+3 * Gstar^2 * pi * sqrt(2pi)",1.651074188352132e-04,3,+3
m_mu_over_m_e,2.067682830000000e+02,2.065831161332802e+02,"+1 * 1 * 11 * 59 * 1/pi",8.955283858493888e-04,4,+1
m_mu_over_m_e,2.067682830000000e+02,2.068493414605891e+02,"+3 * 1 * 12 * 17 * 1/Gstar",3.920256018622796e-04,4,+3
m_mu_over_m_e,2.067682830000000e+02,2.068024219775031e+02,"+3 * 1 * Gstar^2 * pi * sqrt(2pi)",1.651074188352132e-04,4,+3
m_mu_over_m_e,2.067682830000000e+02,2.068493414605891e+02,"+3 * 2 * 6 * 17 * 1/Gstar",3.920256018622796e-04,4,+3
m_mu_over_m_e,2.067682830000000e+02,2.068935707700582e+02,"+2 * 2 * 7 * e * e",6.059332129685439e-04,4,+2
m_mu_over_m_e,2.067682830000000e+02,2.068493414605891e+02,"+2 * 2 * 9 * 17 * 1/Gstar",3.920256018622796e-04,4,+2
m_mu_over_m_e,2.067682830000000e+02,2.068493414605891e+02,"+3 * 3 * 4 * 17 * 1/Gstar",3.920256018622796e-04,4,+3
m_mu_over_m_e,2.067682830000000e+02,2.068493414605891e+02,"+2 * 3 * 6 * 17 * 1/Gstar",3.920256018622796e-04,4,+2
m_mu_over_m_e,2.067682830000000e+02,2.068493414605891e+02,"+1 * 3 * 12 * 17 * 1/Gstar",3.920256018622796e-04,4,+1
m_mu_over_m_e,2.067682830000000e+02,2.067177631812854e+02,"+3 * 3 * 64 * 1/Gstar^2 * pi",2.443306003297814e-04,4,+3
m_mu_over_m_e,2.067682830000000e+02,2.068024219775031e+02,"+1 * 3 * Gstar^2 * pi * sqrt(2pi)",1.651074188352132e-04,4,+1
m_mu_over_m_e,2.067682830000000e+02,2.068935707700582e+02,"+1 * 4 * 7 * e * e",6.059332129685439e-04,4,+1
m_mu_over_m_e,2.067682830000000e+02,2.068493414605891e+02,"+1 * 4 * 9 * 17 * 1/Gstar",3.920256018622796e-04,4,+1
m_mu_over_m_e,2.067682830000000e+02,2.069014260194639e+02,"+2 * 5 * 5 * 13 * 1/pi",6.439238046192210e-04,4,+2
m_mu_over_m_e,2.067682830000000e+02,2.069014260194639e+02,"+1 * 5 * 10 * 13 * 1/pi",6.439238046192210e-04,4,+1
m_mu_over_m_e,2.067682830000000e+02,2.066483301077579e+02,"+2 * 5 * Gstar^3 * 1/pi * sqrt(2pi)",5.801319743127822e-04,4,+2
m_mu_over_m_e,2.067682830000000e+02,2.068493414605891e+02,"+1 * 6 * 6 * 17 * 1/Gstar",3.920256018622796e-04,4,+1
m_mu_over_m_e,2.067682830000000e+02,2.067177631812854e+02,"+3 * 6 * 16 * 1/Gstar^2 * 2pi",2.443306003297814e-04,4,+3
m_mu_over_m_e,2.067682830000000e+02,2.067177631812854e+02,"+3 * 8 * 12 * 1/Gstar^2 * 2pi",2.443306003297814e-04,4,+3
m_mu_over_m_e,2.067682830000000e+02,2.067177631812854e+02,"+2 * 9 * 16 * 1/Gstar^2 * 2pi",2.443306003299189e-04,4,+2
m_mu_over_m_e,2.067682830000000e+02,2.067177631812854e+02,"+1 * 9 * 64 * 1/Gstar^2 * pi",2.443306003299189e-04,4,+1
m_mu_over_m_e,2.067682830000000e+02,2.066610247621173e+02,"+3 * 10 * 16 * 59 * alpha",5.187364151141005e-04,4,+3
m_mu_over_m_e,2.067682830000000e+02,2.065637343921951e+02,"+3 * 10 * 64 * 1/Gstar * 1/pi",9.892649145076824e-04,4,+3
m_mu_over_m_e,2.067682830000000e+02,2.066483301077579e+02,"+1 * 10 * Gstar^3 * 1/pi * sqrt(2pi)",5.801319743127822e-04,4,+1
m_mu_over_m_e,2.067682830000000e+02,2.066912170574933e+02,"+1 * 11 * 11 * Gstar * 1/sqrt(3)",3.727164601290462e-04,4,+1
m_mu_over_m_e,2.067682830000000e+02,2.069499588036646e+02,"+1 * 11 * 13 * sqrt(2pi) * 1/sqrt(3)",8.786444469559925e-04,4,+1
m_mu_over_m_e,2.067682830000000e+02,2.067177631812854e+02,"+2 * 12 * 12 * 1/Gstar^2 * 2pi",2.443306003299189e-04,4,+2
m_mu_over_m_e,2.067682830000000e+02,2.067177631812854e+02,"+3 * 12 * 16 * 1/Gstar^2 * pi",2.443306003297814e-04,4,+3
m_mu_over_m_e,2.067682830000000e+02,2.068493414605891e+02,"+3 * 12 * 17 * Gstar * 1/Gstar^2",3.920256018622796e-04,4,+3
m_mu_over_m_e,2.067682830000000e+02,2.068779904221849e+02,"+2 * 16 * 141 * alpha * 2pi",5.305814827747322e-04,4,+2
m_mu_over_m_e,2.067682830000000e+02,2.068779904221850e+02,"+3 * 47 * 64 * alpha * pi",5.305814827748697e-04,4,+3
m_mu_over_m_e,2.067682830000000e+02,2.068779904221849e+02,"+1 * 64 * 141 * alpha * pi",5.305814827747322e-04,4,+1
m_mu_over_m_e,2.067682830000000e+02,2.069056711857467e+02,"+3 * 141 * 1/Gstar * sqrt(2pi) * 1/sqrt(3)",6.644548368508094e-04,4,+3
m_mu_over_m_e,2.067682830000000e+02,2.068024219775031e+02,"+3 * Gstar * Gstar * pi * sqrt(2pi)",1.651074188352132e-04,4,+3
m_mu_over_m_e,2.067682830000000e+02,2.068024219775032e+02,"+3 * Gstar^2 * pi^2 * 1/pi * sqrt(2pi)",1.651074188354881e-04,4,+3
m_mu_over_m_e,2.067682830000000e+02,2.068024219775031e+02,"+3 * Gstar^2 * sqrt(2pi) * sqrt(pi) * sqrt(pi)",1.651074188352132e-04,4,+3
m_mu_over_m_e,2.067682830000000e+02,2.068024219775031e+02,"+3 * Gstar^3 * 1/Gstar * pi * sqrt(2pi)",1.651074188352132e-04,4,+3
m_mu_over_m_e,2.067682830000000e+02,2.068626479470997e+02,"+2 * 1/Gstar * pi * pi^2 * pi^2",4.563801842845225e-04,4,+2
m_mu_over_m_e,2.067682830000000e+02,2.068626479470998e+02,"+1 * 1/Gstar * pi^2 * pi^2 * 2pi",4.563801842846600e-04,4,+1
m_tau_over_m_e,3.477230000000000e+03,3.479400740427578e+03,"+2 * 10 * 64 * e",6.242728918068647e-04,3,+2
m_tau_over_m_e,3.477230000000000e+03,3.474100749183454e+03,"+2 * 11 * 16 * pi^2",8.999263254217060e-04,3,+2
m_tau_over_m_e,3.477230000000000e+03,3.479400740427578e+03,"+2 * 1 * 10 * 64 * e",6.242728918068647e-04,4,+2
m_tau_over_m_e,3.477230000000000e+03,3.474100749183454e+03,"+2 * 1 * 11 * 16 * pi^2",8.999263254217060e-04,4,+2
m_tau_over_m_e,3.477230000000000e+03,3.479400740427578e+03,"+2 * 2 * 5 * 64 * e",6.242728918068647e-04,4,+2
m_tau_over_m_e,3.477230000000000e+03,3.474100749183454e+03,"+2 * 2 * 8 * 11 * pi^2",8.999263254217060e-04,4,+2
m_tau_over_m_e,3.477230000000000e+03,3.479400740427578e+03,"+1 * 2 * 10 * 64 * e",6.242728918068647e-04,4,+1
m_tau_over_m_e,3.477230000000000e+03,3.474100749183454e+03,"+1 * 2 * 11 * 16 * pi^2",8.999263254217060e-04,4,+1
m_tau_over_m_e,3.477230000000000e+03,3.474493919983169e+03,"+3 * 2 * 17 * 59 * 1/sqrt(3)",7.868562093480265e-04,4,+3
m_tau_over_m_e,3.477230000000000e+03,3.474493919983168e+03,"+2 * 3 * 17 * 59 * 1/sqrt(3)",7.868562093481572e-04,4,+2
m_tau_over_m_e,3.477230000000000e+03,3.474100749183454e+03,"+2 * 4 * 4 * 11 * pi^2",8.999263254217060e-04,4,+2
m_tau_over_m_e,3.477230000000000e+03,3.479400740427578e+03,"+1 * 4 * 5 * 64 * e",6.242728918068647e-04,4,+1
m_tau_over_m_e,3.477230000000000e+03,3.474100749183454e+03,"+1 * 4 * 8 * 11 * pi^2",8.999263254217060e-04,4,+1
m_tau_over_m_e,3.477230000000000e+03,3.479400740427578e+03,"+2 * 4 * 10 * 16 * e",6.242728918068647e-04,4,+2
m_tau_over_m_e,3.477230000000000e+03,3.474100749183453e+03,"+2 * 4 * 11 * 2pi * 2pi",8.999263254218367e-04,4,+2
m_tau_over_m_e,3.477230000000000e+03,3.479191268072546e+03,"+2 * 4 * 27 * 141 * 1/Gstar^2",5.640317357626223e-04,4,+2
m_tau_over_m_e,3.477230000000000e+03,3.476443265046651e+03,"+1 * 5 * 5 * 47 * Gstar",2.262533549260254e-04,4,+1
m_tau_over_m_e,3.477230000000000e+03,3.479400740427578e+03,"+2 * 5 * 8 * 16 * e",6.242728918068647e-04,4,+2
m_tau_over_m_e,3.477230000000000e+03,3.479400740427578e+03,"+1 * 5 * 16 * 16 * e",6.242728918068647e-04,4,+1
m_tau_over_m_e,3.477230000000000e+03,3.474210034426226e+03,"+1 * 5 * Gstar^3 * pi^2 * e",8.684975034075366e-04,4,+1
m_tau_over_m_e,3.477230000000000e+03,3.474186788638567e+03,"+3 * 6 * 7 * 11 * sqrt(2pi)",8.751826486695876e-04,4,+3
m_tau_over_m_e,3.477230000000000e+03,3.479191268072546e+03,"+3 * 6 * 12 * 141 * 1/Gstar^2",5.640317357626223e-04,4,+3
m_tau_over_m_e,3.477230000000000e+03,3.474493919983168e+03,"+1 * 6 * 17 * 59 * 1/sqrt(3)",7.868562093481572e-04,4,+1
m_tau_over_m_e,3.477230000000000e+03,3.479401940165839e+03,"+3 * 7 * 7 * 8 * Gstar",6.246179188143451e-04,4,+3
m_tau_over_m_e,3.477230000000000e+03,3.479401940165839e+03,"+2 * 7 * 7 * 12 * Gstar",6.246179188144758e-04,4,+2
m_tau_over_m_e,3.477230000000000e+03,3.474186788638566e+03,"+2 * 7 * 9 * 11 * sqrt(2pi)",8.751826486697184e-04,4,+2
m_tau_over_m_e,3.477230000000000e+03,3.475501768240189e+03,"+2 * 7 * 16 * Gstar^2 * sqrt(pi)",4.970139334501956e-04,4,+2
m_tau_over_m_e,3.477230000000000e+03,3.474913404350795e+03,"+1 * 7 * 17 * Gstar * pi^2",6.662186997136464e-04,4,+1
m_tau_over_m_e,3.477230000000000e+03,3.479400740427578e+03,"+2 * 8 * 8 * 10 * e",6.242728918068647e-04,4,+2
m_tau_over_m_e,3.477230000000000e+03,3.479191268072546e+03,"+3 * 8 * 9 * 141 * 1/Gstar^2",5.640317357626223e-04,4,+3
m_tau_over_m_e,3.477230000000000e+03,3.479400740427578e+03,"+1 * 8 * 10 * 16 * e",6.242728918068647e-04,4,+1
m_tau_over_m_e,3.477230000000000e+03,3.474100749183453e+03,"+2 * 8 * 11 * pi * 2pi",8.999263254218367e-04,4,+2
m_tau_over_m_e,3.477230000000000e+03,3.474100749183453e+03,"+1 * 8 * 11 * 2pi * 2pi",8.999263254218367e-04,4,+1
m_tau_over_m_e,3.477230000000000e+03,3.474636670022986e+03,"+3 * 8 * 13 * 2pi * sqrt(pi)",7.458034058760828e-04,4,+3
m_tau_over_m_e,3.477230000000000e+03,3.479191268072546e+03,"+3 * 8 * 27 * 47 * 1/Gstar^2",5.640317357626223e-04,4,+3
m_tau_over_m_e,3.477230000000000e+03,3.479191268072546e+03,"+1 * 8 * 27 * 141 * 1/Gstar^2",5.640317357626223e-04,4,+1
m_tau_over_m_e,3.477230000000000e+03,3.474365535131491e+03,"+2 * 8 * 27 * Gstar * e",8.237777968408772e-04,4,+2
m_tau_over_m_e,3.477230000000000e+03,3.479191268072546e+03,"+2 * 9 * 12 * 141 * 1/Gstar^2",5.640317357626223e-04,4,+2
m_tau_over_m_e,3.477230000000000e+03,3.474365535131491e+03,"+3 * 9 * 16 * Gstar * e",8.237777968408772e-04,4,+3
m_tau_over_m_e,3.477230000000000e+03,3.474998265711860e+03,"+3 * 10 * 17 * sqrt(2pi) * e",6.418138254128028e-04,4,+3
m_tau_over_m_e,3.477230000000000e+03,3.474100749183453e+03,"+2 * 11 * 16 * pi * pi",8.999263254218367e-04,4,+2
m_tau_over_m_e,3.477230000000000e+03,3.474100749183453e+03,"+1 * 11 * 16 * pi * 2pi",8.999263254218367e-04,4,+1
m_tau_over_m_e,3.477230000000000e+03,3.476218099546012e+03,"+1 * 11 * 17 * 55 * 1/Gstar",2.910076279073706e-04,4,+1
m_tau_over_m_e,3.477230000000000e+03,3.476312055031923e+03,"+2 * 11 * 17 * Gstar * pi",2.639874175929924e-04,4,+2
m_tau_over_m_e,3.477230000000000e+03,3.476312055031923e+03,"+1 * 11 * 17 * Gstar * 2pi",2.639874175929924e-04,4,+1
m_tau_over_m_e,3.477230000000000e+03,3.474365535131491e+03,"+3 * 12 * 12 * Gstar * e",8.237777968408772e-04,4,+3
m_tau_over_m_e,3.477230000000000e+03,3.474636670022985e+03,"+2 * 12 * 13 * 2pi * sqrt(pi)",7.458034058762136e-04,4,+2
m_tau_over_m_e,3.477230000000000e+03,3.479191268072546e+03,"+2 * 12 * 27 * 47 * 1/Gstar^2",5.640317357626223e-04,4,+2
m_tau_over_m_e,3.477230000000000e+03,3.474636670022986e+03,"+3 * 13 * 16 * pi * sqrt(pi)",7.458034058760828e-04,4,+3
m_tau_over_m_e,3.477230000000000e+03,3.476848316991351e+03,"+3 * 13 * 17 * Gstar * sqrt(pi)",1.097663970026029e-04,4,+3
m_tau_over_m_e,3.477230000000000e+03,3.480663798004654e+03,"+2 * 13 * 17 * pi * sqrt(2pi)",9.875095994956800e-04,4,+2
m_tau_over_m_e,3.477230000000000e+03,3.480663798004654e+03,"+1 * 13 * 17 * 2pi * sqrt(2pi)",9.875095994956800e-04,4,+1
m_tau_over_m_e,3.477230000000000e+03,3.474365535131491e+03,"+1 * 16 * 27 * Gstar * e",8.237777968408772e-04,4,+1
m_p_over_m_n,9.986234779600000e-01,9.991115452863032e-01,"+2 * 1/pi * e * 1/sqrt(3)",4.887400878059396e-04,3,+2
m_p_over_m_n,9.986234779600000e-01,9.991115452863032e-01,"+2 * 1 * 1/pi * e * 1/sqrt(3)",4.887400878059396e-04,4,+2
m_p_over_m_n,9.986234779600000e-01,9.991115452863032e-01,"+1 * 2 * 1/pi * e * 1/sqrt(3)",4.887400878059396e-04,4,+1
m_p_over_m_n,9.986234779600000e-01,9.989024382543259e-01,"+3 * 5 * 27 * 1/Gstar * alpha",2.793448186255451e-04,4,+3
m_p_over_m_n,9.986234779600000e-01,9.979658710154566e-01,"+3 * 8 * alpha * pi^2 * 1/sqrt(3)",6.585134027558386e-04,4,+3
m_p_over_m_n,9.986234779600000e-01,9.979658710154566e-01,"+2 * 12 * alpha * pi^2 * 1/sqrt(3)",6.585134027558386e-04,4,+2
m_p_over_m_n,9.986234779600000e-01,9.977138761462705e-01,"+1 * 17 * Gstar * alpha * e",9.108556265746930e-04,4,+1
g_e_minus_2,2.319304370000000e-03,2.318094551370531e-03,"+3 * 4 * alpha^2 * 2pi * 1/sqrt(3)",5.216299529797143e-04,4,+3
g_e_minus_2,2.319304370000000e-03,2.318094551370531e-03,"+2 * 6 * alpha^2 * 2pi * 1/sqrt(3)",5.216299529799013e-04,4,+2
g_e_minus_2,2.319304370000000e-03,2.318094551370531e-03,"+3 * 8 * alpha^2 * pi * 1/sqrt(3)",5.216299529797143e-04,4,+3
g_e_minus_2,2.319304370000000e-03,2.318094551370531e-03,"+2 * 12 * alpha^2 * pi * 1/sqrt(3)",5.216299529799013e-04,4,+2
g_e_minus_2,2.319304370000000e-03,2.318094551370531e-03,"+1 * 12 * alpha^2 * 2pi * 1/sqrt(3)",5.216299529799013e-04,4,+1
alpha_s_MZ,1.179000000000000e-01,1.179675971669331e-01,"+2 * 2 * 7 * alpha * 1/sqrt(3)",5.733432309846897e-04,4,+2
alpha_s_MZ,1.179000000000000e-01,1.179675971669331e-01,"+1 * 4 * 7 * alpha * 1/sqrt(3)",5.733432309846897e-04,4,+1
alpha_s_MZ,1.179000000000000e-01,1.179423152293438e-01,"+3 * 5 * 47 * alpha^2 * pi",3.589077976574125e-04,4,+3
alpha_s_MZ,1.179000000000000e-01,1.179423152293438e-01,"+1 * 5 * 141 * alpha^2 * pi",3.589077976575302e-04,4,+1
alpha_s_MZ,1.179000000000000e-01,1.180089117370536e-01,"+2 * 59 * 59 * alpha^2 * 1/pi",9.237636730583049e-04,4,+2
sin2_theta_W,2.229000000000000e-01,2.229906687140851e-01,"+3 * 2 * 16 * alpha * 1/pi",4.067685692466793e-04,4,+3
sin2_theta_W,2.229000000000000e-01,2.229906687140851e-01,"+2 * 3 * 16 * alpha * 1/pi",4.067685692466793e-04,4,+2
sin2_theta_W,2.229000000000000e-01,2.229906687140851e-01,"+3 * 4 * 8 * alpha * 1/pi",4.067685692466793e-04,4,+3
sin2_theta_W,2.229000000000000e-01,2.229906687140851e-01,"+2 * 4 * 12 * alpha * 1/pi",4.067685692466793e-04,4,+2
sin2_theta_W,2.229000000000000e-01,2.229192298440387e-01,"+2 * 5 * 1/Gstar * 1/Gstar^2 * 1/sqrt(3)",8.627117110220627e-05,4,+2
sin2_theta_W,2.229000000000000e-01,2.229906687140851e-01,"+2 * 6 * 8 * alpha * 1/pi",4.067685692466793e-04,4,+2
sin2_theta_W,2.229000000000000e-01,2.229906687140851e-01,"+1 * 6 * 16 * alpha * 1/pi",4.067685692466793e-04,4,+1
sin2_theta_W,2.229000000000000e-01,2.229906687140851e-01,"+1 * 8 * 12 * alpha * 1/pi",4.067685692466793e-04,4,+1
sin2_theta_W,2.229000000000000e-01,2.230956960787008e-01,"+3 * 8 * 59 * Gstar * alpha^2",8.779545926459897e-04,4,+3
sin2_theta_W,2.229000000000000e-01,2.229192298440387e-01,"+1 * 10 * 1/Gstar * 1/Gstar^2 * 1/sqrt(3)",8.627117110220627e-05,4,+1
sin2_theta_W,2.229000000000000e-01,2.230956960787008e-01,"+2 * 12 * 59 * Gstar * alpha^2",8.779545926458651e-04,4,+2
sin2_theta_W,2.229000000000000e-01,2.229529188679067e-01,"+3 * 17 * 1/Gstar * alpha * sqrt(pi)",2.374108026323884e-04,4,+3
sin2_theta_W,2.229000000000000e-01,2.228872531442486e-01,"+2 * 1/Gstar^2 * 1/Gstar^2 * pi * e",5.718643226274824e-05,4,+2
sin2_theta_W,2.229000000000000e-01,2.230854544678278e-01,"+3 * 1/Gstar^2 * 1/Gstar^2 * pi^2 * 1/sqrt(3)",8.320074824037947e-04,4,+3
sin2_theta_W,2.229000000000000e-01,2.228872531442486e-01,"+1 * 1/Gstar^2 * 1/Gstar^2 * 2pi * e",5.718643226274824e-05,4,+1
Vud_squared,9.488799999999999e-01,9.486558340068942e-01,"+2 * 5 * 13 * alpha",2.362427210034011e-04,3,+2
Vud_squared,9.488799999999999e-01,9.486558340068942e-01,"+1 * 10 * 13 * alpha",2.362427210034011e-04,3,+1
Vud_squared,9.488799999999999e-01,9.486558340068942e-01,"+2 * 1 * 5 * 13 * alpha",2.362427210034011e-04,4,+2
Vud_squared,9.488799999999999e-01,9.486558340068942e-01,"+1 * 1 * 10 * 13 * alpha",2.362427210034011e-04,4,+1
Vud_squared,9.488799999999999e-01,9.486558340068942e-01,"+1 * 2 * 5 * 13 * alpha",2.362427210034011e-04,4,+1
Vud_squared,9.488799999999999e-01,9.489391375541143e-01,"+3 * 4 * 27 * 55 * alpha^2",6.232353312784799e-05,4,+3
Vud_squared,9.488799999999999e-01,9.489391375541142e-01,"+2 * 6 * 27 * 55 * alpha^2",6.232353312773099e-05,4,+2
Vud_squared,9.488799999999999e-01,9.495739227849763e-01,"+1 * 7 * 55 * 1/Gstar * alpha",7.313072095274167e-04,4,+1
Vud_squared,9.488799999999999e-01,9.495995879408352e-01,"+2 * 7 * Gstar * alpha * pi",7.583550510446680e-04,4,+2
Vud_squared,9.488799999999999e-01,9.495995879408352e-01,"+1 * 7 * Gstar * alpha * 2pi",7.583550510446680e-04,4,+1
Vud_squared,9.488799999999999e-01,9.489391375541143e-01,"+3 * 9 * 12 * 55 * alpha^2",6.232353312784799e-05,4,+3
Vud_squared,9.488799999999999e-01,9.492891388132632e-01,"+3 * 9 * alpha * sqrt(pi) * e",4.311807744532608e-04,4,+3
Vud_squared,9.488799999999999e-01,9.489391375541142e-01,"+1 * 12 * 27 * 55 * alpha^2",6.232353312773099e-05,4,+1
Vud_squared,9.488799999999999e-01,9.493632200822164e-01,"+3 * 13 * 1/Gstar * alpha * pi^2",5.092531007255526e-04,4,+3
Vud_squared,9.488799999999999e-01,9.492891388132633e-01,"+1 * 27 * alpha * sqrt(pi) * e",4.311807744533778e-04,4,+1
m_W_over_m_Z,8.814700000000000e-01,8.809904091860419e-01,"+2 * 11 * 16 * 47 * alpha^2",5.440806992388820e-04,4,+2
m_W_over_m_Z,8.814700000000000e-01,8.817710459450614e-01,"+1 * 13 * Gstar * alpha * pi",3.415271592469600e-04,4,+1
m_W_over_m_Z,8.814700000000000e-01,8.811739422111050e-01,"+2 * 59 * alpha * sqrt(pi) * 1/sqrt(3)",3.358682529127090e-04,4,+2
m_b_over_m_c,4.180000000000000e+00,4.176003558564491e+00,"+1 * 5 * 64 * 1/Gstar^2 * 1/Gstar^2",9.560864678249952e-04,4,+1
m_b_over_m_c,4.180000000000000e+00,4.177713791051668e+00,"+1 * 5 * sqrt(2pi) * 1/sqrt(3) * 1/sqrt(3)",5.469399397921805e-04,4,+1
m_b_over_m_c,4.180000000000000e+00,4.176003558564491e+00,"+2 * 10 * 16 * 1/Gstar^2 * 1/Gstar^2",9.560864678249952e-04,4,+2
m_b_over_m_c,4.180000000000000e+00,4.181777544678144e+00,"+3 * 17 * 1/Gstar^2 * 1/Gstar^2 * 2pi",4.252499230009715e-04,4,+3
m_t_over_v_higgs,9.910000000000000e-01,9.919413579296550e-01,"+3 * 2 * 1/Gstar^2 * sqrt(2pi) * 1/sqrt(3)",9.499070934964639e-04,4,+3
m_t_over_v_higgs,9.910000000000000e-01,9.919413579296551e-01,"+2 * 3 * 1/Gstar^2 * sqrt(2pi) * 1/sqrt(3)",9.499070934965759e-04,4,+2
m_t_over_v_higgs,9.910000000000000e-01,9.911142103342970e-01,"+3 * 4 * 11 * 141 * alpha^2",1.152475623582623e-04,4,+3
m_t_over_v_higgs,9.910000000000000e-01,9.918130442471541e-01,"+2 * 5 * 5 * alpha * e",8.204281000546070e-04,4,+2
m_t_over_v_higgs,9.910000000000000e-01,9.918130442471541e-01,"+1 * 5 * 10 * alpha * e",8.204281000546070e-04,4,+1
m_t_over_v_higgs,9.910000000000000e-01,9.900851905081884e-01,"+1 * 5 * 47 * alpha * 1/sqrt(3)",9.231175497593869e-04,4,+1
m_t_over_v_higgs,9.910000000000000e-01,9.911142103342970e-01,"+2 * 6 * 11 * 141 * alpha^2",1.152475623582623e-04,4,+2
m_t_over_v_higgs,9.910000000000000e-01,9.919413579296551e-01,"+1 * 6 * 1/Gstar^2 * sqrt(2pi) * 1/sqrt(3)",9.499070934965759e-04,4,+1
m_t_over_v_higgs,9.910000000000000e-01,9.907154479264879e-01,"+3 * 7 * 141 * alpha^2 * 2pi",2.871363002140048e-04,4,+3
m_t_over_v_higgs,9.910000000000000e-01,9.911142103342970e-01,"+3 * 11 * 12 * 47 * alpha^2",1.152475623582623e-04,4,+3
m_t_over_v_higgs,9.910000000000000e-01,9.911142103342970e-01,"+1 * 11 * 12 * 141 * alpha^2",1.152475623582623e-04,4,+1
m_t_over_v_higgs,9.910000000000000e-01,9.901015277791836e-01,"+3 * 12 * 59 * Gstar^2 * alpha^2",9.066319079882989e-04,4,+3
m_t_over_v_higgs,9.910000000000000e-01,9.900509255963381e-01,"+2 * 13 * 1/Gstar^2 * 1/sqrt(3) * 1/sqrt(3)",9.576936464801977e-04,4,+2
m_t_over_v_higgs,9.910000000000000e-01,9.918086515903911e-01,"+2 * 64 * 1/Gstar * alpha * pi",8.159955503442164e-04,4,+2
m_t_over_v_higgs,9.910000000000000e-01,9.918086515903911e-01,"+1 * 64 * 1/Gstar * alpha * 2pi",8.159955503442164e-04,4,+1
m_t_over_v_higgs,9.910000000000000e-01,9.911271755554534e-01,"+1 * Gstar * Gstar^3 * alpha * sqrt(pi)",1.283305302254136e-04,4,+1
m_t_over_v_higgs,9.910000000000000e-01,9.911271755554536e-01,"+1 * Gstar^2 * Gstar^2 * alpha * sqrt(pi)",1.283305302256377e-04,4,+1
Omega_b,4.930000000000000e-02,4.932851546934942e-02,"+2 * 10 * 1/Gstar * alpha",5.784070861952773e-04,3,+2
Omega_b,4.930000000000000e-02,4.932851546934942e-02,"+2 * 1 * 10 * 1/Gstar * alpha",5.784070861952773e-04,4,+2
Omega_b,4.930000000000000e-02,4.932851546934942e-02,"+2 * 2 * 5 * 1/Gstar * alpha",5.784070861952773e-04,4,+2
Omega_b,4.930000000000000e-02,4.932851546934942e-02,"+1 * 2 * 10 * 1/Gstar * alpha",5.784070861952773e-04,4,+1
Omega_b,4.930000000000000e-02,4.932851546934942e-02,"+1 * 4 * 5 * 1/Gstar * alpha",5.784070861952773e-04,4,+1
Omega_b,4.930000000000000e-02,4.932851546934942e-02,"+2 * 10 * Gstar * 1/Gstar^2 * alpha",5.784070861952773e-04,4,+2
Omega_b,4.930000000000000e-02,4.926078247901990e-02,"+3 * 64 * alpha^2 * sqrt(pi) * e",7.954872409755277e-04,4,+3
Omega_dm,2.650000000000000e-01,2.648035033411009e-01,"+3 * 64 * Gstar^3 * alpha^2",7.414968260343110e-04,3,+3
Omega_dm,2.650000000000000e-01,2.648035033411009e-01,"+3 * 1 * 64 * Gstar^3 * alpha^2",7.414968260343110e-04,4,+3
Omega_dm,2.650000000000000e-01,2.648035033411009e-01,"+1 * 3 * 64 * Gstar^3 * alpha^2",7.414968260343110e-04,4,+1
Omega_dm,2.650000000000000e-01,2.648035033411009e-01,"+3 * 4 * 16 * Gstar^3 * alpha^2",7.414968260343110e-04,4,+3
Omega_dm,2.650000000000000e-01,2.648035033411009e-01,"+2 * 6 * 16 * Gstar^3 * alpha^2",7.414968260343110e-04,4,+2
Omega_dm,2.650000000000000e-01,2.648035033411009e-01,"+3 * 8 * 8 * Gstar^3 * alpha^2",7.414968260343110e-04,4,+3
Omega_dm,2.650000000000000e-01,2.648035033411009e-01,"+2 * 8 * 12 * Gstar^3 * alpha^2",7.414968260343110e-04,4,+2
Omega_dm,2.650000000000000e-01,2.648035033411009e-01,"+1 * 12 * 16 * Gstar^3 * alpha^2",7.414968260343110e-04,4,+1
Omega_dm,2.650000000000000e-01,2.647515193218216e-01,"+3 * 17 * 55 * alpha^2 * sqrt(pi)",9.376629365224649e-04,4,+3
Omega_dm,2.650000000000000e-01,2.648035033411009e-01,"+3 * 64 * Gstar * Gstar^2 * alpha^2",7.414968260343110e-04,4,+3
Omega_dm,2.650000000000000e-01,2.648035033411009e-01,"+3 * 64 * Gstar^3 * alpha * alpha",7.414968260343110e-04,4,+3
h_Hubble,6.740000000000000e-01,6.744328700880649e-01,"+2 * 17 * alpha * e",6.422404867430376e-04,3,+2
h_Hubble,6.740000000000000e-01,6.744328700880649e-01,"+2 * 1 * 17 * alpha * e",6.422404867430376e-04,4,+2
h_Hubble,6.740000000000000e-01,6.744328700880649e-01,"+1 * 2 * 17 * alpha * e",6.422404867430376e-04,4,+1
h_Hubble,6.740000000000000e-01,6.741005552396178e-01,"+2 * 5 * 16 * alpha * 1/sqrt(3)",1.491917501746539e-04,4,+2
h_Hubble,6.740000000000000e-01,6.733342361566197e-01,"+3 * 7 * 13 * 1/Gstar * alpha",9.877801830569012e-04,4,+3
h_Hubble,6.740000000000000e-01,6.741005552396178e-01,"+2 * 8 * 10 * alpha * 1/sqrt(3)",1.491917501746539e-04,4,+2
h_Hubble,6.740000000000000e-01,6.741005552396178e-01,"+1 * 10 * 16 * alpha * 1/sqrt(3)",1.491917501746539e-04,4,+1
h_Hubble,6.740000000000000e-01,6.735319369698139e-01,"+3 * 11 * 141 * alpha^2 * e",6.944555344007335e-04,4,+3
h_Hubble,6.740000000000000e-01,6.739831009032927e-01,"+2 * 141 * 141 * alpha^2 * 1/pi",2.507284377941169e-05,4,+2
Theta_13,1.500000000000000e-01,1.499558143295390e-01,"+2 * 2 * 11 * 64 * alpha^2",2.945711364064444e-04,4,+2
Theta_13,1.500000000000000e-01,1.499558143295390e-01,"+1 * 4 * 11 * 64 * alpha^2",2.945711364064444e-04,4,+1
Theta_13,1.500000000000000e-01,1.500525138244619e-01,"+3 * 5 * 12 * 1/Gstar^2 * alpha",3.500921630796480e-04,4,+3
Theta_13,1.500000000000000e-01,1.500525138244619e-01,"+3 * 6 * 10 * 1/Gstar^2 * alpha",3.500921630796480e-04,4,+3
Theta_13,1.500000000000000e-01,1.498954814829674e-01,"+2 * 7 * 64 * alpha^2 * pi",6.967901135503570e-04,4,+2
Theta_13,1.500000000000000e-01,1.498954814829674e-01,"+1 * 7 * 64 * alpha^2 * 2pi",6.967901135503570e-04,4,+1
Theta_13,1.500000000000000e-01,1.499558143295390e-01,"+2 * 8 * 11 * 16 * alpha^2",2.945711364064444e-04,4,+2
Theta_13,1.500000000000000e-01,1.500525138244619e-01,"+2 * 9 * 10 * 1/Gstar^2 * alpha",3.500921630796480e-04,4,+2
Theta_13,1.500000000000000e-01,1.499558143295390e-01,"+1 * 11 * 16 * 16 * alpha^2",2.945711364064444e-04,4,+1
Theta_13,1.500000000000000e-01,1.499659003517607e-01,"+2 * 17 * 1/Gstar * 1/Gstar^2 * 1/Gstar^2",2.273309882618498e-04,4,+2
Theta_13,1.500000000000000e-01,1.500682968186149e-01,"+3 * 55 * alpha^2 * 2pi * e",4.553121240996605e-04,4,+3
delta_CP,1.360000000000000e+00,1.360201215409298e+00,"+3 * 3 * 7 * Gstar * alpha",1.479525068368178e-04,4,+3
delta_CP,1.360000000000000e+00,1.358676522750961e+00,"+3 * 4 * Gstar^2 * alpha * sqrt(pi)",9.731450360580278e-04,4,+3
delta_CP,1.360000000000000e+00,1.358676522750961e+00,"+2 * 6 * Gstar^2 * alpha * sqrt(pi)",9.731450360580278e-04,4,+2
delta_CP,1.360000000000000e+00,1.360201215409298e+00,"+1 * 7 * 9 * Gstar * alpha",1.479525068368178e-04,4,+1
delta_CP,1.360000000000000e+00,1.361255509362847e+00,"+3 * 7 * 47 * Gstar^3 * alpha^2",9.231686491522192e-04,4,+3
delta_CP,1.360000000000000e+00,1.361255509362847e+00,"+1 * 7 * 141 * Gstar^3 * alpha^2",9.231686491520559e-04,4,+1
delta_CP,1.360000000000000e+00,1.358676522750961e+00,"+1 * 12 * Gstar^2 * alpha * sqrt(pi)",9.731450360580278e-04,4,+1
