backend_label,actual_backend,L,profile,arm,seed,dx,dy,dz,n,tick,source_real,source_imag,source_abs,div_real,div_imag,div_abs,occupancy,global_charge,removed_since_last,cumulative_removed,history_evaporation,history_other,history_required,history_enabled,toggles_valid,event_valid,source_valid,field_valid,execution_valid
wsl2_cuda,gpu,64,infrared,coupled,0,1,0,0,1,0,0.031250000000000007,-0.63610836328225195,0.63687550772315416,0,0,0,262144,0,0,0,0,0,0,0,1,1,1,1,1
wsl2_cuda,gpu,64,infrared,coupled,0,1,0,0,1,1,0.027735173364755013,-0.57318611671786179,0.57385674539877574,2.5647010037551834e-05,-0.00052205688249716748,0.00052268648125480311,236762,-150,25382,25382,0,0,0,0,1,1,1,1,1
wsl2_cuda,gpu,64,infrared,coupled,0,1,0,0,1,2,0.025203037232153853,-0.51811720674349826,0.51872982660476563,7.3974065129275772e-05,-0.0015128541901163945,0.001514661666136858,215453,-363,21309,46691,0,0,0,0,1,1,1,1,1
wsl2_cuda,gpu,64,infrared,coupled,0,1,0,0,1,3,0.023118470488952755,-0.47236191369090513,0.47292731067626309,0.00014274789155629372,-0.0029240159905768032,0.0029274983302629929,198257,-359,17196,63887,0,0,0,0,1,1,1,1,1
wsl2_cuda,gpu,64,infrared,coupled,0,1,0,0,1,4,0.021438280754703835,-0.43246015783522274,0.43299121006849928,0.00023003689986997981,-0.0047134606306355022,0.0047190706809553742,183745,-221,14512,78399,0,0,0,0,1,1,1,1,1
wsl2_cuda,gpu,64,infrared,coupled,0,1,0,0,1,5,0.019917325801055451,-0.397958141451148,0.39845624880821895,0.0003341819374726148,-0.0068426961234730179,0.006850851611699499,171509,-385,12236,90635,0,0,0,0,1,1,1,1,1
wsl2_cuda,gpu,64,infrared,coupled,0,1,0,0,1,6,0.018553637122847435,-0.36703185006391403,0.36750049851915273,0.00045360042551352439,-0.0092765712812345053,0.0092876546060806347,160777,-285,10732,101367,0,0,0,0,1,1,1,1,1
wsl2_cuda,gpu,64,infrared,coupled,0,1,0,0,1,7,0.017024455401307328,-0.34002661124952382,0.3404525347820837,0.00058678982369487456,-0.011981891580186393,0.011996251420195121,151663,-185,9114,110481,0,0,0,0,1,1,1,1,1
wsl2_cuda,gpu,64,infrared,coupled,0,1,0,0,1,8,0.015655558639411378,-0.31638130736123504,0.31676841408814155,0.00073206756373211512,-0.014927809133018772,0.014945748841383203,143867,-49,7796,118277,0,0,0,0,1,1,1,1,1
wsl2_cuda,gpu,64,infrared,coupled,0,1,0,0,1,9,0.014671960194895379,-0.29506986960881815,0.29543441635484097,0.00088784381811971502,-0.01808546120450983,0.018107240916970302,136978,-138,6889,125166,0,0,0,0,1,1,1,1,1
wsl2_cuda,gpu,64,infrared,coupled,0,1,0,0,1,10,0.013891217281962246,-0.27626832369791343,0.27661733965250579,0.0010528112732020208,-0.021427220767072239,0.021453069742529463,131004,-116,5974,131140,0,0,0,0,1,1,1,1,1
wsl2_cuda,gpu,64,infrared,coupled,0,1,0,0,1,11,0.012877771819896119,-0.25976421698702268,0.26008322789816013,0.0012257995943056269,-0.024926929653606721,0.024957051240105631,125879,-173,5125,136265,0,0,0,0,1,1,1,1,1
wsl2_cuda,gpu,64,infrared,coupled,0,1,0,0,1,12,0.012219793713170501,-0.2451877115936533,0.24549203098048814,0.0014054217183281849,-0.028559808169179066,0.028594367502476004,121418,-160,4461,140726,0,0,0,0,1,1,1,1,1
wsl2_cuda,gpu,64,infrared,coupled,0,1,0,0,1,13,0.011508649021157988,-0.23212440007132171,0.23240952241843107,0.0015905610200456384,-0.032302231110812353,0.032341366994838389,117514,-204,3904,144630,0,0,0,0,1,1,1,1,1
wsl2_cuda,gpu,64,infrared,coupled,0,1,0,0,1,14,0.010981009337066774,-0.22149776145479425,0.22176979256775636,0.0017800395290419706,-0.036131463502709793,0.036175284319167444,114370,-280,3144,147774,0,0,0,0,1,1,1,1,1
wsl2_cuda,gpu,64,infrared,coupled,0,1,0,0,1,15,0.010388646406637718,-0.21185739155230751,0.21211194763499269,0.0019728159486078747,-0.0400264914829042,0.04007507982771942,111559,-297,2811,150585,0,0,0,0,1,1,1,1,1
wsl2_cuda,gpu,64,infrared,coupled,0,1,0,0,1,16,0.010042904652972848,-0.20371347633769979,0.20396087952217523,0.0021677852764924923,-0.043966899408594842,0.04402030822938971,109217,-367,2342,152927,0,0,0,0,1,1,1,1,1
wsl2_cuda,gpu,64,infrared,coupled,1,1,0,0,1,0,0.031250000000000007,-0.63610836328225195,0.63687550772315416,0,0,0,262144,0,0,0,0,0,0,0,1,1,1,1,1
wsl2_cuda,gpu,64,infrared,coupled,1,1,0,0,1,1,0.027482982278561326,-0.57307031626175353,0.57372894444612943,2.5647010037551834e-05,-0.00052205688249716748,0.00052268648125480311,236665,79,25479,25479,0,0,0,0,1,1,1,1,1
wsl2_cuda,gpu,64,infrared,coupled,1,1,0,0,1,2,0.024924374534277868,-0.51861764456542181,0.51921622249358812,7.3767090815068316e-05,-0.0015127591521816668,0.0015145566467440938,215540,-32,21125,46604,0,0,0,0,1,1,1,1,1
wsl2_cuda,gpu,64,infrared,coupled,1,1,0,0,1,3,0.022878927634213453,-0.47285902890303921,0.47341219517965194,0.00014210590767283659,-0.0029242369312794947,0.002927687776941803,198383,-237,17157,63761,0,0,0,0,1,1,1,1,1
wsl2_cuda,gpu,64,infrared,coupled,1,1,0,0,1,4,0.020852300687893417,-0.43386415639660647,0.43436496710682976,0.00022876537344652411,-0.0047144048253183,0.0047199519545301095,184131,-23,14252,78013,0,0,0,0,1,1,1,1,1
wsl2_cuda,gpu,64,infrared,coupled,1,1,0,0,1,5,0.019064137391777557,-0.3989962552717482,0.39945144017185696,0.00033180403396770511,-0.0068455128087850699,0.0068535494112319422,171771,-67,12360,90373,0,0,0,0,1,1,1,1,1
wsl2_cuda,gpu,64,infrared,coupled,1,1,0,0,1,6,0.017483595872650626,-0.3676705147572078,0.36808597303682783,0.00044942356301641697,-0.0092821033996014768,0.0092929771903242971,160927,-179,10844,101217,0,0,0,0,1,1,1,1,1
wsl2_cuda,gpu,64,infrared,coupled,1,1,0,0,1,7,0.016105382719569523,-0.34000248278032535,0.34038371237374043,0.00057994922321738117,-0.01199064552737342,0.012004662480246193,151614,-294,9313,110530,0,0,0,0,1,1,1,1,1
wsl2_cuda,gpu,64,infrared,coupled,1,1,0,0,1,8,0.014880054477268354,-0.31632387914976418,0.31667366884791842,0.00072183089792685941,-0.014939737004922033,0.014957164892500138,143763,-123,7851,118381,0,0,0,0,1,1,1,1,1
wsl2_cuda,gpu,64,infrared,coupled,1,1,0,0,1,9,0.013939140383554555,-0.29544214385542666,0.29577078963366726,0.00087360748893225556,-0.018100477578905472,0.018121547357474146,136980,-36,6783,125164,0,0,0,0,1,1,1,1,1
wsl2_cuda,gpu,64,infrared,coupled,1,1,0,0,1,10,0.013124052611424835,-0.27644884078760951,0.27676018920675804,0.0010340195534573274,-0.021445582965744947,0.021470496621587072,130955,7,6025,131189,0,0,0,0,1,1,1,1,1
wsl2_cuda,gpu,64,infrared,coupled,1,1,0,0,1,11,0.012242581500554194,-0.26047057960076914,0.26075813245104806,0.0012018831934881532,-0.024948726881708329,0.024977659943014378,125977,-83,4978,136167,0,0,0,0,1,1,1,1,1
wsl2_cuda,gpu,64,infrared,coupled,1,1,0,0,1,12,0.011608636382453005,-0.24594440577311408,0.24621821859836082,0.0013759361090026402,-0.028585550168484096,0.028618645645994124,121541,-39,4436,140603,0,0,0,0,1,1,1,1,1
wsl2_cuda,gpu,64,infrared,coupled,1,1,0,0,1,13,0.011140846782641798,-0.23302092039549133,0.23328709310417542,0.0015550992769285308,-0.032332456266997399,0.03236983259175745,117678,162,3863,144466,0,0,0,0,1,1,1,1,1
wsl2_cuda,gpu,64,infrared,coupled,1,1,0,0,1,14,0.010640881234755702,-0.22212044504694017,0.22237517950819724,0.0017384136339039921,-0.036166810565618476,0.036208566230270363,114462,158,3216,147682,0,0,0,0,1,1,1,1,1
wsl2_cuda,gpu,64,infrared,coupled,1,1,0,0,1,15,0.010237119217440371,-0.21223343742272108,0.21248018865328633,0.0019248803835541051,-0.040067358021137832,0.040113568069732083,111586,134,2876,150558,0,0,0,0,1,1,1,1,1
wsl2_cuda,gpu,64,infrared,coupled,1,1,0,0,1,16,0.009842970208432604,-0.20366025786440572,0.20389797619378258,0.0021135695644026245,-0.044013462855590678,0.044064181472529697,109128,156,2458,153016,0,0,0,0,1,1,1,1,1
wsl2_cuda,gpu,64,infrared,coupled,2,1,0,0,1,0,0.031250000000000007,-0.63610836328225195,0.63687550772315416,0,0,0,262144,0,0,0,0,0,0,0,1,1,1,1,1
wsl2_cuda,gpu,64,infrared,coupled,2,1,0,0,1,1,0.028286309249231343,-0.57315566074990176,0.57385322752477363,2.5647010037551834e-05,-0.00052205688249716748,0.00052268648125480311,236624,-120,25520,25520,0,0,0,0,1,1,1,1,1
wsl2_cuda,gpu,64,infrared,coupled,2,1,0,0,1,2,0.025422959103177486,-0.5187705898201953,0.51939315716704926,7.4426384731235946e-05,-0.0015128291947718799,0.0015146588590498841,215482,-54,21142,46662,0,0,0,0,1,1,1,1,1
wsl2_cuda,gpu,64,infrared,coupled,2,1,0,0,1,3,0.023238284724806286,-0.47332842963126198,0.47389853362734485,0.00014383156956174361,-0.0029245023144419198,0.0029280371082994732,198444,-116,17038,63700,0,0,0,0,1,1,1,1,1
wsl2_cuda,gpu,64,infrared,coupled,2,1,0,0,1,4,0.021247486545271321,-0.43363662241550488,0.43415685642912361,0.00023184678953616525,-0.0047152499363306653,0.0047209463983278362,184004,-68,14440,78140,0,0,0,0,1,1,1,1,1
wsl2_cuda,gpu,64,infrared,coupled,2,1,0,0,1,5,0.01981586465728382,-0.39908405717125661,0.39957571645482487,0.0003365556430917689,-0.0068467481965657963,0.0068550149940079562,171727,-223,12277,90417,0,0,0,0,1,1,1,1,1
wsl2_cuda,gpu,64,infrared,coupled,2,1,0,0,1,6,0.01804592802225111,-0.36779365524103397,0.3682361040877779,0.00045644705745894344,-0.0092837971577286477,0.0092950112201176729,160865,-369,10862,101279,0,0,0,0,1,1,1,1,1
wsl2_cuda,gpu,64,infrared,coupled,2,1,0,0,1,7,0.016261707180415232,-0.3409089167993779,0.34129654653064795,0.00058968356470652863,-0.01199289328050202,0.012007381727254093,151779,-493,9086,110365,0,0,0,0,1,1,1,1,1
wsl2_cuda,gpu,64,infrared,coupled,2,1,0,0,1,8,0.015089555519858376,-0.31689322913112583,0.31725228660316873,0.00073437313361318364,-0.014943275451671293,0.014961309605909997,143832,-572,7947,118312,0,0,0,0,1,1,1,1,1
wsl2_cuda,gpu,64,infrared,coupled,2,1,0,0,1,9,0.013999054280938127,-0.29565400318459489,0.29598524138854815,0.00088908929436473986,-0.018105762628206391,0.018127578992306423,136935,-531,6897,125209,0,0,0,0,1,1,1,1,1
wsl2_cuda,gpu,64,infrared,coupled,2,1,0,0,1,10,0.012532891997778222,-0.27679357012586775,0.27707716225782963,0.0010524404008139102,-0.021452771525493613,0.021478571575463179,130944,-446,5991,131200,0,0,0,0,1,1,1,1,1
wsl2_cuda,gpu,64,infrared,coupled,2,1,0,0,1,11,0.011890414956518592,-0.26003244098861178,0.26030415350957053,0.0012226987804220804,-0.024958078796175179,0.024988010915311661,125744,-276,5200,136400,0,0,0,0,1,1,1,1,1
wsl2_cuda,gpu,64,infrared,coupled,2,1,0,0,1,12,0.011276502733719228,-0.24587553871807344,0.24613398801020231,0.0013987905890824799,-0.028596675834068153,0.028630865929462967,121440,-144,4304,140704,0,0,0,0,1,1,1,1,1
wsl2_cuda,gpu,64,infrared,coupled,2,1,0,0,1,13,0.010455948880426669,-0.23323312184431719,0.23346737671939563,0.0015796466995879074,-0.032345263448793835,0.03238381310573845,117631,-173,3809,144513,0,0,0,0,1,1,1,1,1
wsl2_cuda,gpu,64,infrared,coupled,2,1,0,0,1,14,0.0099478241483162283,-0.22215949766610407,0.22238210721310633,0.0017640130987751704,-0.03618143230488708,0.036224408702500266,114365,-149,3266,147779,0,0,0,0,1,1,1,1,1
wsl2_cuda,gpu,64,infrared,coupled,2,1,0,0,1,15,0.0095612526139182037,-0.21228753721100957,0.2125027435273788,0.0019508809167446384,-0.040083779430084281,0.040131226118210815,111488,-62,2877,150656,0,0,0,0,1,1,1,1,1
wsl2_cuda,gpu,64,infrared,coupled,2,1,0,0,1,16,0.0091557261152286212,-0.20395461850785743,0.20416001991423968,0.0021393330128209988,-0.044031675618429765,0.044083616043904206,109099,-45,2389,153045,0,0,0,0,1,1,1,1,1
wsl2_cuda,gpu,64,infrared,coupled,3,1,0,0,1,0,0.031250000000000007,-0.63610836328225195,0.63687550772315416,0,0,0,262144,0,0,0,0,0,0,0,1,1,1,1,1
wsl2_cuda,gpu,64,infrared,coupled,3,1,0,0,1,1,0.02803978550017551,-0.57297944009474411,0.57366511863820191,2.5647010037551834e-05,-0.00052205688249716748,0.00052268648125480311,236668,-16,25476,25476,0,0,0,0,1,1,1,1,1
wsl2_cuda,gpu,64,infrared,coupled,3,1,0,0,1,2,0.025507993421703828,-0.51873965274477618,0.51936642657970555,7.4224061625106601e-05,-0.0015126845697187015,0.0015145044796200441,215598,156,21070,46546,0,0,0,0,1,1,1,1,1
wsl2_cuda,gpu,64,infrared,coupled,3,1,0,0,1,3,0.023089133520889905,-0.47262506663939918,0.47318871679557406,0.00014349736087619096,-0.0029241881384168248,0.0029277069118059081,198345,75,17253,63799,0,0,0,0,1,1,1,1,1
wsl2_cuda,gpu,64,infrared,coupled,3,1,0,0,1,4,0.021000943331028199,-0.43346730772723868,0.43397574412528367,0.00023125935910439999,-0.0047141899648490302,0.0047198588872821908,184030,-4,14315,78114,0,0,0,0,1,1,1,1,1
wsl2_cuda,gpu,64,infrared,coupled,3,1,0,0,1,5,0.019083851457159812,-0.39868362943195484,0.3991401129471645,0.00033551453759122482,-0.006844806875033021,0.0068530249643084162,171661,15,12369,90483,0,0,0,0,1,1,1,1,1
wsl2_cuda,gpu,64,infrared,coupled,3,1,0,0,1,6,0.017991865520858321,-0.36733585377989075,0.36777620463689864,0.00045435485263147906,-0.0092806520853646428,0.0092917674024747769,160781,121,10880,101363,0,0,0,0,1,1,1,1,1
wsl2_cuda,gpu,64,infrared,coupled,3,1,0,0,1,7,0.01686309682815126,-0.33987288646223346,0.34029096812405385,0.00058650260758236,-0.01198817883392473,0.012002517113625034,151513,157,9268,110631,0,0,0,0,1,1,1,1,1
wsl2_cuda,gpu,64,infrared,coupled,3,1,0,0,1,8,0.01576652739989555,-0.31623055376640158,0.31662335119453311,0.00073060719872695707,-0.01493615649053902,0.014954014764895163,143687,87,7826,118457,0,0,0,0,1,1,1,1,1
wsl2_cuda,gpu,64,infrared,coupled,3,1,0,0,1,9,0.015038165284185324,-0.29458839612761267,0.29497198095438443,0.00088530606480092633,-0.018095718145145642,0.018117361342561079,136681,145,7006,125463,0,0,0,0,1,1,1,1,1
wsl2_cuda,gpu,64,infrared,coupled,3,1,0,0,1,10,0.014160532077453925,-0.27613701641651889,0.27649985986277359,0.0010495048243193401,-0.021438959216809324,0.0214646321346601,130808,264,5873,131336,0,0,0,0,1,1,1,1,1
wsl2_cuda,gpu,64,infrared,coupled,3,1,0,0,1,11,0.013431382551178803,-0.2596418191519847,0.25998899263197284,0.0012219560919789478,-0.024940004165428402,0.024969921595037307,125690,146,5118,136454,0,0,0,0,1,1,1,1,1
wsl2_cuda,gpu,64,infrared,coupled,3,1,0,0,1,12,0.012474024022468652,-0.24540767646024192,0.24572449804797222,0.001401507851619771,-0.02857407631908811,0.028608426411587614,121362,74,4328,140782,0,0,0,0,1,1,1,1,1
wsl2_cuda,gpu,64,infrared,coupled,3,1,0,0,1,13,0.011960119478129989,-0.23298250922893396,0.23328929264872283,0.0015867980010942015,-0.032317827621564967,0.032356759882186351,117637,95,3725,144507,0,0,0,0,1,1,1,1,1
wsl2_cuda,gpu,64,infrared,coupled,3,1,0,0,1,14,0.011560549762692982,-0.22173094199559557,0.22203210792376374,0.0017768099615788563,-0.036149042560556857,0.036192683399887841,114316,130,3321,147828,0,0,0,0,1,1,1,1,1
wsl2_cuda,gpu,64,infrared,coupled,3,1,0,0,1,15,0.011083558613195488,-0.21176150054949255,0.21205135789828103,0.0019706058314649735,-0.040046188028145129,0.040094643818452333,111416,118,2900,150728,0,0,0,0,1,1,1,1,1
wsl2_cuda,gpu,64,infrared,coupled,3,1,0,0,1,16,0.01065449317405355,-0.20345519146512786,0.20373397644700256,0.0021671720219991974,-0.043988571513568733,0.044041923872343347,109032,90,2384,153112,0,0,0,0,1,1,1,1,1
wsl2_cuda,gpu,64,infrared,coupled,4,1,0,0,1,0,0.031250000000000007,-0.63610836328225195,0.63687550772315416,0,0,0,262144,0,0,0,0,0,0,0,1,1,1,1,1
wsl2_cuda,gpu,64,infrared,coupled,4,1,0,0,1,1,0.027801934184078791,-0.57271487548106159,0.57338928847831094,2.5647010037551834e-05,-0.00052205688249716748,0.00052268648125480311,236504,198,25640,25640,0,0,0,0,1,1,1,1,1
wsl2_cuda,gpu,64,infrared,coupled,4,1,0,0,1,2,0.02503807943130067,-0.51902227181870253,0.51962585007431572,7.4028856022181731e-05,-0.0015124674403970131,0.00151427805563742,215608,262,20896,46536,0,0,0,0,1,1,1,1,1
wsl2_cuda,gpu,64,infrared,coupled,4,1,0,0,1,3,0.022462515845554577,-0.47332738106372513,0.4738600788025476,0.00014272191587337736,-0.0029239865234933177,0.0029274676317324337,198450,296,17158,63694,0,0,0,0,1,1,1,1,1
wsl2_cuda,gpu,64,infrared,coupled,4,1,0,0,1,4,0.020160829706272081,-0.43398721733101614,0.4344552495495525,0.00022939189618756696,-0.0047145809040274964,0.0047201582327986904,184087,237,14363,78057,0,0,0,0,1,1,1,1,1
wsl2_cuda,gpu,64,infrared,coupled,4,1,0,0,1,5,0.018223180429960843,-0.39896794185901019,0.39938390420270747,0.0003318715667744778,-0.0068462158053856602,0.00685425485306359,171693,217,12394,90451,0,0,0,0,1,1,1,1,1
wsl2_cuda,gpu,64,infrared,coupled,4,1,0,0,1,6,0.016620548638689475,-0.36796735198717762,0.36834252369975762,0.00044824171208379931,-0.0092833078204057635,0.0092941231281309499,160952,200,10741,101192,0,0,0,0,1,1,1,1,1
wsl2_cuda,gpu,64,infrared,coupled,4,1,0,0,1,7,0.015363396173095747,-0.34072793778576266,0.34107412908297524,0.00057681347590789818,-0.011992591121568476,0.01200645474713964,151728,186,9224,110416,0,0,0,0,1,1,1,1,1
wsl2_cuda,gpu,64,infrared,coupled,4,1,0,0,1,8,0.014352730829742005,-0.31725098987379241,0.31757548938507857,0.00071614236899581428,-0.014943012910853913,0.014960163593578036,143953,181,7775,118191,0,0,0,0,1,1,1,1,1
wsl2_cuda,gpu,64,infrared,coupled,4,1,0,0,1,9,0.013239798076409681,-0.29606225259363728,0.29635814425104429,0.00086495166279786074,-0.018105834164096352,0.018126482619546889,137098,128,6855,125046,0,0,0,0,1,1,1,1,1
wsl2_cuda,gpu,64,infrared,coupled,4,1,0,0,1,10,0.012445768918569064,-0.27705453908503719,0.27733394092969726,0.0010218502636453032,-0.021453511960502162,0.021477834001610154,131077,143,6021,131067,0,0,0,0,1,1,1,1,1
wsl2_cuda,gpu,64,infrared,coupled,4,1,0,0,1,11,0.011499917108709418,-0.26027615194185072,0.26053008149379708,0.0011856828352784809,-0.024959699931723069,0.024987846335119211,125863,129,5214,136281,0,0,0,0,1,1,1,1,1
wsl2_cuda,gpu,64,infrared,coupled,4,1,0,0,1,12,0.010714976787870766,-0.24600074337907693,0.24623398723698375,0.0013551471806216102,-0.028599372480647495,0.028631460496592973,121493,135,4370,140651,0,0,0,0,1,1,1,1,1
wsl2_cuda,gpu,64,infrared,coupled,4,1,0,0,1,13,0.010198301391125163,-0.23300538058761747,0.23322845609840298,0.0015290550843334364,-0.032349129705683669,0.032385246674466933,117600,166,3893,144544,0,0,0,0,1,1,1,1,1
wsl2_cuda,gpu,64,infrared,coupled,4,1,0,0,1,14,0.0097425145991922764,-0.22184585607994114,0.22205967767822557,0.0017064242326230419,-0.036186268852465467,0.03622648115846467,114302,214,3298,147842,0,0,0,0,1,1,1,1,1
wsl2_cuda,gpu,64,infrared,coupled,4,1,0,0,1,15,0.0092905568062828826,-0.2120952328459742,0.21229861573208333,0.001886311172014701,-0.040089313335146905,0.040133666833735177,111457,203,2845,150687,0,0,0,0,1,1,1,1,1
wsl2_cuda,gpu,64,infrared,coupled,4,1,0,0,1,16,0.0089603858231053213,-0.20388898505230857,0.20408578279674314,0.0020677675089406013,-0.044037731291110015,0.044086250007672918,109097,245,2360,153047,0,0,0,0,1,1,1,1,1
wsl2_cuda,gpu,64,infrared,coupled,5,1,0,0,1,0,0.031250000000000007,-0.63610836328225195,0.63687550772315416,0,0,0,262144,0,0,0,0,0,0,0,1,1,1,1,1
wsl2_cuda,gpu,64,infrared,coupled,5,1,0,0,1,1,0.028403574054859583,-0.57260099637841377,0.57330503579913028,2.5647010037551834e-05,-0.00052205688249716748,0.00052268648125480311,236446,166,25698,25698,0,0,0,0,1,1,1,1,1
wsl2_cuda,gpu,64,infrared,coupled,5,1,0,0,1,2,0.026281680279374327,-0.51802917357394329,0.51869543220661773,7.4522624463938813e-05,-0.0015123739793253886,0.0015142089270960941,215406,-46,21040,46738,0,0,0,0,1,1,1,1,1
wsl2_cuda,gpu,64,infrared,coupled,5,1,0,0,1,3,0.023333204491122327,-0.47234118889835808,0.47291715676399276,0.00014472849626008478,-0.0029229848613562797,0.0029265657069930439,198233,-3,17173,63911,0,0,0,0,1,1,1,1,1
wsl2_cuda,gpu,64,infrared,coupled,5,1,0,0,1,4,0.021311424987625067,-0.43267882325155582,0.43320334823885454,0.00023361942496438355,-0.0047118648841712558,0.0047176528827804712,183790,44,14443,78354,0,0,0,0,1,1,1,1,1
wsl2_cuda,gpu,64,infrared,coupled,5,1,0,0,1,5,0.019484885145650672,-0.39831755593625462,0.3987938516529192,0.00033925077132306546,-0.0068407203420541738,0.0068491273812097452,171564,46,12226,90580,0,0,0,0,1,1,1,1,1
wsl2_cuda,gpu,64,infrared,coupled,5,1,0,0,1,6,0.018197449495201638,-0.36706594790388414,0.36751674421542674,0.00045978439032517683,-0.0092745167805006797,0.0092859066976453825,160735,87,10829,101409,0,0,0,0,1,1,1,1,1
wsl2_cuda,gpu,64,infrared,coupled,5,1,0,0,1,7,0.016662794973946588,-0.33999281449883428,0.34040088520328871,0.00059377674308866792,-0.011979792939703294,0.011994499143307229,151548,82,9187,110596,0,0,0,0,1,1,1,1,1
wsl2_cuda,gpu,64,infrared,coupled,5,1,0,0,1,8,0.015419149422106957,-0.31595557894805487,0.31633159506647734,0.0007395381921481008,-0.01492564535266625,0.014943955498167589,143594,344,7954,118550,0,0,0,0,1,1,1,1,1
wsl2_cuda,gpu,64,infrared,coupled,5,1,0,0,1,9,0.014350876569485402,-0.29521071268668025,0.29555932153002767,0.00089558015141318677,-0.018082889833268501,0.018105053673760002,136847,335,6747,125297,0,0,0,0,1,1,1,1,1
wsl2_cuda,gpu,64,infrared,coupled,5,1,0,0,1,10,0.01348732359848431,-0.27604118067959893,0.27637047839600598,0.0010605249616145159,-0.021424365650035488,0.021450598049952547,130773,297,6074,131371,0,0,0,0,1,1,1,1,1
wsl2_cuda,gpu,64,infrared,coupled,5,1,0,0,1,11,0.012831398717735299,-0.25912320744302109,0.25944070888858678,0.0012331343982005052,-0.024923613538962049,0.024954100510408257,125511,273,5262,136633,0,0,0,0,1,1,1,1,1
wsl2_cuda,gpu,64,infrared,coupled,5,1,0,0,1,12,0.012062036398052672,-0.2446647169379311,0.24496186731078348,0.0014123160330430395,-0.028555515622957561,0.028590419882718821,121100,284,4411,141044,0,0,0,0,1,1,1,1,1
wsl2_cuda,gpu,64,infrared,coupled,5,1,0,0,1,13,0.011447142581767992,-0.23199193497539933,0.23227418058604196,0.0015968632414636618,-0.032296546688894201,0.03233600006555945,117297,229,3803,144847,0,0,0,0,1,1,1,1,1
wsl2_cuda,gpu,64,infrared,coupled,5,1,0,0,1,14,0.010772255247377859,-0.22102991562526403,0.22129226169124394,0.0017856789472835142,-0.036124296738450863,0.036168404224549679,114070,228,3227,148074,0,0,0,0,1,1,1,1,1
wsl2_cuda,gpu,64,infrared,coupled,5,1,0,0,1,15,0.010366965337122506,-0.21139250868057333,0.21164656079550967,0.0019776031347292478,-0.04001748141982775,0.040066316693012229,111266,194,2804,150878,0,0,0,0,1,1,1,1,1
wsl2_cuda,gpu,64,infrared,coupled,5,1,0,0,1,16,0.0098559890099927591,-0.20304088446863633,0.20327995790330936,0.0021716870690066388,-0.043955693439262943,0.044009308225103405,108868,142,2398,153276,0,0,0,0,1,1,1,1,1
wsl2_cuda,gpu,64,infrared,coupled,6,1,0,0,1,0,0.031250000000000007,-0.63610836328225195,0.63687550772315416,0,0,0,262144,0,0,0,0,0,0,0,1,1,1,1,1
wsl2_cuda,gpu,64,infrared,coupled,6,1,0,0,1,1,0.02840123942688556,-0.57231043365427514,0.57301471435777962,2.5647010037551834e-05,-0.00052205688249716748,0.00052268648125480311,236351,-137,25793,25793,0,0,0,0,1,1,1,1,1
wsl2_cuda,gpu,64,infrared,coupled,6,1,0,0,1,2,0.026342502443818725,-0.51718998065058519,0.517860409299992,7.4520708424673671e-05,-0.0015121355132420994,0.0015139706557235719,215024,48,21327,47120,0,0,0,0,1,1,1,1,1
wsl2_cuda,gpu,64,infrared,coupled,6,1,0,0,1,3,0.02406159057074634,-0.47157316635035978,0.47218662768284569,0.00014477458734557587,-0.0029218199654509444,0.0029254045176092896,197892,110,17132,64252,0,0,0,0,1,1,1,1,1
wsl2_cuda,gpu,64,infrared,coupled,6,1,0,0,1,4,0.022356667112131866,-0.43229326641524957,0.43287098395749352,0.00023431116481689951,-0.0047091469785478087,0.0047149726391065953,183544,278,14348,78600,0,0,0,0,1,1,1,1,1
wsl2_cuda,gpu,64,infrared,coupled,6,1,0,0,1,5,0.020778427855730679,-0.39722657755546215,0.39776965316698232,0.00034144377405991678,-0.006836141723523319,0.0068446634332844048,171075,205,12469,91069,0,0,0,0,1,1,1,1,1
wsl2_cuda,gpu,64,infrared,coupled,6,1,0,0,1,6,0.019000914786993273,-0.3660670245254668,0.36655981941242727,0.00046453323209978985,-0.0092671967765907172,0.0092788322120716492,160291,215,10784,101853,0,0,0,0,1,1,1,1,1
wsl2_cuda,gpu,64,infrared,coupled,6,1,0,0,1,7,0.017505961113975215,-0.33904879742426541,0.33950043550688497,0.00060172558669053394,-0.011968935228227553,0.011984051242346413,151179,183,9112,110965,0,0,0,0,1,1,1,1,1
wsl2_cuda,gpu,64,infrared,coupled,6,1,0,0,1,8,0.016517280182178337,-0.31509400460550663,0.31552662690009475,0.00075135351043548128,-0.014910510029964309,0.014929428704786731,143235,119,7944,118909,0,0,0,0,1,1,1,1,1
wsl2_cuda,gpu,64,infrared,coupled,6,1,0,0,1,9,0.015449316023348991,-0.29448764766015217,0.29489261772719783,0.00091212525572138847,-0.018062818388698543,0.018085833700032493,136562,162,6673,125582,0,0,0,0,1,1,1,1,1
wsl2_cuda,gpu,64,infrared,coupled,6,1,0,0,1,10,0.014437902014952493,-0.27595902758250118,0.27633645781704774,0.0010826482331502878,-0.021398829093999795,0.021426199238104633,130690,180,5872,131454,0,0,0,0,1,1,1,1,1
wsl2_cuda,gpu,64,infrared,coupled,6,1,0,0,1,11,0.013484086947336011,-0.25967571468398093,0.26002557066073251,0.0012615449610449794,-0.024892626425057653,0.024924573136288944,125620,96,5070,136524,0,0,0,0,1,1,1,1,1
wsl2_cuda,gpu,64,infrared,coupled,6,1,0,0,1,12,0.012728827512915434,-0.24516613461009959,0.2454963474463745,0.0014474583481629635,-0.028519630870546223,0.028556338712479926,121185,25,4435,140959,0,0,0,0,1,1,1,1,1
wsl2_cuda,gpu,64,infrared,coupled,6,1,0,0,1,13,0.011993925680767518,-0.23263715740638807,0.23294613381500959,0.00163917173397326,-0.032256291010221254,0.032297913147903805,117434,-34,3751,144710,0,0,0,0,1,1,1,1,1
wsl2_cuda,gpu,64,infrared,coupled,6,1,0,0,1,14,0.011342667215164647,-0.22142492699209909,0.22171525521039454,0.0018354665464644115,-0.036080328898415261,0.036126985355285447,114134,-12,3300,148010,0,0,0,0,1,1,1,1,1
wsl2_cuda,gpu,64,infrared,coupled,6,1,0,0,1,15,0.010821242854530629,-0.21197888656615069,0.21225491194962182,0.0020351781528829488,-0.039970266750745546,0.040022046102613583,111385,-59,2749,150759,0,0,0,0,1,1,1,1,1
wsl2_cuda,gpu,64,infrared,coupled,6,1,0,0,1,16,0.010362960622646484,-0.20352339615240195,0.20378705487413587,0.0022372375073549853,-0.043905864751690754,0.043962827380163765,108958,-46,2427,153186,0,0,0,0,1,1,1,1,1
wsl2_cuda,gpu,64,infrared,coupled,7,1,0,0,1,0,0.031250000000000007,-0.63610836328225195,0.63687550772315416,0,0,0,262144,0,0,0,0,0,0,0,1,1,1,1,1
wsl2_cuda,gpu,64,infrared,coupled,7,1,0,0,1,1,0.027259845474205041,-0.57203364917339994,0.57268280484218659,2.5647010037551834e-05,-0.00052205688249716748,0.00052268648125480311,236251,151,25893,25893,0,0,0,0,1,1,1,1,1
wsl2_cuda,gpu,64,infrared,coupled,7,1,0,0,1,2,0.024830074055022744,-0.51789543935888871,0.51849032651180127,7.3583961475514456e-05,-0.0015119083550226068,0.0015136979465446845,215187,267,21064,46957,0,0,0,0,1,1,1,1,1
wsl2_cuda,gpu,64,infrared,coupled,7,1,0,0,1,3,0.022643687324572233,-0.47231713643789092,0.47285961336166388,0.00014166284406146517,-0.002921945351241496,0.0029253774110410734,198032,168,17155,64112,0,0,0,0,1,1,1,1,1
wsl2_cuda,gpu,64,infrared,coupled,7,1,0,0,1,4,0.02128664612135962,-0.43311147799679772,0.43363426257119786,0.00022787073513961604,-0.0047102350853029809,0.004715743804613674,183736,238,14296,78408,0,0,0,0,1,1,1,1,1
wsl2_cuda,gpu,64,infrared,coupled,7,1,0,0,1,5,0.019151800509720183,-0.39808089675953989,0.39854133013734422,0.00033081716209138156,-0.0068388605680027156,0.0068468572252761793,171272,66,12464,90872,0,0,0,0,1,1,1,1,1
wsl2_cuda,gpu,64,infrared,coupled,7,1,0,0,1,6,0.017551535405506229,-0.36700356612338803,0.36742301770898184,0.00044841957110893622,-0.0092722387742705144,0.0092830755678729171,160493,-41,10779,101651,0,0,0,0,1,1,1,1,1
wsl2_cuda,gpu,64,infrared,coupled,7,1,0,0,1,7,0.015887502605055503,-0.33964088237329759,0.34001226701155624,0.00057898709254389019,-0.011977052817113037,0.011991039164194559,151231,137,9262,110913,0,0,0,0,1,1,1,1,1
wsl2_cuda,gpu,64,infrared,coupled,7,1,0,0,1,8,0.014797481601526188,-0.31567375105513046,0.31602038315109354,0.00072073490195067149,-0.014922163077792072,0.014939558551681198,143295,131,7936,118849,0,0,0,0,1,1,1,1,1
wsl2_cuda,gpu,64,infrared,coupled,7,1,0,0,1,9,0.013860308495074469,-0.2952098855087853,0.29553508193391992,0.00087231337808422842,-0.018078445287477797,0.018099478297506612,136672,122,6623,125472,0,0,0,0,1,1,1,1,1
wsl2_cuda,gpu,64,infrared,coupled,7,1,0,0,1,10,0.012976233261320559,-0.27636963363828343,0.2766740989449703,0.0010324667843975366,-0.021418972422261501,0.021443842176403063,130707,203,5965,131437,0,0,0,0,1,1,1,1,1
wsl2_cuda,gpu,64,infrared,coupled,7,1,0,0,1,11,0.012263331651282672,-0.25984862407027604,0.26013784179623883,0.0011999554349088532,-0.024917558505212212,0.024946434913759537,125571,177,5136,136573,0,0,0,0,1,1,1,1,1
wsl2_cuda,gpu,64,infrared,coupled,7,1,0,0,1,12,0.011383136759713565,-0.24557053958532654,0.2458342240509217,0.0013736565790985625,-0.028549413573552777,0.028582441249673903,121212,172,4359,140932,0,0,0,0,1,1,1,1,1
wsl2_cuda,gpu,64,infrared,coupled,7,1,0,0,1,13,0.010812024855862763,-0.23307283139249019,0.23332347634731476,0.0015522902248911558,-0.032291160625087897,0.03232844969152588,117468,116,3744,144676,0,0,0,0,1,1,1,1,1
wsl2_cuda,gpu,64,infrared,coupled,7,1,0,0,1,14,0.010484989291336906,-0.22206069774622469,0.22230809360880141,0.0017348142117259134,-0.036120531046848293,0.036162167294778363,114219,133,3249,147925,0,0,0,0,1,1,1,1,1
wsl2_cuda,gpu,64,infrared,coupled,7,1,0,0,1,15,0.0099203495431041643,-0.21192789261814532,0.21215995146262995,0.001920374204844985,-0.040016194156325603,0.040062246964484925,111277,103,2942,150867,0,0,0,0,1,1,1,1,1
wsl2_cuda,gpu,64,infrared,coupled,7,1,0,0,1,16,0.0094573770659096106,-0.20341642879783697,0.20363615957347131,0.0021079111205766165,-0.043957328128124605,0.044007840045335846,108835,71,2442,153309,0,0,0,0,1,1,1,1,1
wsl2_cuda,gpu,64,infrared,coupled,0,1,0,0,2,0,0.062499999999999993,-0.63457314922669117,0.63764357733727739,0,0,0,262144,0,0,0,0,0,0,0,1,1,1,1,1
wsl2_cuda,gpu,64,infrared,coupled,0,1,0,0,2,1,0.05654062879954861,-0.57236991404001969,0.57515577125090889,0.00020320487987494901,-0.0020631737689642648,0.0020731565845703024,237359,-177,24785,24785,0,0,0,0,1,1,1,1,1
wsl2_cuda,gpu,64,infrared,coupled,0,1,0,0,2,2,0.051274334438609133,-0.51866772919385895,0.52119600025253121,0.00058763605015700496,-0.0059608524216526902,0.0059897477175726577,217585,-93,19774,44559,0,0,0,0,1,1,1,1,1
wsl2_cuda,gpu,64,infrared,coupled,0,1,0,0,2,3,0.047103894141584897,-0.47487439659744535,0.47720485054857675,0.0011312468320109142,-0.011468506686807579,0.011524164395750561,202274,-46,15311,59870,0,0,0,0,1,1,1,1,1
wsl2_cuda,gpu,64,infrared,coupled,0,1,0,0,2,4,0.043576271579811927,-0.43824305865669994,0.44040421195258483,0.0018135144118283475,-0.018373200240631275,0.018462484166661925,190080,46,12194,72064,0,0,0,0,1,1,1,1,1
wsl2_cuda,gpu,64,infrared,coupled,0,1,0,0,2,5,0.040436429629739486,-0.40784896318679975,0.40984860816373209,0.0026142297875484978,-0.026467386583425571,0.026596179235721093,180366,122,9714,81778,0,0,0,0,1,1,1,1,1
wsl2_cuda,gpu,64,infrared,coupled,0,1,0,0,2,6,0.038075932368504865,-0.3817554664124822,0.38364959632657347,0.0035129274455901753,-0.035548561044924994,0.035721714007067737,172340,134,8026,89804,0,0,0,0,1,1,1,1,1
wsl2_cuda,gpu,64,infrared,coupled,0,1,0,0,2,7,0.036076236729981843,-0.36090036574925644,0.36269900586373927,0.0044904206039538472,-0.045415558263829273,0.045637011401007455,166120,46,6220,96024,0,0,0,0,1,1,1,1,1
wsl2_cuda,gpu,64,infrared,coupled,0,1,0,0,2,8,0.034417994185709941,-0.34421269552641492,0.34592915182928424,0.0055276861914167075,-0.055874178118659502,0.056146941992119816,161283,9,4837,100861,0,0,0,0,1,1,1,1,1
wsl2_cuda,gpu,64,infrared,coupled,0,1,0,0,2,9,0.033048851727480719,-0.33055282476496134,0.33220083768798692,0.0066060456220730923,-0.066736191387788066,0.067062352178464402,157411,27,3872,104733,0,0,0,0,1,1,1,1,1
wsl2_cuda,gpu,64,infrared,coupled,0,1,0,0,2,10,0.031996294021995851,-0.31994412146330398,0.32154004990057988,0.0077072338503395236,-0.077818045673380923,0.078198783149408521,154463,43,2948,107681,0,0,0,0,1,1,1,1,1
wsl2_cuda,gpu,64,infrared,coupled,0,1,0,0,2,11,0.031298318519913874,-0.31241146131726255,0.31397532690413976,0.0088137227030697478,-0.088943292649152683,0.08937891818074005,152407,-33,2056,109737,0,0,0,0,1,1,1,1,1
wsl2_cuda,gpu,64,infrared,coupled,0,1,0,0,2,12,0.0307387796573723,-0.30710326127234588,0.30863779039342415,0.0099090689524532569,-0.099944929208244132,0.10043494671649607,150975,-59,1432,111169,0,0,0,0,1,1,1,1,1
wsl2_cuda,gpu,64,infrared,coupled,0,1,0,0,2,13,0.030466511142862883,-0.30412420334520773,0.30564642867466235,0.010977422201356932,-0.11066476800848954,0.11120788945286056,150180,-64,795,111964,0,0,0,0,1,1,1,1,1
wsl2_cuda,gpu,64,infrared,coupled,0,1,0,0,2,14,0.030304157131408455,-0.30244880496322946,0.30396319113197029,0.0120042118237229,-0.12095580417304506,0.12155002124498718,149735,-55,445,112409,0,0,0,0,1,1,1,1,1
wsl2_cuda,gpu,64,infrared,coupled,0,1,0,0,2,15,0.030221635562694703,-0.30151587517714634,0.30302668238939756,0.012975756978394183,-0.13068076426637112,0.13132338869525567,149488,-66,247,112656,0,0,0,0,1,1,1,1,1
wsl2_cuda,gpu,64,infrared,coupled,0,1,0,0,2,16,0.030171086446659851,-0.30103315896723104,0.30254133148243073,0.013879344052987613,-0.13971204015345237,0.14039975197692156,149360,-62,128,112784,0,0,0,0,1,1,1,1,1
wsl2_cuda,gpu,64,infrared,coupled,1,1,0,0,2,0,0.062499999999999993,-0.63457314922669117,0.63764357733727739,0,0,0,262144,0,0,0,0,0,0,0,1,1,1,1,1
wsl2_cuda,gpu,64,infrared,coupled,1,1,0,0,2,1,0.056549376440159553,-0.57201415179770831,0.57480259379427179,0.00020320487987494901,-0.0020631737689642648,0.0020731565845703024,237241,-291,24903,24903,0,0,0,0,1,1,1,1,1
wsl2_cuda,gpu,64,infrared,coupled,1,1,0,0,2,2,0.050946516433637117,-0.51931359881595296,0.52180663224215484,0.00058766449116915559,-0.0059596957396733166,0.0059885994075126936,217631,-187,19610,44513,0,0,0,0,1,1,1,1,1
wsl2_cuda,gpu,64,infrared,coupled,1,1,0,0,2,3,0.046902661647650543,-0.47573323959135866,0.47803972107108739,0.00113023752221803,-0.01146830804147188,0.011523867674991679,202465,-151,15166,59679,0,0,0,0,1,1,1,1,1
wsl2_cuda,gpu,64,infrared,coupled,1,1,0,0,2,4,0.0429874069645199,-0.43964003362494308,0.44173665947402907,0.0018108260175040689,-0.018376754513948334,0.018465757426425543,190450,-144,12015,71694,0,0,0,0,1,1,1,1,1
wsl2_cuda,gpu,64,infrared,coupled,1,1,0,0,2,5,0.039981644199962307,-0.40883352598689982,0.41078386512107978,0.0026079821839069791,-0.026479190199907889,0.02660731261729516,180601,-159,9849,81543,0,0,0,0,1,1,1,1,1
wsl2_cuda,gpu,64,infrared,coupled,1,1,0,0,2,6,0.037263268433063768,-0.38239628233550005,0.38420758441020658,0.0035017220293681066,-0.035571663889899525,0.035743605429040641,172468,-158,8133,89676,0,0,0,0,1,1,1,1,1
wsl2_cuda,gpu,64,infrared,coupled,1,1,0,0,2,7,0.035284600731883109,-0.36087970476670705,0.36260055758549803,0.0044717587180003338,-0.045451747864934777,0.045671194532326556,166065,-197,6403,96079,0,0,0,0,1,1,1,1,1
wsl2_cuda,gpu,64,infrared,coupled,1,1,0,0,2,8,0.033804714505674301,-0.343668666024119,0.34532725164632982,0.0054992330622357392,-0.055922923719269151,0.056192659321160292,161087,-237,4978,101057,0,0,0,0,1,1,1,1,1
wsl2_cuda,gpu,64,infrared,coupled,1,1,0,0,2,9,0.032432845479960726,-0.33007909451121298,0.3316686570951034,0.0065661717861512292,-0.066795099774678332,0.067117061659718702,157235,-227,3852,104909,0,0,0,0,1,1,1,1,1
wsl2_cuda,gpu,64,infrared,coupled,1,1,0,0,2,10,0.031428118721782042,-0.3195077481697346,0.32104972790345887,0.0076544472764527088,-0.077884822012336388,0.078260054069757154,154302,-216,2933,107842,0,0,0,0,1,1,1,1,1
wsl2_cuda,gpu,64,infrared,coupled,1,1,0,0,2,11,0.030669103996749769,-0.31194354710542205,0.31344755625251908,0.0087468522814638204,-0.089015662776833274,0.089444371787344171,152237,-255,2065,109907,0,0,0,0,1,1,1,1,1
wsl2_cuda,gpu,64,infrared,coupled,1,1,0,0,2,12,0.030200419456924216,-0.30682158022427541,0.30830430977638901,0.0098269255293426967,-0.1000204447576245,0.10050202900873327,150858,-198,1379,111286,0,0,0,0,1,1,1,1,1
wsl2_cuda,gpu,64,infrared,coupled,1,1,0,0,2,13,0.029899721828333264,-0.30379683887585684,0.30526466005152814,0.010879307659918968,-0.1107415458160803,0.11127465706482399,150049,-167,809,112095,0,0,0,0,1,1,1,1,1
wsl2_cuda,gpu,64,infrared,coupled,1,1,0,0,2,14,0.029731386632208825,-0.30209474595521241,0.30355426349306674,0.011889540203218849,-0.12103179637655946,0.1216143778522133,149597,-181,452,112547,0,0,0,0,1,1,1,1,1
wsl2_cuda,gpu,64,infrared,coupled,1,1,0,0,2,15,0.029649695072791631,-0.3013028782191759,0.30275820193855868,0.012844134964678611,-0.1307538462755965,0.13138318050212211,149387,-179,210,112757,0,0,0,0,1,1,1,1,1
wsl2_cuda,gpu,64,infrared,coupled,1,1,0,0,2,16,0.029605071041307614,-0.30080006516301017,0.30225343576778746,0.013730598161874639,-0.13978058328916798,0.14045334026125153,149254,-174,133,112890,0,0,0,0,1,1,1,1,1
wsl2_cuda,gpu,64,infrared,coupled,2,1,0,0,2,0,0.062499999999999993,-0.63457314922669117,0.63764357733727739,0,0,0,262144,0,0,0,0,0,0,0,1,1,1,1,1
wsl2_cuda,gpu,64,infrared,coupled,2,1,0,0,2,1,0.056368811920484811,-0.57184150128657818,0.57461303983725831,0.00020320487987494901,-0.0020631737689642648,0.0020731565845703024,237182,28,24962,24962,0,0,0,0,1,1,1,1,1
wsl2_cuda,gpu,64,infrared,coupled,2,1,0,0,2,2,0.050912018700310022,-0.51889436185600268,0.52138603012939366,0.00058707742570467396,-0.0059591344048513248,0.0059879831962735821,217509,1,19673,44635,0,0,0,0,1,1,1,1,1
wsl2_cuda,gpu,64,infrared,coupled,2,1,0,0,2,3,0.046918574285110808,-0.47581421997169315,0.47812187205797047,0.0011289587497638344,-0.011465829506485007,0.011521275716275977,202460,-30,15049,59684,0,0,0,0,1,1,1,1,1
wsl2_cuda,gpu,64,infrared,coupled,2,1,0,0,2,4,0.043167125446646783,-0.43941556054032671,0.4415307866551279,0.0018089236553056011,-0.01837265381810135,0.018461490002448833,190375,-9,12085,71769,0,0,0,0,1,1,1,1,1
wsl2_cuda,gpu,64,infrared,coupled,2,1,0,0,2,5,0.040163382604544072,-0.40874431699478075,0.41071281204482629,0.0026060649156294316,-0.026472790047928553,0.026600755389014418,180543,105,9832,81601,0,0,0,0,1,1,1,1,1
wsl2_cuda,gpu,64,infrared,coupled,2,1,0,0,2,6,0.03783261685758494,-0.38267316656937178,0.38453876177899543,0.0035004052969506145,-0.035562756223298873,0.035734611617320014,172502,6,8041,89642,0,0,0,0,1,1,1,1,1
wsl2_cuda,gpu,64,infrared,coupled,2,1,0,0,2,7,0.035608603769488212,-0.36173882994551315,0.36348721263995148,0.0044729104985902742,-0.045441347016896089,0.045660956484050684,166262,-134,6240,95882,0,0,0,0,1,1,1,1,1
wsl2_cuda,gpu,64,infrared,coupled,2,1,0,0,2,8,0.034038740969855728,-0.34442973777600461,0.3461076135413092,0.0055038920257127174,-0.055913956177569529,0.056184191040343986,161245,-133,5017,100899,0,0,0,0,1,1,1,1,1
wsl2_cuda,gpu,64,infrared,coupled,2,1,0,0,2,9,0.032618707727584829,-0.33053639149926722,0.33214196693458425,0.0065750391371764329,-0.066790154867757093,0.067113008626602175,157309,-139,3936,104835,0,0,0,0,1,1,1,1,1
wsl2_cuda,gpu,64,infrared,coupled,2,1,0,0,2,10,0.031609856449750541,-0.32001717249903,0.32157452280777432,0.0076680137157683834,-0.077885449883199565,0.078262006988407878,154386,-328,2923,107758,0,0,0,0,1,1,1,1,1
wsl2_cuda,gpu,64,infrared,coupled,2,1,0,0,2,11,0.030940566175088797,-0.31234209803487101,0.31387084101595042,0.008765534905409187,-0.089023511662722613,0.089454011821387056,152294,-284,2092,109850,0,0,0,0,1,1,1,1,1
wsl2_cuda,gpu,64,infrared,coupled,2,1,0,0,2,12,0.030483594922836071,-0.30757692574424522,0.30908383136246464,0.0098513676160272099,-0.10003670991567887,0.10052060870617424,151012,-284,1282,111132,0,0,0,0,1,1,1,1,1
wsl2_cuda,gpu,64,infrared,coupled,2,1,0,0,2,13,0.03017084802705974,-0.30440127129716543,0.30589281462303497,0.010910116792965486,-0.11076847473099757,0.11130447269839516,150164,-300,848,111980,0,0,0,0,1,1,1,1,1
wsl2_cuda,gpu,64,infrared,coupled,2,1,0,0,2,14,0.030017454240479732,-0.30276387036610336,0.3042482682911144,0.011927203230058758,-0.12107100927185881,0.12165708965365581,149729,-297,435,112415,0,0,0,0,1,1,1,1,1
wsl2_cuda,gpu,64,infrared,coupled,2,1,0,0,2,15,0.029932728639804947,-0.3018383472627223,0.30331890168948578,0.012889099514322291,-0.13080701635094202,0.13144049761365678,149484,-300,245,112660,0,0,0,0,1,1,1,1,1
wsl2_cuda,gpu,64,infrared,coupled,2,1,0,0,2,16,0.029891110049985521,-0.30146141639950796,0.30293970363360739,0.013783208467678627,-0.13984877040460317,0.14052635133434191,149384,-292,100,112760,0,0,0,0,1,1,1,1,1
wsl2_cuda,gpu,64,infrared,coupled,3,1,0,0,2,0,0.062499999999999993,-0.63457314922669117,0.63764357733727739,0,0,0,262144,0,0,0,0,0,0,0,1,1,1,1,1
wsl2_cuda,gpu,64,infrared,coupled,3,1,0,0,2,1,0.056449001145552166,-0.57207304411940985,0.57485133516273479,0.00020320487987494901,-0.0020631737689642648,0.0020731565845703024,237243,-59,24901,24901,0,0,0,0,1,1,1,1,1
wsl2_cuda,gpu,64,infrared,coupled,3,1,0,0,2,2,0.051705661942150927,-0.51920284286047147,0.52177108727033872,0.00058733814317422136,-0.0059598872149878041,0.0059887579438312934,217652,-86,19591,44492,0,0,0,0,1,1,1,1,1
wsl2_cuda,gpu,64,infrared,coupled,3,1,0,0,2,3,0.047169601902244493,-0.47541695586962635,0.47775124622753051,0.001132057199834814,-0.01146832844092787,0.011524066588348616,202408,-110,15244,59736,0,0,0,0,1,1,1,1,1
wsl2_cuda,gpu,64,infrared,coupled,3,1,0,0,2,4,0.043756795628908766,-0.43925546762593914,0.44142952212441861,0.001815636308000416,-0.018375575249901781,0.018465056213500471,190359,-209,12049,71785,0,0,0,0,1,1,1,1,1
wsl2_cuda,gpu,64,infrared,coupled,3,1,0,0,2,5,0.04083435648589339,-0.40856065822396065,0.41059622029192255,0.0026182229648587713,-0.026475576047508453,0.026604721733953864,180544,-298,9815,81600,0,0,0,0,1,1,1,1,1
wsl2_cuda,gpu,64,infrared,coupled,3,1,0,0,2,6,0.03826201702613851,-0.38222358661294226,0.38413389867358738,0.0035200345230478529,-0.035564773976788186,0.035738547691022346,172427,-137,8117,89717,0,0,0,0,1,1,1,1,1
wsl2_cuda,gpu,64,infrared,coupled,3,1,0,0,2,7,0.036120030585749932,-0.36092017713922586,0.36272307739613935,0.0045011555541931607,-0.045441108967794228,0.045663495108740779,166080,-24,6347,96064,0,0,0,0,1,1,1,1,1
wsl2_cuda,gpu,64,infrared,coupled,3,1,0,0,2,8,0.034340067162843914,-0.34396700537150199,0.34567693153721946,0.0055420538877352446,-0.055908803707320175,0.056182814928394421,161172,36,4908,100972,0,0,0,0,1,1,1,1,1
wsl2_cuda,gpu,64,infrared,coupled,3,1,0,0,2,9,0.033001300011444766,-0.32995633495134202,0.331602576553572,0.0066236086545454573,-0.066778649506812435,0.067106335182024884,157212,136,3960,104932,0,0,0,0,1,1,1,1,1
wsl2_cuda,gpu,64,infrared,coupled,3,1,0,0,2,10,0.032062078577423304,-0.31942351904559779,0.32102859904092385,0.0077276126359512535,-0.077865853087947995,0.078248367869018287,154290,144,2922,107854,0,0,0,0,1,1,1,1,1
wsl2_cuda,gpu,64,infrared,coupled,3,1,0,0,2,11,0.031351947538974974,-0.31190262906746652,0.31347439230929891,0.0088368700772693664,-0.088994144331988351,0.089431806412178169,152240,146,2050,109904,0,0,0,0,1,1,1,1,1
wsl2_cuda,gpu,64,infrared,coupled,3,1,0,0,2,12,0.030892165990038564,-0.30705388289096691,0.30860397424203034,0.00993486276455844,-0.099996519403661638,0.1004888321705327,150932,62,1308,111212,0,0,0,0,1,1,1,1,1
wsl2_cuda,gpu,64,infrared,coupled,3,1,0,0,2,13,0.030594217505843041,-0.30408906333709163,0.30562422120313787,0.011006030739077247,-0.11071627531287653,0.11126197163355585,150140,58,792,112004,0,0,0,0,1,1,1,1,1
wsl2_cuda,gpu,64,infrared,coupled,3,1,0,0,2,14,0.030421387347951821,-0.30236876816798663,0.30389526612239254,0.012035683825936758,-0.12100645453752612,0.12160353500166141,149683,61,457,112461,0,0,0,0,1,1,1,1,1
wsl2_cuda,gpu,64,infrared,coupled,3,1,0,0,2,15,0.030324810479109364,-0.30144601360882578,0.30296747886736336,0.013010070442669141,-0.13072964864736755,0.13137542756690607,149438,58,245,112706,0,0,0,0,1,1,1,1,1
wsl2_cuda,gpu,64,infrared,coupled,3,1,0,0,2,16,0.030273517152556693,-0.30095955599998325,0.30247833011389957,0.013916394880605245,-0.1397583052117938,0.14044945682396157,149309,53,129,112835,0,0,0,0,1,1,1,1,1
wsl2_cuda,gpu,64,infrared,coupled,4,1,0,0,2,0,0.062499999999999993,-0.63457314922669117,0.63764357733727739,0,0,0,262144,0,0,0,0,0,0,0,1,1,1,1,1
wsl2_cuda,gpu,64,infrared,coupled,4,1,0,0,2,1,0.056507995125652147,-0.57196624550501352,0.5747508499430185,0.00020320487987494901,-0.0020631737689642648,0.0020731565845703024,237102,-172,25042,25042,0,0,0,0,1,1,1,1,1
wsl2_cuda,gpu,64,infrared,coupled,4,1,0,0,2,2,0.050649754316773279,-0.51956599704140816,0.52202894832947921,0.00058752994900846246,-0.0059595399829941173,0.0059884312010648841,217656,-100,19446,44488,0,0,0,0,1,1,1,1,1
wsl2_cuda,gpu,64,infrared,coupled,4,1,0,0,2,3,0.046306572860687699,-0.47616548599049086,0.478411819187886,0.001129005305191628,-0.011468819140144759,0.011524255526866003,202505,-213,15151,59639,0,0,0,0,1,1,1,1,1
wsl2_cuda,gpu,64,infrared,coupled,4,1,0,0,2,4,0.042604725924654106,-0.43966795485347498,0.44172737428888442,0.001806573859676154,-0.018379331274136792,0.018467905327755173,190388,-348,12117,71756,0,0,0,0,1,1,1,1,1
wsl2_cuda,gpu,64,infrared,coupled,4,1,0,0,2,5,0.039788336039054704,-0.40876006252432678,0.4106919775204384,0.0025995203521486585,-0.02648389039347418,0.026611162252611009,180556,-454,9832,81588,0,0,0,0,1,1,1,1,1
wsl2_cuda,gpu,64,infrared,coupled,4,1,0,0,2,6,0.037385194744965593,-0.38275587888573748,0.38457732071419959,0.0034885304195765823,-0.035578188458095732,0.035748808909501974,172569,-505,7987,89575,0,0,0,0,1,1,1,1,1
wsl2_cuda,gpu,64,infrared,coupled,4,1,0,0,2,7,0.035233301888556764,-0.36153461092459444,0.36324738190160166,0.0044544027285758877,-0.045461182377643919,0.045678887977289313,166240,-430,6329,95904,0,0,0,0,1,1,1,1,1
wsl2_cuda,gpu,64,infrared,coupled,4,1,0,0,2,8,0.033672477704127041,-0.34483685068335002,0.34647696798480843,0.0054777682333540219,-0.055937276604181831,0.056204847288388662,161396,-390,4844,100748,0,0,0,0,1,1,1,1,1
wsl2_cuda,gpu,64,infrared,coupled,4,1,0,0,2,9,0.032429663630306374,-0.33106485612557751,0.3326493980824618,0.0065404431396434651,-0.066817985267193111,0.067137326068512332,157502,-414,3894,104642,0,0,0,0,1,1,1,1,1
wsl2_cuda,gpu,64,infrared,coupled,4,1,0,0,2,10,0.031407380490693186,-0.32040345975614765,0.3219391255703421,0.0076247740463931801,-0.077919151938703385,0.078291324028306575,154549,-341,2953,107595,0,0,0,0,1,1,1,1,1
wsl2_cuda,gpu,64,infrared,coupled,4,1,0,0,2,11,0.030623591083912535,-0.31266519110119151,0.31416130579245322,0.0087135471506262063,-0.089063909584553416,0.089489138415964717,152435,-365,2114,109709,0,0,0,0,1,1,1,1,1
wsl2_cuda,gpu,64,infrared,coupled,4,1,0,0,2,12,0.030105217656207009,-0.30750625246658408,0.30897640595386916,0.0097902671550918023,-0.10008433667941526,0.10056203945588323,151045,-383,1390,111099,0,0,0,0,1,1,1,1,1
wsl2_cuda,gpu,64,infrared,coupled,4,1,0,0,2,13,0.029790954838868518,-0.30432326452689246,0.30577794283191267,0.010839456101648151,-0.11082249046822085,0.11135132779701577,150195,-385,850,111949,0,0,0,0,1,1,1,1,1
wsl2_cuda,gpu,64,infrared,coupled,4,1,0,0,2,14,0.02961969999985771,-0.30247840642667662,0.30392517661836332,0.011846652320211697,-0.12113046842936452,0.12170839557365487,149705,-407,490,112439,0,0,0,0,1,1,1,1,1
wsl2_cuda,gpu,64,infrared,coupled,4,1,0,0,2,15,0.02954098528251212,-0.30162521034103751,0.30306837070987253,0.012798397018399632,-0.13087022914539878,0.13149454681776643,149479,-409,226,112665,0,0,0,0,1,1,1,1,1
wsl2_cuda,gpu,64,infrared,coupled,4,1,0,0,2,16,0.029503803356207527,-0.30119047544894678,0.30263208176537459,0.013682242601107845,-0.13991423412452036,0.14058163704142398,149364,-406,115,112780,0,0,0,0,1,1,1,1,1
wsl2_cuda,gpu,64,infrared,coupled,5,1,0,0,2,0,0.062499999999999993,-0.63457314922669117,0.63764357733727739,0,0,0,262144,0,0,0,0,0,0,0,1,1,1,1,1
wsl2_cuda,gpu,64,infrared,coupled,5,1,0,0,2,1,0.056278008918777794,-0.57171766623882991,0.57448089974988392,0.00020320487987494901,-0.0020631737689642648,0.0020731565845703024,237040,94,25104,25104,0,0,0,0,1,1,1,1,1
wsl2_cuda,gpu,64,infrared,coupled,5,1,0,0,2,2,0.050668059140710424,-0.51879845436728766,0.52126681121185259,0.00058678219989581203,-0.0059587317826753578,0.0059875535745394391,217416,388,19624,44728,0,0,0,0,1,1,1,1,1
wsl2_cuda,gpu,64,infrared,coupled,5,1,0,0,2,3,0.046010979537856621,-0.47518710435257605,0.4774094619726541,0.0011275788995654802,-0.011464717597731737,0.011520034017765966,202230,162,15186,59914,0,0,0,0,1,1,1,1,1
wsl2_cuda,gpu,64,infrared,coupled,5,1,0,0,2,4,0.042418893209466964,-0.43873635706704167,0.44078220643938754,0.0018035260134353481,-0.018368807938850016,0.018457134424809757,190091,127,12139,72053,0,0,0,0,1,1,1,1,1
wsl2_cuda,gpu,64,infrared,coupled,5,1,0,0,2,5,0.039045526039459065,-0.40812496675716031,0.40998846519656046,0.0025942859138007616,-0.026464051183810899,0.026590906800293745,180295,133,9796,81849,0,0,0,0,1,1,1,1,1
wsl2_cuda,gpu,64,infrared,coupled,5,1,0,0,2,6,0.036722085633859369,-0.38176363675007219,0.38352573045095889,0.0034787613594305091,-0.03554722263767892,0.035717038200956411,172186,180,8109,89958,0,0,0,0,1,1,1,1,1
wsl2_cuda,gpu,64,infrared,coupled,5,1,0,0,2,7,0.034662345764009547,-0.36039692872100981,0.3620599735477541,0.0044380682343497417,-0.045416260557738924,0.045632588932704408,165817,87,6369,96327,0,0,0,0,1,1,1,1,1
wsl2_cuda,gpu,64,infrared,coupled,5,1,0,0,2,8,0.032751179037133121,-0.34304072814753456,0.34460061070217657,0.0054532212097339388,-0.055875275303694343,0.056140751792489625,160774,78,5043,101370,0,0,0,0,1,1,1,1,1
wsl2_cuda,gpu,64,infrared,coupled,5,1,0,0,2,9,0.031471185547514102,-0.32961767888924887,0.33111667091238706,0.0065050026312540865,-0.066733859017370348,0.067050152860249942,156975,65,3799,105169,0,0,0,0,1,1,1,1,1
wsl2_cuda,gpu,64,infrared,coupled,5,1,0,0,2,10,0.030454690465909245,-0.31903196501505837,0.32048226608151625,0.0075757777607430906,-0.077809273205453,0.078177205152403575,154039,91,2936,108105,0,0,0,0,1,1,1,1,1
wsl2_cuda,gpu,64,infrared,coupled,5,1,0,0,2,11,0.029635390770620357