seed,tick,idx,dx,dy,dz,shell,jmag
3759153152,1,15856,-1,-1,0,FCC,2.5524449999999996
3759153152,1,15887,-1,0,-1,FCC,2.5524449999999996
3759153152,1,15888,-1,0,0,SC,5.104889999999999
3759153152,1,15889,-1,0,1,FCC,2.5524449999999996
3759153152,1,15920,-1,1,0,FCC,2.5524449999999996
3759153152,1,16879,0,-1,-1,FCC,2.5524449999999996
3759153152,1,16880,0,-1,0,SC,5.104889999999999
3759153152,1,16881,0,-1,1,FCC,2.5524449999999996
3759153152,1,16911,0,0,-1,SC,5.104889999999999
3759153152,1,16912,0,0,0,center,15.314669999999998
3759153152,1,16913,0,0,1,SC,5.104889999999999
3759153152,1,16943,0,1,-1,FCC,2.5524449999999996
3759153152,1,16944,0,1,0,SC,5.104889999999999
3759153152,1,16945,0,1,1,FCC,2.5524449999999996
3759153152,1,17904,1,-1,0,FCC,2.5524449999999996
3759153152,1,17935,1,0,-1,FCC,2.5524449999999996
3759153152,1,17936,1,0,0,SC,5.104889999999999
3759153152,1,17937,1,0,1,FCC,2.5524449999999996
3759153152,1,17968,1,1,0,FCC,2.5524449999999996
3759153152,3,14864,-2,0,0,SC2,2.5879710941856016
3759153152,3,18960,2,0,0,SC2,2.306212666253075
3759153152,5,15855,-1,-1,-1,BCC,3.0617252118513854
3759153152,5,15857,-1,-1,1,BCC,3.0617252118513854
3759153152,5,15919,-1,1,-1,BCC,3.0617252118513862
3759153152,5,15921,-1,1,1,BCC,3.0617252118513862
3759153152,5,16910,0,0,-2,SC2,1.7251688115937736
3759153152,5,17903,1,-1,-1,BCC,3.4799714099711454
3759153152,5,17905,1,-1,1,BCC,3.4799714099711454
3759153152,5,17967,1,1,-1,BCC,3.479971409971145
3759153152,5,17969,1,1,1,BCC,3.4799714099711454
3759153152,8,16914,0,0,2,SC2,2.1406434549093474
3759153152,8,16976,0,2,0,SC2,2.1567948563000945
3759153152,9,14832,-2,-1,0,outer,1.8172058342031425
3759153152,10,13840,-3,0,0,outer,1.8980900284883313
3759153152,12,18992,2,1,0,outer,1.8022452584000421
3759153152,13,17934,1,0,-2,outer,1.7164743821661879
3759153152,14,14896,-2,1,0,outer,1.9214069252181698
3759153152,15,14865,-2,0,1,outer,2.1721534142775165
3759153152,15,15824,-1,-2,0,outer,1.9916010797652466
3759153152,17,17872,1,-2,0,outer,1.6490752448750825
3759153152,17,18928,2,-1,0,outer,1.9832536273145578
3759153152,18,14866,-2,0,2,outer,1.6755274229218793
3759153152,18,15890,-1,0,2,outer,1.7669512403660466
3759153152,18,18962,2,0,2,outer,1.9251672946487062
3759153152,18,19024,2,2,0,outer,1.8493909932664416
3759153152,19,14833,-2,-1,1,outer,1.8625079973716023
3759153152,19,14863,-2,0,-1,outer,2.0146937692592664
3759153152,19,15854,-1,-1,-2,outer,1.7538780068181692
3759153152,19,15858,-1,-1,2,outer,1.7465229907732758
3759153152,19,15922,-1,1,2,outer,1.7347382767675537
3759153152,20,15886,-1,0,-2,outer,2.406238302040064
3759153152,20,15952,-1,2,0,outer,2.380945012455818
3759153152,21,13809,-3,-1,1,outer,1.8333184301685383
3759153152,21,13873,-3,1,1,outer,1.685582618865087
3759153152,21,17873,1,-2,1,outer,1.804696069914407
3759153152,21,17902,1,-1,-2,outer,1.675137654980531
3759153152,21,17906,1,-1,2,outer,1.82207613079161
3759153152,21,17938,1,0,2,outer,1.9988458433779168
3759153152,21,17970,1,1,2,outer,1.6641697651045342
3759153152,21,18000,1,2,0,outer,1.973035066293947
3759153152,22,18959,2,0,-1,outer,2.3706563754251158
3759153152,22,18961,2,0,1,outer,2.5314254513438073
3759153152,23,14800,-2,-2,0,outer,2.282035350693257
3759153152,23,14862,-2,0,-2,outer,2.185518813104431
3759153152,23,18958,2,0,-2,outer,2.205856456911322
3759153152,24,14831,-2,-1,-1,outer,1.7470378090105476
3759153152,24,14895,-2,1,-1,outer,1.6824654523821347
3759153152,25,12816,-4,0,0,outer,1.6073527176173668
3759153152,25,16946,0,1,2,outer,2.1219953892576875
3759153152,25,16974,0,2,-2,outer,1.65201917236231
3759153152,25,18896,2,-2,0,outer,2.2794732112371885
3759153152,26,14799,-2,-2,-1,outer,1.745068372719926
3759153152,26,14801,-2,-2,1,outer,1.8982449132477113
3759153152,26,14830,-2,-1,-2,outer,1.8131083532753016
3759153152,26,14834,-2,-1,2,outer,1.9461803485445248
3759153152,26,15825,-1,-2,1,outer,1.6853625912398214
3759153152,26,15953,-1,2,1,outer,1.8246878314924155
3759153152,26,17871,1,-2,-1,outer,1.9657236046483044
3759153152,26,18927,2,-1,-1,outer,1.7327252985491983
3759153152,27,14928,-2,2,0,outer,2.1168214300087147
3759153152,28,15951,-1,2,-1,outer,1.643196782055802
3759153152,30,13807,-3,-1,-1,outer,1.6330377147014667
3759153152,30,16878,0,-1,-2,outer,1.8943081662143135
3759153152,31,14897,-2,1,1,outer,1.7558935807686904
3759153152,31,14927,-2,2,-1,outer,1.7103197226110631
3759153152,31,17999,1,2,-1,outer,1.8439563698377652
3759153152,32,16846,0,-2,-2,outer,1.975815826385839
3759153152,33,16848,0,-2,0,SC2,1.9585593786998503
3759153152,35,16975,0,2,-1,outer,1.9671069223462763
3759153152,36,14894,-2,1,-2,outer,1.5976559640188914
3759153152,36,15823,-1,-2,-1,outer,1.9771095696547405
3759153152,39,16882,0,-1,2,outer,1.94269847857414
3759153153,1,15856,-1,-1,0,FCC,2.5524449999999996
3759153153,1,15887,-1,0,-1,FCC,2.5524449999999996
3759153153,1,15888,-1,0,0,SC,5.104889999999999
3759153153,1,15889,-1,0,1,FCC,2.5524449999999996
3759153153,1,15920,-1,1,0,FCC,2.5524449999999996
3759153153,1,16879,0,-1,-1,FCC,2.5524449999999996
3759153153,1,16880,0,-1,0,SC,5.104889999999999
3759153153,1,16881,0,-1,1,FCC,2.5524449999999996
3759153153,1,16911,0,0,-1,SC,5.104889999999999
3759153153,1,16912,0,0,0,center,15.314669999999998
3759153153,1,16913,0,0,1,SC,5.104889999999999
3759153153,1,16943,0,1,-1,FCC,2.5524449999999996
3759153153,1,16944,0,1,0,SC,5.104889999999999
3759153153,1,16945,0,1,1,FCC,2.5524449999999996
3759153153,1,17904,1,-1,0,FCC,2.5524449999999996
3759153153,1,17935,1,0,-1,FCC,2.5524449999999996
3759153153,1,17936,1,0,0,SC,5.104889999999999
3759153153,1,17937,1,0,1,FCC,2.5524449999999996
3759153153,1,17968,1,1,0,FCC,2.5524449999999996
3759153153,3,14864,-2,0,0,SC2,2.5879710941856016
3759153153,3,18960,2,0,0,SC2,2.306212666253075
3759153153,5,15855,-1,-1,-1,BCC,3.0617252118513854
3759153153,5,15857,-1,-1,1,BCC,3.0617252118513854
3759153153,5,15919,-1,1,-1,BCC,3.0617252118513862
3759153153,5,15921,-1,1,1,BCC,3.0617252118513862
3759153153,5,16976,0,2,0,SC2,1.7251688115937729
3759153153,5,17903,1,-1,-1,BCC,3.4799714099711454
3759153153,5,17967,1,1,-1,BCC,3.479971409971145
3759153153,5,17969,1,1,1,BCC,3.4799714099711454
3759153153,6,17905,1,-1,1,BCC,2.269106790625749
3759153153,8,16914,0,0,2,SC2,2.11277929697048
3759153153,9,14863,-2,0,-1,outer,1.8139104949626272
3759153153,9,14896,-2,1,0,outer,1.7937113166128709
3759153153,9,15823,-1,-2,-1,outer,1.55188815626854
3759153153,9,15825,-1,-2,1,outer,1.565462903079478
3759153153,9,15886,-1,0,-2,outer,1.6759621636625504
3759153153,10,13840,-3,0,0,outer,1.8132681839993892
3759153153,12,18959,2,0,-1,outer,1.7839499242205932
3759153153,12,18992,2,1,0,outer,1.7534417127188262
3759153153,14,14832,-2,-1,0,outer,2.112623518160399
3759153153,14,14865,-2,0,1,outer,1.9149470391608057
3759153153,15,15824,-1,-2,0,outer,1.971788426651213
3759153153,15,15952,-1,2,0,outer,2.041981475856085
3759153153,17,18928,2,-1,0,outer,2.045283812769155
3759153153,17,18961,2,0,1,outer,2.102965104603962
3759153153,18,14928,-2,2,0,outer,1.9373741168575103
3759153153,18,17872,1,-2,0,outer,1.8004348654673963
3759153153,19,14833,-2,-1,1,outer,1.6276639353044924
3759153153,20,15890,-1,0,2,outer,2.256341316721518
3759153153,21,13807,-3,-1,-1,outer,1.8911158250008144
3759153153,21,13809,-3,-1,1,outer,1.853281264444724
3759153153,21,13871,-3,1,-1,outer,1.9528790927820534
3759153153,21,13873,-3,1,1,outer,1.7876984570904688
3759153153,21,15854,-1,-1,-2,outer,1.9091226002082546
3759153153,21,15918,-1,1,-2,outer,1.8070268320708542
3759153153,21,17970,1,1,2,outer,1.7655657066441899
3759153153,21,18927,2,-1,-1,outer,1.8181943291288574
3759153153,22,14895,-2,1,-1,outer,1.6047400641346832
3759153153,22,17934,1,0,-2,outer,2.173338211078492
3759153153,22,18000,1,2,0,outer,2.155582925002847
3759153153,23,14800,-2,-2,0,outer,2.099210683744467
3759153153,23,14866,-2,0,2,outer,2.271519026245172
3759153153,23,16910,0,0,-2,SC2,1.7523741605969034
3759153153,23,18958,2,0,-2,outer,2.2069925476382495
3759153153,23,18962,2,0,2,outer,2.217150999775293
3759153153,23,19024,2,2,0,outer,2.325091110671506
3759153153,24,15951,-1,2,-1,outer,1.717183279139746
3759153153,24,15953,-1,2,1,outer,1.6630642103050104
3759153153,26,14801,-2,-2,1,outer,1.9406626603548505
3759153153,26,14834,-2,-1,2,outer,1.790258905967761
3759153153,26,14897,-2,1,1,outer,1.686518904654822
3759153153,26,15858,-1,-1,2,outer,1.5862700599511053
3759153153,26,17938,1,0,2,outer,1.751803378842333
3759153153,26,18991,2,1,-1,outer,1.6144999292289774
3759153153,27,18896,2,-2,0,outer,2.2649959063312153
3759153153,30,16848,0,-2,0,SC2,2.0275247284044426
3759153153,32,14862,-2,0,-2,outer,2.175514100675229
3759153154,1,15856,-1,-1,0,FCC,2.5524449999999996
3759153154,1,15887,-1,0,-1,FCC,2.5524449999999996
3759153154,1,15888,-1,0,0,SC,5.104889999999999
3759153154,1,15889,-1,0,1,FCC,2.5524449999999996
3759153154,1,15920,-1,1,0,FCC,2.5524449999999996
3759153154,1,16879,0,-1,-1,FCC,2.5524449999999996
3759153154,1,16880,0,-1,0,SC,5.104889999999999
3759153154,1,16881,0,-1,1,FCC,2.5524449999999996
3759153154,1,16911,0,0,-1,SC,5.104889999999999
3759153154,1,16912,0,0,0,center,15.314669999999998
3759153154,1,16913,0,0,1,SC,5.104889999999999
3759153154,1,16943,0,1,-1,FCC,2.5524449999999996
3759153154,1,16944,0,1,0,SC,5.104889999999999
3759153154,1,16945,0,1,1,FCC,2.5524449999999996
3759153154,1,17904,1,-1,0,FCC,2.5524449999999996
3759153154,1,17935,1,0,-1,FCC,2.5524449999999996
3759153154,1,17936,1,0,0,SC,5.104889999999999
3759153154,1,17937,1,0,1,FCC,2.5524449999999996
3759153154,1,17968,1,1,0,FCC,2.5524449999999996
3759153154,3,14864,-2,0,0,SC2,2.5879710941856016
3759153154,3,15919,-1,1,-1,BCC,1.6360684066253701
3759153154,5,15855,-1,-1,-1,BCC,3.0973741745290364
3759153154,5,15857,-1,-1,1,BCC,3.0704430865396457
3759153154,5,15921,-1,1,1,BCC,3.097374174529037
3759153154,5,16976,0,2,0,SC2,1.7826736379184933
3759153154,5,17903,1,-1,-1,BCC,3.4636327569052483
3759153154,5,17905,1,-1,1,BCC,3.4570211192727176
3759153154,5,17967,1,1,-1,BCC,3.396910398286727
3759153154,5,17969,1,1,1,BCC,3.463632756905248
3759153154,5,18960,2,0,0,SC2,2.542875530390546
3759153154,8,16848,0,-2,0,SC2,2.13666491097438
3759153154,8,16910,0,0,-2,SC2,2.06883527638999
3759153154,8,16914,0,0,2,SC2,2.1525294906001613
3759153154,9,14832,-2,-1,0,outer,1.7449708811041842
3759153154,9,14863,-2,0,-1,outer,1.9486732565849672
3759153154,9,14865,-2,0,1,outer,1.7680728157694943
3759153154,9,15890,-1,0,2,outer,1.5813931961604595
3759153154,10,13840,-3,0,0,outer,1.7650970158359436
3759153154,12,18959,2,0,-1,outer,1.6044221165547625
3759153154,12,18961,2,0,1,outer,1.5895719067862448
3759153154,14,14896,-2,1,0,outer,1.9990773010788285
3759153154,15,15886,-1,0,-2,outer,2.171884127521697
3759153154,16,14800,-2,-2,0,outer,1.7342429244490976
3759153154,16,17938,1,0,2,outer,1.7513217506732548
3759153154,17,17934,1,0,-2,outer,1.6917233587202851
3759153154,17,18992,2,1,0,outer,1.9748243825077725
3759153154,18,18000,1,2,0,outer,1.9250412111290995
3759153154,18,18896,2,-2,0,outer,2.039582513523373
3759153154,18,18958,2,0,-2,outer,1.8612099718347244
3759153154,19,14895,-2,1,-1,outer,2.158438240838638
3759153154,19,14897,-2,1,1,outer,1.7029120554151185
3759153154,19,15825,-1,-2,1,outer,1.594578461748155
3759153154,19,15858,-1,-1,2,outer,1.5558879636020986
3759153154,20,14862,-2,0,-2,outer,1.5858993395587928
3759153154,20,14866,-2,0,2,outer,1.7604456972653526
3759153154,20,15824,-1,-2,0,outer,2.4625229316147244
3759153154,20,15952,-1,2,0,outer,2.6716925654059027
3759153154,21,13809,-3,-1,1,outer,1.8970933261895517
3759153154,21,13871,-3,1,-1,outer,1.9560240151130046
3759153154,21,15922,-1,1,2,outer,2.028457069002208
3759153154,21,17871,1,-2,-1,outer,1.8671355088539956
3759153154,21,17906,1,-1,2,outer,1.7911770731695154
3759153154,21,17966,1,1,-2,outer,2.019512409114747
3759153154,21,17999,1,2,-1,outer,1.781427703954443
3759153154,21,18001,1,2,1,outer,1.700325284970539
3759153154,21,18993,2,1,1,outer,1.893112528096478
3759153154,22,18928,2,-1,0,outer,2.4764822392622916
3759153154,23,14928,-2,2,0,outer,2.3238363971600013
3759153154,23,18962,2,0,2,outer,1.873977291499699
3759153154,23,19024,2,2,0,outer,2.0679542383137512
3759153154,25,16942,0,1,-2,outer,1.8048803360657881
3759153154,26,14834,-2,-1,2,outer,1.5768504854936323
3759153154,26,14894,-2,1,-2,outer,1.8401942457008853
3759153154,26,14927,-2,2,-1,outer,2.0868296481400495
3759153154,26,14929,-2,2,1,outer,1.9234588114106106
3759153154,26,15854,-1,-1,-2,outer,1.7832206698043427
3759153154,26,15951,-1,2,-1,outer,1.912191799027864
3759153154,26,17872,1,-2,0,outer,1.777913290289078
3759153154,26,17970,1,1,2,outer,1.9965692754796196
3759153154,26,18991,2,1,-1,outer,1.75102131648633
3759153154,27,16846,0,-2,-2,outer,1.5773717089176054
3759153154,29,12816,-4,0,0,outer,1.626306481487373
3759153154,30,13807,-3,-1,-1,outer,1.6569144301475387
3759153154,30,13873,-3,1,1,outer,1.7341792836334582
3759153154,30,16847,0,-2,-1,outer,1.86916646508628
3759153154,30,16882,0,-1,2,outer,2.206026349219008
3759153154,31,15918,-1,1,-2,outer,2.2661197715443113
3759153154,32,16850,0,-2,2,outer,2.1201652446448387
3759153154,32,16978,0,2,2,outer,2.0248384656588128
3759153154,34,16946,0,1,2,outer,1.7746986423330542
3759153154,35,16849,0,-2,1,outer,1.694077601396179
3759153154,36,15823,-1,-2,-1,outer,1.6995784403972942
3759153154,36,15859,-1,-1,3,outer,1.5849767216758581
3759153154,39,16816,0,-3,0,outer,1.9913012476713934
3759153154,39,16909,0,0,-3,outer,1.6047773404688201
3759153154,39,16915,0,0,3,outer,1.722908794498162
3759153154,40,15953,-1,2,1,outer,1.610662417021808
3759153155,1,15856,-1,-1,0,FCC,2.5524449999999996
3759153155,1,15887,-1,0,-1,FCC,2.5524449999999996
3759153155,1,15888,-1,0,0,SC,5.104889999999999
3759153155,1,15889,-1,0,1,FCC,2.5524449999999996
3759153155,1,15920,-1,1,0,FCC,2.5524449999999996
3759153155,1,16879,0,-1,-1,FCC,2.5524449999999996
3759153155,1,16880,0,-1,0,SC,5.104889999999999
3759153155,1,16881,0,-1,1,FCC,2.5524449999999996
3759153155,1,16911,0,0,-1,SC,5.104889999999999
3759153155,1,16912,0,0,0,center,15.314669999999998
3759153155,1,16913,0,0,1,SC,5.104889999999999
3759153155,1,16943,0,1,-1,FCC,2.5524449999999996
3759153155,1,16944,0,1,0,SC,5.104889999999999
3759153155,1,16945,0,1,1,FCC,2.5524449999999996
3759153155,1,17904,1,-1,0,FCC,2.5524449999999996
3759153155,1,17935,1,0,-1,FCC,2.5524449999999996
3759153155,1,17936,1,0,0,SC,5.104889999999999
3759153155,1,17937,1,0,1,FCC,2.5524449999999996
3759153155,1,17968,1,1,0,FCC,2.5524449999999996
3759153155,3,14864,-2,0,0,SC2,2.5879710941856016
3759153155,3,18960,2,0,0,SC2,2.306212666253075
3759153155,5,15855,-1,-1,-1,BCC,3.0617252118513854
3759153155,5,15857,-1,-1,1,BCC,3.0617252118513854
3759153155,5,15919,-1,1,-1,BCC,3.0617252118513862
3759153155,5,15921,-1,1,1,BCC,3.0617252118513862
3759153155,5,16914,0,0,2,SC2,1.7251688115937738
3759153155,5,17903,1,-1,-1,BCC,3.4799714099711454
3759153155,5,17905,1,-1,1,BCC,3.4799714099711454
3759153155,5,17967,1,1,-1,BCC,3.479971409971145
3759153155,5,17969,1,1,1,BCC,3.4799714099711454
3759153155,6,16910,0,0,-2,SC2,1.593722155294499
3759153155,8,16848,0,-2,0,SC2,2.1617584085563304
3759153155,8,16976,0,2,0,SC2,2.1617584085563304
3759153156,1,15856,-1,-1,0,FCC,2.5524449999999996
3759153156,1,15887,-1,0,-1,FCC,2.5524449999999996
3759153156,1,15888,-1,0,0,SC,5.104889999999999
3759153156,1,15889,-1,0,1,FCC,2.5524449999999996
3759153156,1,15920,-1,1,0,FCC,2.5524449999999996
3759153156,1,16879,0,-1,-1,FCC,2.5524449999999996
3759153156,1,16880,0,-1,0,SC,5.104889999999999
3759153156,1,16881,0,-1,1,FCC,2.5524449999999996
3759153156,1,16911,0,0,-1,SC,5.104889999999999
3759153156,1,16912,0,0,0,center,15.314669999999998
3759153156,1,16913,0,0,1,SC,5.104889999999999
3759153156,1,16943,0,1,-1,FCC,2.5524449999999996
3759153156,1,16944,0,1,0,SC,5.104889999999999
3759153156,1,16945,0,1,1,FCC,2.5524449999999996
3759153156,1,17904,1,-1,0,FCC,2.5524449999999996
3759153156,1,17935,1,0,-1,FCC,2.5524449999999996
3759153156,1,17936,1,0,0,SC,5.104889999999999
3759153156,1,17968,1,1,0,FCC,2.5524449999999996
3759153156,2,17937,1,0,1,FCC,2.028608736704501
3759153156,3,15857,-1,-1,1,BCC,1.6338998005398404
3759153156,3,15919,-1,1,-1,BCC,1.6335951911901372
3759153156,3,15921,-1,1,1,BCC,1.6338998005398402
3759153156,3,18960,2,0,0,SC2,2.3866596026520046
3759153156,4,14864,-2,0,0,SC2,1.7883077460796897
3759153156,5,15855,-1,-1,-1,BCC,3.068850136455958
3759153156,5,16914,0,0,2,SC2,1.8015353444051132
3759153156,5,17903,1,-1,-1,BCC,3.456029371188878
3759153156,5,17905,1,-1,1,BCC,3.385473463266318
3759153156,5,17967,1,1,-1,BCC,3.388634971793331
3759153156,5,17969,1,1,1,BCC,3.3923023101512237
3759153156,6,16848,0,-2,0,SC2,1.6626479099636957
3759153156,6,16976,0,2,0,SC2,1.7719433315307576
3759153156,8,16910,0,0,-2,SC2,2.0012238902129282
3759153156,9,14865,-2,0,1,outer,1.991775747690749
3759153156,9,14895,-2,1,-1,outer,1.775182184956928
3759153156,9,14896,-2,1,0,outer,1.989585382611726
3759153156,10,14832,-2,-1,0,outer,1.6093056113138322
3759153156,10,15952,-1,2,0,outer,1.6015071321193692
3759153156,12,18959,2,0,-1,outer,1.8525661394802695
3759153156,13,17872,1,-2,0,outer,1.7974879325705824
3759153156,13,17938,1,0,2,outer,1.79592782083046
3759153156,13,18000,1,2,0,outer,1.7801566676509528
3759153156,14,14833,-2,-1,1,outer,2.1770116839151163
3759153156,14,14863,-2,0,-1,outer,2.0210093057535037
3759153156,15,13840,-3,0,0,outer,1.8653239701947284
3759153156,15,14897,-2,1,1,outer,1.874192850157751
3759153156,15,15824,-1,-2,0,outer,2.279855026152928
3759153156,15,15890,-1,0,2,outer,2.449135625871349
3759153156,16,14866,-2,0,2,outer,1.6402397034924536
3759153156,16,17934,1,0,-2,outer,1.7352620068074556
3759153156,17,18961,2,0,1,outer,2.107870348239301
3759153156,17,18992,2,1,0,outer,2.0040126213640748
3759153156,18,14800,-2,-2,0,outer,2.0248613823919626
3759153156,18,18896,2,-2,0,outer,1.994191155107688
3759153156,18,19024,2,2,0,outer,1.9104037129907072
3759153156,19,14831,-2,-1,-1,outer,1.8982813452765301
3759153156,20,15886,-1,0,-2,outer,2.487342546446884
3759153156,21,13807,-3,-1,-1,outer,1.8131659932980666
3759153156,21,13809,-3,-1,1,outer,2.221743083600404
3759153156,21,13871,-3,1,-1,outer,2.060115674074856
3759153156,21,14834,-2,-1,2,outer,1.6219534574273375
3759153156,21,14927,-2,2,-1,outer,1.7146402032096821
3759153156,21,14928,-2,2,0,outer,1.9853323113004446
3759153156,21,15858,-1,-1,2,outer,1.7586941195014085
3759153156,21,15953,-1,2,1,outer,1.8064725165704385
3759153156,21,17902,1,-1,-2,outer,1.78308991529133
3759153156,21,18001,1,2,1,outer,1.872736482464347
3759153156,21,18993,2,1,1,outer,1.6910703872835633
3759153156,22,18928,2,-1,0,outer,2.5695358952230216
3759153156,23,18958,2,0,-2,outer,1.9254492704420536
3759153156,23,18962,2,0,2,outer,2.330771550724392
3759153156,25,14862,-2,0,-2,outer,1.9929954860263943
3759153156,26,14894,-2,1,-2,outer,1.9465793281992967
3759153156,26,15823,-1,-2,-1,outer,1.573261098972163
3759153156,26,15825,-1,-2,1,outer,1.840263480379482
3759153156,26,15854,-1,-1,-2,outer,1.8888150856667685
3759153156,26,15918,-1,1,-2,outer,1.983647915055692
3759153156,26,15951,-1,2,-1,outer,2.1011928610609396
3759153156,26,18991,2,1,-1,outer,1.7138299601232834
3759153156,28,14926,-2,2,-2,outer,1.6068758346865795
3759153156,30,16977,0,2,1,outer,1.7962133022752884
3759153156,31,13872,-3,1,0,outer,1.8746259107039833
3759153156,31,14801,-2,-2,1,outer,1.9965709492398445
3759153156,31,14929,-2,2,1,outer,1.791165083731369
3759153156,31,15922,-1,1,2,outer,2.053980736780141
3759153156,31,17999,1,2,-1,outer,1.6658092362183976
3759153156,32,16846,0,-2,-2,outer,1.6978252061653762
3759153156,32,16850,0,-2,2,outer,2.0386684326980227
3759153156,33,13806,-3,-1,-2,outer,1.5666054379671184
3759153156,33,14867,-2,0,3,outer,1.5945625581977843
3759153156,34,12816,-4,0,0,outer,2.1555701032737806
3759153156,34,16878,0,-1,-2,outer,1.5650888348373746
3759153156,37,13904,-3,2,0,outer,1.6251046465472185
3759153156,39,13936,-3,3,0,outer,1.7606472915668308
3759153156,41,11792,-5,0,0,outer,1.7909199819860722
3759153156,41,13842,-3,0,2,outer,1.6757123697534269
3759153156,42,13937,-3,3,1,outer,1.5805227465433647
3759153156,44,13843,-3,0,3,outer,1.7708730023673769
3759153156,45,18033,1,3,1,outer,1.678578980163864
3759153156,47,12880,-4,2,0,outer,1.8457374366326973
3759153156,47,14830,-2,-1,-2,outer,1.5880964246050808
3759153157,1,15856,-1,-1,0,FCC,2.5524449999999996
3759153157,1,15888,-1,0,0,SC,5.104889999999999
3759153157,1,15889,-1,0,1,FCC,2.5524449999999996
3759153157,1,15920,-1,1,0,FCC,2.5524449999999996
3759153157,1,16880,0,-1,0,SC,5.104889999999999
3759153157,1,16881,0,-1,1,FCC,2.5524449999999996
3759153157,1,16911,0,0,-1,SC,5.104889999999999
3759153157,1,16912,0,0,0,center,15.314669999999998
3759153157,1,16913,0,0,1,SC,5.104889999999999
3759153157,1,16943,0,1,-1,FCC,2.5524449999999996
3759153157,1,16944,0,1,0,SC,5.104889999999999
3759153157,1,16945,0,1,1,FCC,2.5524449999999996
3759153157,1,17904,1,-1,0,FCC,2.5524449999999996
3759153157,1,17935,1,0,-1,FCC,2.5524449999999996
3759153157,1,17936,1,0,0,SC,5.104889999999999
3759153157,1,17937,1,0,1,FCC,2.5524449999999996
3759153157,1,17968,1,1,0,FCC,2.5524449999999996
3759153157,2,15887,-1,0,-1,FCC,2.106811767381817
3759153157,3,14864,-2,0,0,SC2,2.667670271744854
3759153157,3,15857,-1,-1,1,BCC,1.6747706998921161
3759153157,3,18960,2,0,0,SC2,2.311965300965854
3759153157,4,16879,0,-1,-1,FCC,2.946050259023249
3759153157,5,15855,-1,-1,-1,BCC,3.3602741729162493
3759153157,5,15919,-1,1,-1,BCC,2.9273228298509575
3759153157,5,15921,-1,1,1,BCC,3.0456547792517568
3759153157,5,16914,0,0,2,SC2,1.7543129174936898
3759153157,5,17903,1,-1,-1,BCC,3.006466367036247
3759153157,5,17967,1,1,-1,BCC,3.3988609629121775
3759153157,5,17969,1,1,1,BCC,3.449659304298273
3759153157,6,17905,1,-1,1,BCC,2.206014675288302
3759153157,8,16848,0,-2,0,SC2,1.9535278320215836
3759153157,8,16976,0,2,0,SC2,2.183624413152637
3759153157,8,17938,1,0,2,outer,1.6936940174556647
3759153157,9,14865,-2,0,1,outer,1.8924616756192612
3759153157,11,18000,1,2,0,outer,1.604896801582648
3759153157,12,18959,2,0,-1,outer,1.7703659896591786
3759153157,12,18992,2,1,0,outer,1.8482201873577133
3759153157,14,14832,-2,-1,0,outer,1.8716386969690069
3759153157,14,14833,-2,-1,1,outer,1.9849926150392643
3759153157,14,14863,-2,0,-1,outer,1.7217350949377164
3759153157,14,15825,-1,-2,1,outer,1.6957811680052763
3759153157,15,15824,-1,-2,0,outer,1.9424017777347293
3759153157,18,14800,-2,-2,0,outer,1.7462024830166656
3759153157,18,14866,-2,0,2,outer,1.6211585130769546
3759153157,19,13840,-3,0,0,outer,1.6156902221508425
3759153157,19,14895,-2,1,-1,outer,1.6283513903806932
3759153157,19,14896,-2,1,0,outer,1.8602216873952448
3759153157,19,15858,-1,-1,2,outer,1.751323787228594
3759153157,19,15951,-1,2,-1,outer,1.706437272394871
3759153157,19,15953,-1,2,1,outer,1.653401469252918
3759153157,20,15890,-1,0,2,outer,2.596668358279518
3759153157,20,15952,-1,2,0,outer,2.3438435721126787
3759153157,21,13809,-3,-1,1,outer,2.1591897134005635
3759153157,21,15854,-1,-1,-2,outer,1.6448577947162357
3759153157,22,17872,1,-2,0,outer,1.8715947138736915
3759153157,22,17934,1,0,-2,outer,2.184898089853147
3759153157,22,18928,2,-1,0,outer,2.06916008428277
3759153157,23,14928,-2,2,0,outer,2.0047828834509436
3759153157,23,18896,2,-2,0,outer,2.096716089895439
3759153157,23,18958,2,0,-2,outer,2.2263849305836105
3759153157,24,14897,-2,1,1,outer,1.8383967540518211
3759153157,25,14862,-2,0,-2,outer,2.3257232062804216
3759153157,25,15886,-1,0,-2,outer,2.7860501743649073
3759153157,25,16975,0,2,-1,outer,1.6764932649222175
3759153157,26,13873,-3,1,1,outer,1.8776855982575997
3759153157,26,14831,-2,-1,-1,outer,1.772330370025183
3759153157,26,14894,-2,1,-2,outer,1.6905204966072644
3759153157,26,15823,-1,-2,-1,outer,1.7203981664852392
3759153157,26,15918,-1,1,-2,outer,1.720319715703458
3759153157,26,16910,0,0,-2,SC2,1.7831830193845908
3759153157,26,17871,1,-2,-1,outer,1.9914931338314592
3759153157,26,17873,1,-2,1,outer,2.2164151369703626
3759153157,26,17966,1,1,-2,outer,1.70628635592703
3759153157,26,18991,2,1,-1,outer,1.7347286266597934
3759153157,27,18961,2,0,1,outer,2.1830345578955392
3759153157,27,18962,2,0,2,outer,1.9037156108537308
3759153157,28,19024,2,2,0,outer,1.883860009469405
3759153157,30,13871,-3,1,-1,outer,2.0059343430158796
3759153157,30,16849,0,-2,1,outer,1.7502881693109704
3759153157,30,16977,0,2,1,outer,1.7281311065038147
3759153157,31,14834,-2,-1,2,outer,2.005243917122977
3759153157,32,16974,0,2,-2,outer,1.580718561856281
3759153157,34,12816,-4,0,0,outer,1.9088361600930384
3759153158,1,15887,-1,0,-1,FCC,2.5524449999999996
3759153158,1,15888,-1,0,0,SC,5.104889999999999
3759153158,1,15889,-1,0,1,FCC,2.5524449999999996
3759153158,1,15920,-1,1,0,FCC,2.5524449999999996
3759153158,1,16879,0,-1,-1,FCC,2.5524449999999996
3759153158,1,16880,0,-1,0,SC,5.104889999999999
3759153158,1,16881,0,-1,1,FCC,2.5524449999999996
3759153158,1,16911,0,0,-1,SC,5.104889999999999
3759153158,1,16912,0,0,0,center,15.314669999999998
3759153158,1,16913,0,0,1,SC,5.104889999999999
3759153158,1,16943,0,1,-1,FCC,2.5524449999999996
3759153158,1,16944,0,1,0,SC,5.104889999999999
3759153158,1,16945,0,1,1,FCC,2.5524449999999996
3759153158,1,17904,1,-1,0,FCC,2.5524449999999996
3759153158,1,17935,1,0,-1,FCC,2.5524449999999996
3759153158,1,17936,1,0,0,SC,5.104889999999999
3759153158,1,17968,1,1,0,FCC,2.5524449999999996
3759153158,3,14864,-2,0,0,SC2,2.7366765263717543
3759153158,3,17937,1,0,1,FCC,1.8975698714187148
3759153158,3,18960,2,0,0,SC2,2.4610484868643185
3759153158,4,15856,-1,-1,0,FCC,3.504206252532335
3759153158,5,15855,-1,-1,-1,BCC,2.909892893453314
3759153158,5,15857,-1,-1,1,BCC,2.922169676051617
3759153158,5,15919,-1,1,-1,BCC,2.975025528054304
3759153158,5,17903,1,-1,-1,BCC,3.3365201688004524
3759153158,5,17905,1,-1,1,BCC,3.4049884536921287
3759153158,5,17967,1,1,-1,BCC,3.3698804345889837
3759153158,5,17969,1,1,1,BCC,3.41503568417194
3759153158,7,15921,-1,1,1,BCC,2.7688064438009214
3759153158,8,16914,0,0,2,SC2,1.800150077047173
3759153158,8,16976,0,2,0,SC2,1.9932513704268018
3759153158,8,17872,1,-2,0,outer,1.556885957648345
3759153158,10,13840,-3,0,0,outer,1.7571935890468675
3759153158,12,18959,2,0,-1,outer,1.710638049121899
3759153158,14,14896,-2,1,0,outer,1.8950430147488566
3759153158,15,14832,-2,-1,0,outer,2.0306936377932607
3759153158,15,14863,-2,0,-1,outer,1.821760633654781
3759153158,15,15952,-1,2,0,outer,1.7297302293884005
3759153158,17,18928,2,-1,0,outer,2.018409902892951
3759153158,18,17934,1,0,-2,outer,1.6141863740278428
3759153158,18,19024,2,2,0,outer,1.9059443997806966
3759153158,19,14865,-2,0,1,outer,2.0761724589908925
3759153158,19,14895,-2,1,-1,outer,1.9052884706555602
3759153158,19,15951,-1,2,-1,outer,1.7214295969572868
3759153158,19,15953,-1,2,1,outer,1.770428284781689
3759153158,20,15824,-1,-2,0,outer,2.2184870258321414
3759153158,20,15890,-1,0,2,outer,2.1848842086623037
3759153158,20,17938,1,0,2,outer,2.071884807276631
3759153158,21,17873,1,-2,1,outer,1.6585321314351589
3759153158,21,18000,1,2,0,outer,1.8797866478228211
3759153158,22,14862,-2,0,-2,outer,1.673619750608377
3759153158,22,18961,2,0,1,outer,1.8972606072149236
3759153158,22,18992,2,1,0,outer,2.158849267413445
3759153158,23,14800,-2,-2,0,outer,2.291587786152643
3759153158,23,14928,-2,2,0,outer,1.875955815159322
3759153158,23,18958,2,0,-2,outer,2.3283962314638034
3759153158,23,18962,2,0,2,outer,1.6914858008588587
3759153158,24,14831,-2,-1,-1,outer,1.9566273843185478
3759153158,24,14833,-2,-1,1,outer,1.7217520080041395
3759153158,24,15922,-1,1,2,outer,1.7279456507012727
3759153158,24,18927,2,-1,-1,outer,1.5720292180702145
3759153158,25,15886,-1,0,-2,outer,2.4480486643947326
3759153158,25,16848,0,-2,0,SC2,1.802897046984973
3759153158,26,14927,-2,2,-1,outer,1.8001342075142894
3759153158,26,15825,-1,-2,1,outer,1.602512340533454
3759153158,26,16910,0,0,-2,SC2,2.0102084754965124
3759153158,26,17970,1,1,2,outer,1.972727215211546
3759153158,26,18001,1,2,1,outer,2.033879017606951
3759153158,26,18929,2,-1,1,outer,1.6432021096142517
3759153158,26,18991,2,1,-1,outer,1.855350948004464
3759153158,28,18896,2,-2,0,outer,2.106887943785797
3759153158,30,13871,-3,1,-1,outer,1.6329620342704119
3759153158,30,14866,-2,0,2,outer,2.065309985390977
3759153158,30,16946,0,1,2,outer,2.137521496642543
3759153158,31,14894,-2,1,-2,outer,1.6129588541997342
3759153158,31,17999,1,2,-1,outer,2.0047218310312154
3759153158,34,16975,0,2,-1,outer,1.9549000238743581
3759153158,34,16977,0,2,1,outer,1.8178923105645617
3759153158,37,14897,-2,1,1,outer,1.6669781892968973
3759153159,1,15856,-1,-1,0,FCC,2.5524449999999996
3759153159,1,15887,-1,0,-1,FCC,2.5524449999999996
3759153159,1,15888,-1,0,0,SC,5.104889999999999
3759153159,1,15889,-1,0,1,FCC,2.5524449999999996
3759153159,1,15920,-1,1,0,FCC,2.5524449999999996
3759153159,1,16879,0,-1,-1,FCC,2.5524449999999996
3759153159,1,16880,0,-1,0,SC,5.104889999999999
3759153159,1,16881,0,-1,1,FCC,2.5524449999999996
3759153159,1,16911,0,0,-1,SC,5.104889999999999
3759153159,1,16912,0,0,0,center,15.314669999999998
3759153159,1,16913,0,0,1,SC,5.104889999999999
3759153159,1,16943,0,1,-1,FCC,2.5524449999999996
3759153159,1,16944,0,1,0,SC,5.104889999999999
3759153159,1,16945,0,1,1,FCC,2.5524449999999996
3759153159,1,17904,1,-1,0,FCC,2.5524449999999996
3759153159,1,17935,1,0,-1,FCC,2.5524449999999996
3759153159,1,17936,1,0,0,SC,5.104889999999999
3759153159,1,17937,1,0,1,FCC,2.5524449999999996
3759153159,1,17968,1,1,0,FCC,2.5524449999999996
3759153159,3,14864,-2,0,0,SC2,2.5879710941856016
3759153159,5,15855,-1,-1,-1,BCC,3.066180484854497
3759153159,5,15857,-1,-1,1,BCC,3.0661804848544976
3759153159,5,15919,-1,1,-1,BCC,3.066180484854497
3759153159,5,15921,-1,1,1,BCC,3.0661804848544976
3759153159,5,16976,0,2,0,SC2,1.7258755871350313
3759153159,5,17903,1,-1,-1,BCC,3.4565885860473906
3759153159,5,17905,1,-1,1,BCC,3.456588586047391
3759153159,5,17967,1,1,-1,BCC,3.456588586047391
3759153159,5,17969,1,1,1,BCC,3.45658858604739
3759153159,5,18960,2,0,0,SC2,2.5388707847191654
3759153159,8,16914,0,0,2,SC2,2.184649714177874
3759153159,9,14832,-2,-1,0,outer,1.8216920608691267
3759153159,9,14863,-2,0,-1,outer,1.8449997184153997
3759153159,9,14865,-2,0,1,outer,1.8245479181488045
3759153159,9,14896,-2,1,0,outer,1.8247194193022285
3759153159,9,15886,-1,0,-2,outer,1.69689652803523
3759153159,10,13840,-3,0,0,outer,1.695080157268176
3759153159,13,18000,1,2,0,outer,1.633559176871776
3759153159,15,15890,-1,0,2,outer,1.9513331287814257
3759153159,15,15952,-1,2,0,outer,2.0270779193068935
3759153159,16,14862,-2,0,-2,outer,1.78200763755674
3759153159,16,14866,-2,0,2,outer,1.636273141306241
3759153159,17,14831,-2,-1,-1,outer,1.560285045874705
3759153159,17,18928,2,-1,0,outer,1.769741146098064
3759153159,17,18992,2,1,0,outer,1.8196914967801203
3759153159,18,14928,-2,2,0,outer,1.9037822567706348
3759153159,18,18896,2,-2,0,outer,1.6980001645063703
3759153159,18,18958,2,0,-2,outer,1.7534868768401808
3759153159,19,15854,-1,-1,-2,outer,1.5865127358693405
3759153159,19,15858,-1,-1,2,outer,1.5640534091054439
3759153159,19,15951,-1,2,-1,outer,1.6089208990029182
3759153159,20,15824,-1,-2,0,outer,2.4574515234463137
3759153159,21,13871,-3,1,-1,outer,1.998077828370123
3759153159,21,13873,-3,1,1,outer,1.9206943034111073
3759153159,21,15918,-1,1,-2,outer,1.8183861167047544
3759153159,21,17872,1,-2,0,outer,1.73223393767657
3759153159,21,17906,1,-1,2,outer,1.6740839834052679
3759153159,21,18927,2,-1,-1,outer,1.607137354899434
3759153159,22,17938,1,0,2,outer,1.788030891942784
3759153159,22,18959,2,0,-1,outer,2.093302076649053
3759153159,22,18961,2,0,1,outer,2.0391158512160676
3759153159,23,14800,-2,-2,0,outer,2.154585584105796
3759153159,23,16846,0,-2,-2,outer,1.5384548467234913
3759153159,23,16848,0,-2,0,SC2,1.8680044462109529
3759153159,23,18962,2,0,2,outer,2.3745785723477337
3759153159,24,15825,-1,-2,1,outer,1.7186995835821433
3759153159,25,16882,0,-1,2,outer,2.1382457030497233
3759153159,26,13809,-3,-1,1,outer,1.793515690956947
3759153159,26,14929,-2,2,1,outer,1.6087072381674208
3759153159,26,17871,1,-2,-1,outer,1.9236404133768068
3759153159,26,17902,1,-1,-2,outer,2.027545546790472
3759153159,26,17970,1,1,2,outer,1.9334221181303146
3759153159,26,18929,2,-1,1,outer,1.8362045898660737
3759153159,27,17934,1,0,-2,outer,2.071086136273157
3759153159,28,16910,0,0,-2,SC2,2.57015376340634
3759153159,28,19024,2,2,0,outer,2.410414317554211
3759153159,31,14833,-2,-1,1,outer,1.613375549222139
3759153159,32,16850,0,-2,2,outer,1.8926908321672125
3759153159,32,16974,0,2,-2,outer,1.9216192309972462
3759153159,32,16978,0,2,2,outer,1.8355754953023464
3759153159,34,16946,0,1,2,outer,1.7636493244729785
3759153159,35,16878,0,-1,-2,outer,1.8250699914176827
3759153159,36,15922,-1,1,2,outer,1.7506088806322766
3759153159,36,15953,-1,2,1,outer,1.7793432103149598
3759153159,39,12816,-4,0,0,outer,1.8887207492388722
3759153159,39,16847,0,-2,-1,outer,1.6530001981485167
