backend_label,actual_backend,L,seed,tick,x,plane_loss_real,plane_loss_imag
wsl2_cuda,gpu,64,0,54,0,9.6874077587142451e-100,0
wsl2_cuda,gpu,64,0,54,1,9.2697074598076205e-83,-9.1298649642682367e-84
wsl2_cuda,gpu,64,0,54,2,7.0887400590786333e-65,-1.4100380668903478e-65
wsl2_cuda,gpu,64,0,54,3,4.8724212917486135e-49,-1.4780328399897406e-49
wsl2_cuda,gpu,64,0,54,4,1.4704880911073483e-37,-6.0909611064478764e-38
wsl2_cuda,gpu,64,0,54,5,9.6690486665569255e-30,-5.1682141863248304e-30
wsl2_cuda,gpu,64,0,54,6,7.5485297710474265e-24,-5.0437663407117453e-24
wsl2_cuda,gpu,64,0,54,7,8.5451403103433985e-19,-7.0128154173538613e-19
wsl2_cuda,gpu,64,0,54,8,1.7947879192368915e-14,-1.7947879192368915e-14
wsl2_cuda,gpu,64,0,54,9,1.4789275169230652e-11,-1.8020783934598305e-11
wsl2_cuda,gpu,64,0,54,10,1.8917556424622058e-09,-2.8312123960638856e-09
wsl2_cuda,gpu,64,0,54,11,1.0117851030465819e-07,-1.8929167888089234e-07
wsl2_cuda,gpu,64,0,54,12,1.5416881985145221e-06,-3.7219645578043016e-06
wsl2_cuda,gpu,64,0,54,13,6.7267610443615817e-06,-2.2175159340356651e-05
wsl2_cuda,gpu,64,0,54,14,9.7902685949112079e-06,-4.9219003945716466e-05
wsl2_cuda,gpu,64,0,54,15,3.8494508950301082e-06,-3.9084130835974061e-05
wsl2_cuda,gpu,64,0,54,16,9.1293568192300681e-21,-3.2227673251065576e-05
wsl2_cuda,gpu,64,0,54,17,-4.6107871947988951e-06,-4.6814108009798502e-05
wsl2_cuda,gpu,64,0,54,18,-4.5208661379074227e-06,-2.2727928873716453e-05
wsl2_cuda,gpu,64,0,54,19,-1.2944635401525864e-06,-4.2672744094613793e-06
wsl2_cuda,gpu,64,0,54,20,-7.7031377863873949e-08,-1.8597019716725115e-07
wsl2_cuda,gpu,64,0,54,21,-1.5136199335176483e-09,-2.8317837210729281e-09
wsl2_cuda,gpu,64,0,54,22,-1.1512103704197607e-11,-1.7229080744104874e-11
wsl2_cuda,gpu,64,0,54,23,-1.1502164238527356e-14,-1.4015427676537501e-14
wsl2_cuda,gpu,64,0,54,24,-5.9811333157057658e-19,-5.9811333157057715e-19
wsl2_cuda,gpu,64,0,54,25,-3.8177317392830393e-24,-3.1331314675030012e-24
wsl2_cuda,gpu,64,0,54,26,-7.5308807282623795e-30,-5.0319736273430404e-30
wsl2_cuda,gpu,64,0,54,27,-1.8619109031798571e-37,-9.9521211189782811e-38
wsl2_cuda,gpu,64,0,54,28,-7.6560372710314315e-49,-3.1712344716951236e-49
wsl2_cuda,gpu,64,0,54,29,-5.1862602317898558e-64,-1.5732348416381056e-64
wsl2_cuda,gpu,64,0,54,30,-5.7862909568629889e-83,-1.1509648325771273e-83
wsl2_cuda,gpu,64,0,54,31,-4.4968994889889439e-99,-4.4290594142663869e-100
wsl2_cuda,gpu,64,0,54,32,6.2656988937300192e-98,3.5498560803377494e-113
wsl2_cuda,gpu,64,0,54,33,7.9655788980013135e-83,-7.8454104421635935e-84
wsl2_cuda,gpu,64,0,54,34,9.1124152965480536e-64,-1.8125720991829742e-64
wsl2_cuda,gpu,64,0,54,35,3.7362571665321954e-49,-1.1333812205717063e-49
wsl2_cuda,gpu,64,0,54,36,2.7855387354185589e-37,-1.1538079227259638e-37
wsl2_cuda,gpu,64,0,54,37,1.9019685873006018e-29,-1.0166233901407666e-29
wsl2_cuda,gpu,64,0,54,38,9.3865236074547156e-24,-6.2718745588264181e-24
wsl2_cuda,gpu,64,0,54,39,1.202736178645522e-18,-9.8706007277668946e-19
wsl2_cuda,gpu,64,0,54,40,2.2286127206135491e-14,-2.2286127206135469e-14
wsl2_cuda,gpu,64,0,54,41,1.622642973458653e-11,-1.9771961839299204e-11
wsl2_cuda,gpu,64,0,54,42,1.8803789551760808e-09,-2.814185980311429e-09
wsl2_cuda,gpu,64,0,54,43,1.0488312476903439e-07,-1.9622252506015114e-07
wsl2_cuda,gpu,64,0,54,44,1.6038217169780442e-06,-3.871968140756893e-06
wsl2_cuda,gpu,64,0,54,45,6.5954344113900222e-06,-2.1742233450382014e-05
wsl2_cuda,gpu,64,0,54,46,8.9077050550717459e-06,-4.4782057407571141e-05
wsl2_cuda,gpu,64,0,54,47,3.2519864757905487e-06,-3.3017972786900857e-05
wsl2_cuda,gpu,64,0,54,48,3.9442405570754508e-20,-3.6797564450674874e-05
wsl2_cuda,gpu,64,0,54,49,-4.9175798119690852e-06,-4.9929025725587915e-05
wsl2_cuda,gpu,64,0,54,50,-4.813140389125191e-06,-2.4197290759395157e-05
wsl2_cuda,gpu,64,0,54,51,-1.4618013199943398e-06,-4.818913141264236e-06
wsl2_cuda,gpu,64,0,54,52,-9.4027175845053615e-08,-2.2700168315676859e-07
wsl2_cuda,gpu,64,0,54,53,-2.0170907752433602e-09,-3.7737114151145868e-09
wsl2_cuda,gpu,64,0,54,54,-1.269081902727939e-11,-1.8993152889171205e-11
wsl2_cuda,gpu,64,0,54,55,-1.4703871448735865e-14,-1.7916719200076985e-14
wsl2_cuda,gpu,64,0,54,56,-1.2194305470960062e-18,-1.2194305470960089e-18
wsl2_cuda,gpu,64,0,54,57,-5.3978110050670572e-24,-4.429869008760077e-24
wsl2_cuda,gpu,64,0,54,58,-1.0123814112804282e-29,-6.7645163244417752e-30
wsl2_cuda,gpu,64,0,54,59,-2.2804663663718778e-37,-1.2189346679870099e-37
wsl2_cuda,gpu,64,0,54,60,-5.2653312937072301e-49,-2.1809716322410065e-49
wsl2_cuda,gpu,64,0,54,61,-1.7084231189367502e-64,-5.1824448732757906e-65
wsl2_cuda,gpu,64,0,54,62,-1.8261423472608833e-83,-3.6324229746591038e-84
wsl2_cuda,gpu,64,0,54,63,-1.8998293783421406e-99,-1.8711686161208783e-100
wsl2_cuda,gpu,64,1,54,0,2.2694701880897583e-99,0
wsl2_cuda,gpu,64,1,54,1,8.6467795936818556e-84,-8.5163345670181481e-85
wsl2_cuda,gpu,64,1,54,2,4.2755559158958299e-65,-8.5046094909494179e-66
wsl2_cuda,gpu,64,1,54,3,1.6405678459734727e-49,-4.9766081530889548e-50
wsl2_cuda,gpu,64,1,54,4,1.0592211641274754e-37,-4.3874377173421789e-38
wsl2_cuda,gpu,64,1,54,5,8.4242574736012214e-30,-4.5028594317565307e-30
wsl2_cuda,gpu,64,1,54,6,4.4327130644578032e-24,-2.9618441776964925e-24
wsl2_cuda,gpu,64,1,54,7,8.7331070610193958e-19,-7.1670757430146254e-19
wsl2_cuda,gpu,64,1,54,8,1.5765892387682729e-14,-1.5765892387682726e-14
wsl2_cuda,gpu,64,1,54,9,1.1899547958072156e-11,-1.4499641139814141e-11
wsl2_cuda,gpu,64,1,54,10,1.4466970842952075e-09,-2.165135193187565e-09
wsl2_cuda,gpu,64,1,54,11,8.957905818701206e-08,-1.6759063031992452e-07
wsl2_cuda,gpu,64,1,54,12,1.6155584258847881e-06,-3.9003030625771819e-06
wsl2_cuda,gpu,64,1,54,13,6.3723685006685138e-06,-2.1006883691258788e-05
wsl2_cuda,gpu,64,1,54,14,1.0174013628731308e-05,-5.1148220509147392e-05
wsl2_cuda,gpu,64,1,54,15,3.1621331207236072e-06,-3.2105676363008039e-05
wsl2_cuda,gpu,64,1,54,16,1.0122640013342251e-20,-3.5734076479625313e-05
wsl2_cuda,gpu,64,1,54,17,-4.867383851670276e-06,-4.9419377587904434e-05
wsl2_cuda,gpu,64,1,54,18,-4.4895323900769283e-06,-2.257040348581194e-05
wsl2_cuda,gpu,64,1,54,19,-1.2154245532373707e-06,-4.0067177883198505e-06
wsl2_cuda,gpu,64,1,54,20,-8.0883112537107714e-08,-1.952691072540352e-07
wsl2_cuda,gpu,64,1,54,21,-1.4645162647139622e-09,-2.7399172182051399e-09
wsl2_cuda,gpu,64,1,54,22,-1.1205232071995262e-11,-1.6769814890952279e-11
wsl2_cuda,gpu,64,1,54,23,-1.4523742616373511e-14,-1.769723158278347e-14
wsl2_cuda,gpu,64,1,54,24,-5.4336454942605395e-19,-5.4336454942605462e-19
wsl2_cuda,gpu,64,1,54,25,-5.0286588593982722e-24,-4.12691367222081e-24
wsl2_cuda,gpu,64,1,54,26,-1.2027070510188839e-29,-8.0362315916573428e-30
wsl2_cuda,gpu,64,1,54,27,-1.3500186304943718e-37,-7.2159999174027944e-38
wsl2_cuda,gpu,64,1,54,28,-3.0560106030520626e-49,-1.2658410385401478e-49
wsl2_cuda,gpu,64,1,54,29,-4.999127129971571e-65,-1.5164686358083694e-65
wsl2_cuda,gpu,64,1,54,30,-6.8793698971462786e-83,-1.3683917523217243e-83
wsl2_cuda,gpu,64,1,54,31,-3.2033051965091312e-99,-3.1549802418548294e-100
wsl2_cuda,gpu,64,1,54,32,3.4923042038492468e-99,1.978578530932746e-114
wsl2_cuda,gpu,64,1,54,33,7.6101236229901486e-83,-7.4953175534980273e-84
wsl2_cuda,gpu,64,1,54,34,1.4202304149244537e-64,-2.8250139405721632e-65
wsl2_cuda,gpu,64,1,54,35,2.539578674151173e-49,-7.7037276856368692e-50
wsl2_cuda,gpu,64,1,54,36,1.2202360731402815e-37,-5.0543833079159209e-38
wsl2_cuda,gpu,64,1,54,37,1.0947688886075079e-29,-5.8516616225318301e-30
wsl2_cuda,gpu,64,1,54,38,3.1549117057003579e-24,-2.108044606270515e-24
wsl2_cuda,gpu,64,1,54,39,5.0115493124694566e-19,-4.112872229935629e-19
wsl2_cuda,gpu,64,1,54,40,1.4755689385998907e-14,-1.4755689385998894e-14
wsl2_cuda,gpu,64,1,54,41,1.0777302565069492e-11,-1.3132181171865485e-11
wsl2_cuda,gpu,64,1,54,42,1.5693343234509086e-09,-2.3486747920253703e-09
wsl2_cuda,gpu,64,1,54,43,9.7271220916450581e-08,-1.8198165458877446e-07
wsl2_cuda,gpu,64,1,54,44,1.5388709186571167e-06,-3.7151630425635463e-06
wsl2_cuda,gpu,64,1,54,45,6.1589724475762606e-06,-2.03034111806824e-05
wsl2_cuda,gpu,64,1,54,46,9.9158015479635743e-06,-4.9850100718159729e-05
wsl2_cuda,gpu,64,1,54,47,3.5248350499169937e-06,-3.5788250850022737e-05
wsl2_cuda,gpu,64,1,54,48,4.0259483489056907e-20,-3.7559852574963323e-05
wsl2_cuda,gpu,64,1,54,49,-4.7557641454886983e-06,-4.8286083692428033e-05
wsl2_cuda,gpu,64,1,54,50,-4.5218671843115991e-06,-2.2732961473837723e-05
wsl2_cuda,gpu,64,1,54,51,-1.4418485922473486e-06,-4.7531378128191747e-06
wsl2_cuda,gpu,64,1,54,52,-8.4159639277907309e-08,-2.031793425491517e-07
wsl2_cuda,gpu,64,1,54,53,-1.7263102350555333e-09,-3.2296992877141228e-09
wsl2_cuda,gpu,64,1,54,54,-1.2181362473724482e-11,-1.8230697275293262e-11
wsl2_cuda,gpu,64,1,54,55,-1.3554201505094122e-14,-1.6515842320487036e-14
wsl2_cuda,gpu,64,1,54,56,-7.4758401910575852e-19,-7.4758401910575996e-19
wsl2_cuda,gpu,64,1,54,57,-4.565411762886392e-24,-3.7467366052005569e-24
wsl2_cuda,gpu,64,1,54,58,-9.0254359163825898e-30,-6.0306034772364599e-30
wsl2_cuda,gpu,64,1,54,59,-1.1095198759325081e-37,-5.9305072924466694e-38
wsl2_cuda,gpu,64,1,54,60,-9.5238839202715839e-49,-3.9449218862435493e-49
wsl2_cuda,gpu,64,1,54,61,-4.8417789476950899e-65,-1.4687375865431584e-65
wsl2_cuda,gpu,64,1,54,62,-1.8203011832775813e-83,-3.6208041770973844e-84
wsl2_cuda,gpu,64,1,54,63,-6.6730447111336478e-100,-6.5723753826466262e-101
wsl2_cuda,gpu,64,2,54,0,1.9607753493535131e-99,0
wsl2_cuda,gpu,64,2,54,1,4.1485955490564734e-83,-4.0860099758785607e-84
wsl2_cuda,gpu,64,2,54,2,4.9391185763427744e-65,-9.8245176878919017e-66
wsl2_cuda,gpu,64,2,54,3,2.2878249206222727e-49,-6.9400410234499855e-50
wsl2_cuda,gpu,64,2,54,4,6.8305548271256465e-38,-2.8293084479284478e-38
wsl2_cuda,gpu,64,2,54,5,4.9993909279046608e-30,-2.6722301239363964e-30
wsl2_cuda,gpu,64,2,54,6,1.8951210610654201e-24,-1.2662794092748683e-24
wsl2_cuda,gpu,64,2,54,7,3.9415423620354088e-19,-3.2347402196751602e-19
wsl2_cuda,gpu,64,2,54,8,9.0751049443608012e-15,-9.0751049443607996e-15
wsl2_cuda,gpu,64,2,54,9,7.6259757986132452e-12,-9.2922783966588248e-12
wsl2_cuda,gpu,64,2,54,10,1.0228783994837274e-09,-1.5308457071733965e-09
wsl2_cuda,gpu,64,2,54,11,7.6218106777977437e-08,-1.4259404837730853e-07
wsl2_cuda,gpu,64,2,54,12,1.4119425018434531e-06,-3.4087307372414608e-06
wsl2_cuda,gpu,64,2,54,13,5.7002634236501031e-06,-1.8791250182344605e-05
wsl2_cuda,gpu,64,2,54,14,8.8465811538580214e-06,-4.4474766805086578e-05
wsl2_cuda,gpu,64,2,54,15,3.6991999832621344e-06,-3.7558607727900205e-05
wsl2_cuda,gpu,64,2,54,16,1.0037262896640778e-20,-3.5432685497253188e-05
wsl2_cuda,gpu,64,2,54,17,-5.363626746297118e-06,-5.4457816250690964e-05
wsl2_cuda,gpu,64,2,54,18,-4.8762188753799408e-06,-2.4514407724447079e-05
wsl2_cuda,gpu,64,2,54,19,-1.5848178049161661e-06,-5.2244441444680013e-06
wsl2_cuda,gpu,64,2,54,20,-1.0185037192809211e-07,-2.4588854924154396e-07
wsl2_cuda,gpu,64,2,54,21,-2.0035666686630625e-09,-3.7484095913158309e-09
wsl2_cuda,gpu,64,2,54,22,-1.3446417399103235e-11,-2.0123985766703393e-11
wsl2_cuda,gpu,64,2,54,23,-1.5439755106240087e-14,-1.8813396031168527e-14
wsl2_cuda,gpu,64,2,54,24,-6.9204499072506473e-19,-6.9204499072506598e-19
wsl2_cuda,gpu,64,2,54,25,-3.5894435699062168e-24,-2.9457802086983508e-24
wsl2_cuda,gpu,64,2,54,26,-4.6698040735429262e-30,-3.1202633252099134e-30
wsl2_cuda,gpu,64,2,54,27,-6.5129175870501634e-38,-3.4812269778080677e-38
wsl2_cuda,gpu,64,2,54,28,-1.5958955652292541e-49,-6.6104158724903294e-50
wsl2_cuda,gpu,64,2,54,29,-7.8862135112142998e-65,-2.3922567148462693e-65
wsl2_cuda,gpu,64,2,54,30,-7.2984585110952322e-83,-1.4517536606641681e-83
wsl2_cuda,gpu,64,2,54,31,-2.4543165712866743e-98,-2.4172908338877013e-99
wsl2_cuda,gpu,64,2,54,32,1.8059718166559283e-98,1.0231803575320251e-113
wsl2_cuda,gpu,64,2,54,33,6.3016624513860841e-83,-6.2065957832015931e-84
wsl2_cuda,gpu,64,2,54,34,4.8536105983113279e-65,-9.6544317444910003e-66
wsl2_cuda,gpu,64,2,54,35,3.3122598351476798e-49,-1.004763036237847e-49
wsl2_cuda,gpu,64,2,54,36,8.1078406213866029e-38,-3.3583775469378261e-38
wsl2_cuda,gpu,64,2,54,37,4.858056112410183e-30,-2.596685091157053e-30
wsl2_cuda,gpu,64,2,54,38,2.3524498881902843e-24,-1.5718567620643877e-24
wsl2_cuda,gpu,64,2,54,39,5.1632367406934273e-19,-4.2373588851143815e-19
wsl2_cuda,gpu,64,2,54,40,1.1230266504247742e-14,-1.1230266504247728e-14
wsl2_cuda,gpu,64,2,54,41,9.5858762559399696e-12,-1.1680424013712912e-11
wsl2_cuda,gpu,64,2,54,42,1.2670799002026525e-09,-1.8963190804008992e-09
wsl2_cuda,gpu,64,2,54,43,6.8146602229536751e-08,-1.2749332548201622e-07
wsl2_cuda,gpu,64,2,54,44,1.367207446092815e-06,-3.3007307589347529e-06
wsl2_cuda,gpu,64,2,54,45,6.1654219839530087e-06,-2.0324672452769016e-05
wsl2_cuda,gpu,64,2,54,46,9.4312375445291892e-06,-4.7414032967231454e-05
wsl2_cuda,gpu,64,2,54,47,3.0975224791003445e-06,-3.1449673509754176e-05
wsl2_cuda,gpu,64,2,54,48,3.5174824767483277e-20,-3.28161495905915e-05
wsl2_cuda,gpu,64,2,54,49,-5.202001899710795e-06,-5.2816811644428991e-05
wsl2_cuda,gpu,64,2,54,50,-5.0012644998970587e-06,-2.5143054530899645e-05
wsl2_cuda,gpu,64,2,54,51,-1.5899571979600088e-06,-5.2413864527956527e-06
wsl2_cuda,gpu,64,2,54,52,-1.0452695382138955e-07,-2.5235038954914516e-07
wsl2_cuda,gpu,64,2,54,53,-2.0080916211596282e-09,-3.7568751820065065e-09
wsl2_cuda,gpu,64,2,54,54,-1.5596200802640054e-11,-2.334136399691923e-11
wsl2_cuda,gpu,64,2,54,55,-2.5750619297587417e-14,-3.1377220400184079e-14
wsl2_cuda,gpu,64,2,54,56,-9.6162506176789446e-19,-9.6162506176789639e-19
wsl2_cuda,gpu,64,2,54,57,-5.6176881901027355e-24,-4.610317551105985e-24
wsl2_cuda,gpu,64,2,54,58,-7.9881662478246061e-30,-5.3375220429443837e-30
wsl2_cuda,gpu,64,2,54,59,-9.2693091619477604e-38,-4.9545489696317728e-38
wsl2_cuda,gpu,64,2,54,60,-1.7244694265329946e-49,-7.1429862436772125e-50
wsl2_cuda,gpu,64,2,54,61,-5.7188075759844238e-65,-1.7347813123634225e-65
wsl2_cuda,gpu,64,2,54,62,-2.6796056490550796e-83,-5.3300670329745507e-84
wsl2_cuda,gpu,64,2,54,63,-8.7064270701979037e-99,-8.5750822037060569e-100
wsl2_cuda,gpu,64,3,54,0,9.1997822461515842e-99,0
wsl2_cuda,gpu,64,3,54,1,1.4954076830360675e-82,-1.4728480129330885e-83
wsl2_cuda,gpu,64,3,54,2,7.5334451078982226e-65,-1.4984954009367368e-65
wsl2_cuda,gpu,64,3,54,3,6.8264618814775526e-49,-2.0707845725181557e-49
wsl2_cuda,gpu,64,3,54,4,1.2067690699413248e-37,-4.9986011542206295e-38
wsl2_cuda,gpu,64,3,54,5,9.5260563933420944e-30,-5.0917832239365936e-30
wsl2_cuda,gpu,64,3,54,6,4.4189211948844596e-24,-2.9526287450706151e-24
wsl2_cuda,gpu,64,3,54,7,9.1569069846662055e-19,-7.5148793519063813e-19
wsl2_cuda,gpu,64,3,54,8,1.7451725113953207e-14,-1.7451725113953207e-14
wsl2_cuda,gpu,64,3,54,9,1.5787841771759588e-11,-1.9237540860314173e-11
wsl2_cuda,gpu,64,3,54,10,2.1463799887042695e-09,-3.2122846599646981e-09
wsl2_cuda,gpu,64,3,54,11,1.1653428321600822e-07,-2.1802030935934841e-07
wsl2_cuda,gpu,64,3,54,12,1.9249305532211791e-06,-4.6471934482129052e-06
wsl2_cuda,gpu,64,3,54,13,6.9720609821688694e-06,-2.2983804863987372e-05
wsl2_cuda,gpu,64,3,54,14,9.474403840476311e-06,-4.7631044591575324e-05
wsl2_cuda,gpu,64,3,54,15,3.1257998160931626e-06,-3.173677813035027e-05
wsl2_cuda,gpu,64,3,54,16,9.6676333106134852e-21,-3.4127850802072729e-05
wsl2_cuda,gpu,64,3,54,17,-4.7938212857566789e-06,-4.8672484322033919e-05
wsl2_cuda,gpu,64,3,54,18,-4.3543259458934338e-06,-2.1890674789378314e-05
wsl2_cuda,gpu,64,3,54,19,-1.1064865482997546e-06,-3.6475973138773812e-06
wsl2_cuda,gpu,64,3,54,20,-6.6535539813138212e-08,-1.6063100259669351e-07
wsl2_cuda,gpu,64,3,54,21,-1.1777478877800566e-09,-2.2034113202993865e-09
wsl2_cuda,gpu,64,3,54,22,-8.7248144054515423e-12,-1.3057607517385658e-11
wsl2_cuda,gpu,64,3,54,23,-1.0074859987600518e-14,-1.2276252414696463e-14
wsl2_cuda,gpu,64,3,54,24,-3.9850925205571172e-19,-3.985092520557122e-19
wsl2_cuda,gpu,64,3,54,25,-3.8531971749168726e-24,-3.1622371983351971e-24
wsl2_cuda,gpu,64,3,54,26,-6.7505495158096265e-30,-4.5105729806804707e-30
wsl2_cuda,gpu,64,3,54,27,-7.9398441508344257e-38,-4.2439351163347787e-38
wsl2_cuda,gpu,64,3,54,28,-1.8406754861390162e-49,-7.6243275028647269e-50
wsl2_cuda,gpu,64,3,54,29,-2.6441030402562731e-65,-8.0207988837783371e-66
wsl2_cuda,gpu,64,3,54,30,-1.7900588321831385e-83,-3.560648400584138e-84
wsl2_cuda,gpu,64,3,54,31,-7.7355372357845251e-100,-7.6188391807402584e-101
wsl2_cuda,gpu,64,3,54,32,1.1931691980153547e-98,6.7599465028314382e-114
wsl2_cuda,gpu,64,3,54,33,5.3034749777528926e-83,-5.2234669322848655e-84
wsl2_cuda,gpu,64,3,54,34,9.6157836883972921e-65,-1.912698297669799e-65
wsl2_cuda,gpu,64,3,54,35,8.4857601510011862e-49,-2.5741271996935492e-49
wsl2_cuda,gpu,64,3,54,36,1.7012829859550995e-37,-7.0469448621719688e-38
wsl2_cuda,gpu,64,3,54,37,9.4506719640303645e-30,-5.0514894069921559e-30
wsl2_cuda,gpu,64,3,54,38,4.2334925715925869e-24,-2.8287293001281982e-24
wsl2_cuda,gpu,64,3,54,39,7.7786417889964127e-19,-6.3837663376828397e-19
wsl2_cuda,gpu,64,3,54,40,2.0005137503552461e-14,-2.0005137503552439e-14
wsl2_cuda,gpu,64,3,54,41,1.6240343146387873e-11,-1.9788915380632152e-11
wsl2_cuda,gpu,64,3,54,42,2.4197164253487651e-09,-3.6213615461932884e-09
wsl2_cuda,gpu,64,3,54,43,1.1481646352616734e-07,-2.1480649476447438e-07
wsl2_cuda,gpu,64,3,54,44,1.8863482788048325e-06,-4.5540475980497657e-06
wsl2_cuda,gpu,64,3,54,45,6.9410319386661589e-06,-2.2881515815912908e-05
wsl2_cuda,gpu,64,3,54,46,1.0007210934621279e-05,-5.0309646737655023e-05
wsl2_cuda,gpu,64,3,54,47,3.1463253652310069e-06,-3.1945177528045839e-05
wsl2_cuda,gpu,64,3,54,48,4.3267863187216366e-20,-4.0366503037408907e-05
wsl2_cuda,gpu,64,3,54,49,-4.7422160477448473e-06,-4.8148527547606748e-05
wsl2_cuda,gpu,64,3,54,50,-4.3443215308277579e-06,-2.1840379198423117e-05
wsl2_cuda,gpu,64,3,54,51,-1.1341516206227625e-06,-3.738796835144684e-06
wsl2_cuda,gpu,64,3,54,52,-7.0665941023664476e-08,-1.7060267321718805e-07
wsl2_cuda,gpu,64,3,54,53,-1.2912107724282036e-09,-2.4156854470981124e-09
wsl2_cuda,gpu,64,3,54,54,-8.9448213573848761e-12,-1.3386871189475604e-11
wsl2_cuda,gpu,64,3,54,55,-9.8084299550436768e-15,-1.1951606480703441e-14
wsl2_cuda,gpu,64,3,54,56,-4.542862607887367e-19,-4.5428626078873766e-19
wsl2_cuda,gpu,64,3,54,57,-3.4997598329087072e-24,-2.8721786678622363e-24
wsl2_cuda,gpu,64,3,54,58,-7.7676088329044331e-30,-5.1901502898600078e-30
wsl2_cuda,gpu,64,3,54,59,-7.5965107764028257e-38,-4.0604196043575153e-38
wsl2_cuda,gpu,64,3,54,60,-4.9131395657236312e-49,-2.0350890419545984e-49
wsl2_cuda,gpu,64,3,54,61,-4.5970809856359933e-65,-1.3945092712670585e-65
wsl2_cuda,gpu,64,3,54,62,-2.9492775788836163e-82,-5.866477852754904e-83
wsl2_cuda,gpu,64,3,54,63,-7.9740212471855719e-99,-7.8537254303515756e-100
wsl2_cuda,gpu,64,4,54,0,6.3138065357845171e-99,0
wsl2_cuda,gpu,64,4,54,1,5.6545458533210092e-83,-5.569241564410194e-84
wsl2_cuda,gpu,64,4,54,2,4.0627688112514724e-65,-8.081349623622702e-66
wsl2_cuda,gpu,64,4,54,3,3.7705824780018521e-49,-1.1437936899698179e-49
wsl2_cuda,gpu,64,4,54,4,1.1269144822309246e-37,-4.6678326217470261e-38
wsl2_cuda,gpu,64,4,54,5,8.0175952053548526e-30,-4.2854939208078371e-30
wsl2_cuda,gpu,64,4,54,6,3.0059543529167811e-24,-2.0085144851795248e-24
wsl2_cuda,gpu,64,4,54,7,5.1817893051171047e-19,-4.2525845812523799e-19
wsl2_cuda,gpu,64,4,54,8,1.1695500998515764e-14,-1.1695500998515762e-14
wsl2_cuda,gpu,64,4,54,9,9.1554238441149464e-12,-1.1155916232306274e-11
wsl2_cuda,gpu,64,4,54,10,1.2783215919358936e-09,-1.9131434610309797e-09
wsl2_cuda,gpu,64,4,54,11,7.8360360429665937e-08,-1.4660192306429326e-07
wsl2_cuda,gpu,64,4,54,12,1.4232826231667403e-06,-3.4361082119390964e-06
wsl2_cuda,gpu,64,4,54,13,5.8514172031347276e-06,-1.9289537414916697e-05
wsl2_cuda,gpu,64,4,54,14,8.9050139259075161e-06,-4.4768528187645418e-05
wsl2_cuda,gpu,64,4,54,15,3.4514889806019818e-06,-3.5043555711006281e-05
wsl2_cuda,gpu,64,4,54,16,1.0499705248458154e-20,-3.7065159866141096e-05
wsl2_cuda,gpu,64,4,54,17,-5.2853389814679763e-06,-5.3662947235115658e-05
wsl2_cuda,gpu,64,4,54,18,-5.2749715281827748e-06,-2.6519072683472747e-05
wsl2_cuda,gpu,64,4,54,19,-1.5277559475010346e-06,-5.0363364099888879e-06
wsl2_cuda,gpu,64,4,54,20,-1.1094029576451113e-07,-2.678335666483655e-07
wsl2_cuda,gpu,64,4,54,21,-1.8853979580724108e-09,-3.5273314834098962e-09
wsl2_cuda,gpu,64,4,54,22,-1.4122654828762205e-11,-2.1136046600861095e-11
wsl2_cuda,gpu,64,4,54,23,-1.3750476054449044e-14,-1.6755003550859251e-14
wsl2_cuda,gpu,64,4,54,24,-5.6575240518378523e-19,-5.6575240518378572e-19
wsl2_cuda,gpu,64,4,54,25,-4.3164335503688129e-24,-3.5424054668089458e-24
wsl2_cuda,gpu,64,4,54,26,-7.5941685905300925e-30,-5.0742612249499256e-30
wsl2_cuda,gpu,64,4,54,27,-8.1556407887567594e-38,-4.359280822405001e-38
wsl2_cuda,gpu,64,4,54,28,-2.121904698671192e-49,-8.7892170425280614e-50
wsl2_cuda,gpu,64,4,54,29,-6.1344841023664623e-65,-1.8608754080948296e-65
wsl2_cuda,gpu,64,4,54,30,-1.1394796777388737e-82,-2.2665660028004931e-83
wsl2_cuda,gpu,64,4,54,31,-4.1492537435928199e-99,-4.0866582409142789e-100
wsl2_cuda,gpu,64,4,54,32,5.88676607010535e-99,3.3351702151536208e-114
wsl2_cuda,gpu,64,4,54,33,7.144213272070405e-83,-7.036435910490903e-84
wsl2_cuda,gpu,64,4,54,34,7.0513024342974723e-65,-1.4025912603160485e-65
wsl2_cuda,gpu,64,4,54,35,2.1641129223927284e-49,-6.5647647795962774e-50
wsl2_cuda,gpu,64,4,54,36,8.2298212636410898e-38,-3.4089035833066281e-38
wsl2_cuda,gpu,64,4,54,37,4.5719988205723546e-30,-2.4437842831498023e-30
wsl2_cuda,gpu,64,4,54,38,2.3564890389025624e-24,-1.574555636285671e-24
wsl2_cuda,gpu,64,4,54,39,2.9925931317445951e-19,-2.4559577128023043e-19
wsl2_cuda,gpu,64,4,54,40,9.8259767636039846e-15,-9.8259767636039735e-15
wsl2_cuda,gpu,64,4,54,41,9.8594675117193592e-12,-1.2013795923450137e-11
wsl2_cuda,gpu,64,4,54,42,1.1989522124911731e-09,-1.794358790374828e-09
wsl2_cuda,gpu,64,4,54,43,8.250996297124032e-08,-1.543652833808053e-07
wsl2_cuda,gpu,64,4,54,44,1.4345568062969185e-06,-3.4633264977566476e-06
wsl2_cuda,gpu,64,4,54,45,5.9507597702136829e-06,-1.9617025969917767e-05
wsl2_cuda,gpu,64,4,54,46,9.5352868035765979e-06,-4.7937123916367027e-05
wsl2_cuda,gpu,64,4,54,47,3.4392936723805619e-06,-3.491973466870459e-05
wsl2_cuda,gpu,64,4,54,48,4.0944210648411888e-20,-3.8198664823174027e-05
wsl2_cuda,gpu,64,4,54,49,-5.1507775512739536e-06,-5.2296722106755496e-05
wsl2_cuda,gpu,64,4,54,50,-4.7984276525258334e-06,-2.4123324837651978e-05
wsl2_cuda,gpu,64,4,54,51,-1.3484794682011637e-06,-4.4453410604833432e-06
wsl2_cuda,gpu,64,4,54,52,-1.0423139247906637e-07,-2.5163684134799605e-07
wsl2_cuda,gpu,64,4,54,53,-2.2427801316445252e-09,-4.1959465028826031e-09
wsl2_cuda,gpu,64,4,54,54,-1.6389096174320013e-11,-2.4528015779366312e-11
wsl2_cuda,gpu,64,4,54,55,-2.2798783676924745e-14,-2.77803982894505e-14
wsl2_cuda,gpu,64,4,54,56,-8.5149380959403604e-19,-8.5149380959403797e-19
wsl2_cuda,gpu,64,4,54,57,-3.5325827383708665e-24,-2.8991157302284037e-24
wsl2_cuda,gpu,64,4,54,58,-7.7440222147760159e-30,-5.1743902154858437e-30
wsl2_cuda,gpu,64,4,54,59,-7.0484090845575375e-38,-3.767453146432738e-38
wsl2_cuda,gpu,64,4,54,60,-5.9706776238062371e-49,-2.4731356483381077e-49
wsl2_cuda,gpu,64,4,54,61,-6.7185896035854898e-65,-2.0380618747664377e-65
wsl2_cuda,gpu,64,4,54,62,-4.4125344162405956e-83,-8.7770766687863939e-84
wsl2_cuda,gpu,64,4,54,63,-2.7892280707756241e-99,-2.7471498697388796e-100
wsl2_cuda,gpu,64,5,54,0,2.3412840017373019e-99,0
wsl2_cuda,gpu,64,5,54,1,1.8065419333625133e-82,-1.779288502404391e-83
wsl2_cuda,gpu,64,5,54,2,1.0130192149409264e-63,-2.0150205024498265e-64
wsl2_cuda,gpu,64,5,54,3,1.2061099306204964e-48,-3.658694475196095e-49
wsl2_cuda,gpu,64,5,54,4,7.5917332342632344e-38,-3.1445988675503907e-38
wsl2_cuda,gpu,64,5,54,5,4.8179663346055269e-30,-2.5752566584826694e-30
wsl2_cuda,gpu,64,5,54,6,4.1144091825473343e-24,-2.7491603234371353e-24
wsl2_cuda,gpu,64,5,54,7,7.466152981542217e-19,-6.1273134010338452e-19
wsl2_cuda,gpu,64,5,54,8,1.2625928048583857e-14,-1.2625928048583857e-14
wsl2_cuda,gpu,64,5,54,9,1.0445751254676818e-11,-1.2728184731238733e-11
wsl2_cuda,gpu,64,5,54,10,1.8424533936912844e-09,-2.7574263664409684e-09
wsl2_cuda,gpu,64,5,54,11,1.0849880737087334e-07,-2.0298699142698863e-07
wsl2_cuda,gpu,64,5,54,12,1.8606310861523621e-06,-4.4919608027620047e-06
wsl2_cuda,gpu,64,5,54,13,6.9044855681959593e-06,-2.2761038578332509e-05
wsl2_cuda,gpu,64,5,54,14,9.8706953866062064e-06,-4.9623336731829732e-05
wsl2_cuda,gpu,64,5,54,15,3.3610624453021709e-06,-3.4125439690546175e-05
wsl2_cuda,gpu,64,5,54,16,1.0178051180637609e-20,-3.5929684234849994e-05
wsl2_cuda,gpu,64,5,54,17,-5.2555923256117832e-06,-5.3360924369746224e-05
wsl2_cuda,gpu,64,5,54,18,-4.3690434947089806e-06,-2.196466490376604e-05
wsl2_cuda,gpu,64,5,54,19,-1.2009158495863069e-06,-3.9588890021978856e-06
wsl2_cuda,gpu,64,5,54,20,-8.4376204515225538e-08,-2.037021772822234e-07
wsl2_cuda,gpu,64,5,54,21,-1.7613422783866827e-09,-3.2952396309828048e-09
wsl2_cuda,gpu,64,5,54,22,-1.3175584544749496e-11,-1.9718655756158452e-11
wsl2_cuda,gpu,64,5,54,23,-1.8370996371898473e-14,-2.2385123847722245e-14
wsl2_cuda,gpu,64,5,54,24,-9.1710932753341307e-19,-9.1710932753341461e-19
wsl2_cuda,gpu,64,5,54,25,-7.2668771027887598e-24,-5.963771913817174e-24
wsl2_cuda,gpu,64,5,54,26,-2.1648382613251345e-29,-1.4464986807678105e-29
wsl2_cuda,gpu,64,5,54,27,-3.5013876365995484e-37,-1.8715306830428868e-37
wsl2_cuda,gpu,64,5,54,28,-2.4033804124077842e-48,-9.9551276236114613e-49
wsl2_cuda,gpu,64,5,54,29,-5.5496621488955895e-64,-1.6834716080086766e-64
wsl2_cuda,gpu,64,5,54,30,-3.6931617554497341e-82,-7.3461554789252376e-83
wsl2_cuda,gpu,64,5,54,31,-5.4377643508823866e-97,-5.3557304204396771e-98
wsl2_cuda,gpu,64,5,54,32,4.6048193628819078e-99,2.6088783217049981e-114
wsl2_cuda,gpu,64,5,54,33,3.3437608068942221e-82,-3.2933169436169447e-83
wsl2_cuda,gpu,64,5,54,34,3.4538796894830172e-64,-6.8701938567957734e-65
wsl2_cuda,gpu,64,5,54,35,2.7864714055562532e-49,-8.4526685984217755e-50
wsl2_cuda,gpu,64,5,54,36,1.0658543486639806e-37,-4.4149132673096284e-38
wsl2_cuda,gpu,64,5,54,37,5.5719165662928929e-30,-2.9782514532722457e-30
wsl2_cuda,gpu,64,5,54,38,3.3786108397372172e-24,-2.2575155889549907e-24
wsl2_cuda,gpu,64,5,54,39,8.1047330170427584e-19,-6.6513824924157691e-19
wsl2_cuda,gpu,64,5,54,40,1.4070787361869352e-14,-1.4070787361869341e-14
wsl2_cuda,gpu,64,5,54,41,1.1444626979350068e-11,-1.3945318323377327e-11
wsl2_cuda,gpu,64,5,54,42,1.7144783741645364e-09,-2.5658982147399994e-09
wsl2_cuda,gpu,64,5,54,43,9.9911695477706446e-08,-1.8692163503756113e-07
wsl2_cuda,gpu,64,5,54,44,1.6712311717501896e-06,-4.0347089606999838e-06
wsl2_cuda,gpu,64,5,54,45,6.0461156815798348e-06,-1.9931372282302631e-05
wsl2_cuda,gpu,64,5,54,46,9.413644691519578e-06,-4.7325587722517062e-05
wsl2_cuda,gpu,64,5,54,47,3.0282122672148556e-06,-3.0745955118879526e-05
wsl2_cuda,gpu,64,5,54,48,3.9734550993993328e-20,-3.7070119835800004e-05
wsl2_cuda,gpu,64,5,54,49,-5.0198416963392141e-06,-5.0967308061755767e-05
wsl2_cuda,gpu,64,5,54,50,-4.4233896157782725e-06,-2.2237881304461599e-05
wsl2_cuda,gpu,64,5,54,51,-1.2981363637192898e-06,-4.2793820861401912e-06
wsl2_cuda,gpu,64,5,54,52,-8.1233452197521686e-08,-1.9611490201364363e-07
wsl2_cuda,gpu,64,5,54,53,-1.3962171445149423e-09,-2.6121385516717924e-09
wsl2_cuda,gpu,64,5,54,54,-1.1114304322070865e-11,-1.6633731896429282e-11
wsl2_cuda,gpu,64,5,54,55,-1.62893479586584e-14,-1.9848627917154616e-14
wsl2_cuda,gpu,64,5,54,56,-9.9990092078607717e-19,-9.9990092078607871e-19
wsl2_cuda,gpu,64,5,54,57,-6.3243412397899327e-24,-5.1902527214586492e-24
wsl2_cuda,gpu,64,5,54,58,-2.3081712696469205e-29,-1.5422707350371411e-29
wsl2_cuda,gpu,64,5,54,59,-3.4005920250259448e-37,-1.8176543062018289e-37
wsl2_cuda,gpu,64,5,54,60,-9.1186338711337383e-49,-3.7770618197382725e-49
wsl2_cuda,gpu,64,5,54,61,-3.5645521053211844e-64,-1.0812950596947554e-64
wsl2_cuda,gpu,64,5,54,62,-3.1970751413711448e-82,-6.359377850607927e-83
wsl2_cuda,gpu,64,5,54,63,-7.2494045423498987e-99,-7.1400402687984909e-100
wsl2_cuda,gpu,64,6,54,0,3.534844898923211e-99,0
wsl2_cuda,gpu,64,6,54,1,3.8864581679465854e-83,-3.8278271904997452e-84
wsl2_cuda,gpu,64,6,54,2,3.7700239897448592e-65,-7.4990439687825316e-66
wsl2_cuda,gpu,64,6,54,3,3.0361232579491579e-49,-9.2099792132199708e-50
wsl2_cuda,gpu,64,6,54,4,1.5008086894258518e-37,-6.2165531368757993e-38
wsl2_cuda,gpu,64,6,54,5,2.0447851667637657e-29,-1.0929604422622321e-29
wsl2_cuda,gpu,64,6,54,6,9.2278925839735765e-24,-6.1658806976250727e-24
wsl2_cuda,gpu,64,6,54,7,9.4319452596206346e-19,-7.7405974308275778e-19
wsl2_cuda,gpu,64,6,54,8,1.7296743588087363e-14,-1.729674358808736e-14
wsl2_cuda,gpu,64,6,54,9,1.2907400768013629e-11,-1.5727713342001574e-11
wsl2_cuda,gpu,64,6,54,10,1.5616993790202364e-09,-2.3372482901928001e-09
wsl2_cuda,gpu,64,6,54,11,1.0256402805451065e-07,-1.9188380027306454e-07
wsl2_cuda,gpu,64,6,54,12,1.63148403472006e-06,-3.9387508834163422e-06
wsl2_cuda,gpu,64,6,54,13,6.5927155451146429e-06,-2.1733270549442936e-05
wsl2_cuda,gpu,64,6,54,14,9.8052603280596024e-06,-4.9294372477828758e-05
wsl2_cuda,gpu,64,6,54,15,3.4142634269577539e-06,-3.4665598322083367e-05
wsl2_cuda,gpu,64,6,54,16,9.8934391979273928e-21,-3.492497139869465e-05
wsl2_cuda,gpu,64,6,54,17,-4.8727203156491356e-06,-4.9473559615949072e-05
wsl2_cuda,gpu,64,6,54,18,-4.1072432103477291e-06,-2.0648505995146928e-05
wsl2_cuda,gpu,64,6,54,19,-1.0895738498715207e-06,-3.5918436190384993e-06
wsl2_cuda,gpu,64,6,54,20,-7.4014515269030282e-08,-1.7868684657496346e-07
wsl2_cuda,gpu,64,6,54,21,-1.2299501013995932e-09,-2.3010747927856575e-09
wsl2_cuda,gpu,64,6,54,22,-8.6021431011966114e-12,-1.287401693652406e-11
wsl2_cuda,gpu,64,6,54,23,-1.0021303891471726e-14,-1.2210994122746807e-14
wsl2_cuda,gpu,64,6,54,24,-5.0322690921474493e-19,-5.0322690921474531e-19
wsl2_cuda,gpu,64,6,54,25,-2.8561832247669969e-24,-2.3440089952868858e-24
wsl2_cuda,gpu,64,6,54,26,-7.0272519922330889e-30,-4.6954596644859804e-30
wsl2_cuda,gpu,64,6,54,27,-9.5682027212736861e-38,-5.114310905555468e-38
wsl2_cuda,gpu,64,6,54,28,-4.3252680088631086e-49,-1.7915846701695732e-49
wsl2_cuda,gpu,64,6,54,29,-4.126079054776452e-65,-1.2516323975681595e-65
wsl2_cuda,gpu,64,6,54,30,-7.8481538693385816e-84,-1.5610948657099661e-84
wsl2_cuda,gpu,64,6,54,31,-1.5013763596931578e-99,-1.4787266463345054e-100
wsl2_cuda,gpu,64,6,54,32,7.5664816742643705e-100,4.286819624388541e-115
wsl2_cuda,gpu,64,6,54,33,8.0511029125062383e-83,-7.9296442442569094e-84
wsl2_cuda,gpu,64,6,54,34,6.678883590210914e-65,-1.3285125463819971e-65
wsl2_cuda,gpu,64,6,54,35,1.8485541523338836e-49,-5.6075277157906331e-50
wsl2_cuda,gpu,64,6,54,36,1.5937091976756968e-37,-6.6013596415601576e-38
wsl2_cuda,gpu,64,6,54,37,1.0174545242950269e-29,-5.4384077355920589e-30
wsl2_cuda,gpu,64,6,54,38,3.8524812782523347e-24,-2.5741456931122379e-24
wsl2_cuda,gpu,64,6,54,39,7.0518525313771706e-19,-5.7873058085526297e-19
wsl2_cuda,gpu,64,6,54,40,1.6808762150013808e-14,-1.680876215001379e-14
wsl2_cuda,gpu,64,6,54,41,1.4744787202709915e-11,-1.7966575190546438e-11
wsl2_cuda,gpu,64,6,54,42,1.7911598200319888e-09,-2.6806601085147509e-09
wsl2_cuda,gpu,64,6,54,43,9.6626938925720557e-08,-1.80776287764033e-07
wsl2_cuda,gpu,64,6,54,44,1.5511069744570776e-06,-3.7447034944257582e-06
wsl2_cuda,gpu,64,6,54,45,6.7778287608164693e-06,-2.2343507040247685e-05
wsl2_cuda,gpu,64,6,54,46,9.5798469494370047e-06,-4.8161142897425814e-05
wsl2_cuda,gpu,64,6,54,47,3.4614381242158145e-06,-3.5144571061328102e-05
wsl2_cuda,gpu,64,6,54,48,3.8809108221321423e-20,-3.6206733346562775e-05
wsl2_cuda,gpu,64,6,54,49,-4.8839920650084666e-06,-4.9588003607760887e-05
wsl2_cuda,gpu,64,6,54,50,-4.2543478081920273e-06,-2.1388050749362909e-05
wsl2_cuda,gpu,64,6,54,51,-1.1378274999698629e-06,-3.7509145853814331e-06
wsl2_cuda,gpu,64,6,54,52,-6.5533743228645073e-08,-1.5821245169567097e-07
wsl2_cuda,gpu,64,6,54,53,-1.0187211701822703e-09,-1.9058932577151393e-09
wsl2_cuda,gpu,64,6,54,54,-6.6180801508968646e-12,-9.9046568916143573e-12
wsl2_cuda,gpu,64,6,54,55,-8.5580064516429175e-15,-1.0427961033331549e-14
wsl2_cuda,gpu,64,6,54,56,-3.0717121576097934e-19,-3.0717121576097996e-19
wsl2_cuda,gpu,64,6,54,57,-2.3834945848803837e-24,-1.9560834538662988e-24
wsl2_cuda,gpu,64,6,54,58,-4.9598786823886219e-30,-3.3140849822433995e-30
wsl2_cuda,gpu,64,6,54,59,-9.707433699124121e-38,-5.1887314136858364e-38
wsl2_cuda,gpu,64,6,54,60,-2.43313677834825e-49,-1.0078382527006254e-49
wsl2_cuda,gpu,64,6,54,61,-2.5152998400532838e-64,-7.6300786475824626e-65
wsl2_cuda,gpu,64,6,54,62,-2.5748237449931842e-83,-5.1216428670195519e-84
wsl2_cuda,gpu,64,6,54,63,-1.8147397973148355e-99,-1.7873626936563604e-100
wsl2_cuda,gpu,64,7,54,0,1.5228160321715192e-99,0
wsl2_cuda,gpu,64,7,54,1,1.0075004834703452e-82,-9.923013650001609e-84
wsl2_cuda,gpu,64,7,54,2,6.3785350761157552e-65,-1.26876951240437e-65
wsl2_cuda,gpu,64,7,54,3,4.1959974840263593e-49,-1.2728419212041454e-49
wsl2_cuda,gpu,64,7,54,4,9.7006475004593654e-38,-4.0181397584909278e-38
wsl2_cuda,gpu,64,7,54,5,4.9217232969480807e-30,-2.6307159102871995e-30
wsl2_cuda,gpu,64,7,54,6,3.2414334955915677e-24,-2.1658566179903647e-24
wsl2_cuda,gpu,64,7,54,7,6.3706398568599361e-19,-5.2282490145326949e-19
wsl2_cuda,gpu,64,7,54,8,1.2044827547251205e-14,-1.2044827547251202e-14
wsl2_cuda,gpu,64,7,54,9,1.099750264514883e-11,-1.3400495745776941e-11
wsl2_cuda,gpu,64,7,54,10,1.311796594381449e-09,-1.9632423425962424e-09
wsl2_cuda,gpu,64,7,54,11,7.68181783396354e-08,-1.4371670330682789e-07
wsl2_cuda,gpu,64,7,54,12,1.4470402866770115e-06,-3.4934642853958893e-06
wsl2_cuda,gpu,64,7,54,13,5.9025389617963745e-06,-1.9458063268088104e-05
wsl2_cuda,gpu,64,7,54,14,9.4797248804637358e-06,-4.7657795266043226e-05
wsl2_cuda,gpu,64,7,54,15,3.6654929070298051e-06,-3.7216374039645256e-05
wsl2_cuda,gpu,64,7,54,16,9.6645907582152987e-21,-3.4117110244278793e-05
wsl2_cuda,gpu,64,7,54,17,-5.0112838696706456e-06,-5.0880418989442121e-05
wsl2_cuda,gpu,64,7,54,18,-4.7250680367988702e-06,-2.3754521144380539e-05
wsl2_cuda,gpu,64,7,54,19,-1.294087246789787e-06,-4.2660339364872673e-06
wsl2_cuda,gpu,64,7,54,20,-7.3715683090057494e-08,-1.7796540187561355e-07
wsl2_cuda,gpu,64,7,54,21,-1.463636932730501e-09,-2.7382721037738099e-09
wsl2_cuda,gpu,64,7,54,22,-1.106456590851231e-11,-1.6559293100071649e-11
wsl2_cuda,gpu,64,7,54,23,-2.0562135255341426e-14,-2.5055034302250324e-14
wsl2_cuda,gpu,64,7,54,24,-1.0981165692142982e-18,-1.0981165692142991e-18
wsl2_cuda,gpu,64,7,54,25,-5.3275575615495098e-24,-4.3722134976825435e-24
wsl2_cuda,gpu,64,7,54,26,-1.0788326500069472e-29,-7.2085293062450953e-30
wsl2_cuda,gpu,64,7,54,27,-1.358978861497853e-37,-7.2638933499233046e-38
wsl2_cuda,gpu,64,7,54,28,-6.6203205350308568e-49,-2.7422265528668855e-49
wsl2_cuda,gpu,64,7,54,29,-1.1318393946397912e-63,-3.43339726740124e-64
wsl2_cuda,gpu,64,7,54,30,-2.7207481360777518e-81,-5.4119045279101846e-82
wsl2_cuda,gpu,64,7,54,31,-4.4994482707051191e-98,-4.4315697451471588e-99
wsl2_cuda,gpu,64,7,54,32,2.9513726965770726e-99,1.6721116813913656e-114
wsl2_cuda,gpu,64,7,54,33,1.2765358170792553e-82,-1.2572780405981963e-83
wsl2_cuda,gpu,64,7,54,34,1.9861653351487851e-63,-3.950728488218547e-64
wsl2_cuda,gpu,64,7,54,35,7.2898865481837659e-49,-2.2113629082653184e-49
wsl2_cuda,gpu,64,7,54,36,8.8443852393170307e-38,-3.6634643169775353e-38
wsl2_cuda,gpu,64,7,54,37,4.8281112861782194e-30,-2.5806792480719608e-30
wsl2_cuda,gpu,64,7,54,38,2.0607820953756957e-24,-1.3769705735366049e-24
wsl2_cuda,gpu,64,7,54,39,4.1223475821559772e-19,-3.383123229099211e-19
wsl2_cuda,gpu,64,7,54,40,1.036896223810547e-14,-1.0368962238105462e-14
wsl2_cuda,gpu,64,7,54,41,9.9306375965998656e-12,-1.2100516922793411e-11
wsl2_cuda,gpu,64,7,54,42,1.430407226320837e-09,-2.1407556978701189e-09
wsl2_cuda,gpu,64,7,54,43,8.5192189615462143e-08,-1.5938337648273981e-07
wsl2_cuda,gpu,64,7,54,44,1.3663860801630306e-06,-3.2987478061673922e-06
wsl2_cuda,gpu,64,7,54,45,6.2639386064614618e-06,-2.0649438233416103e-05
wsl2_cuda,gpu,64,7,54,46,8.8429469023358051e-06,-4.4456496188884613e-05
wsl2_cuda,gpu,64,7,54,47,3.5125354866222046e-06,-3.5663371288197589e-05
wsl2_cuda,gpu,64,7,54,48,4.2493470180371656e-20,-3.9644037554709012e-05
wsl2_cuda,gpu,64,7,54,49,-4.5620505824163349e-06,-4.6319276880163546e-05
wsl2_cuda,gpu,64,7,54,50,-4.5671663028391598e-06,-2.2960695521369797e-05
wsl2_cuda,gpu,64,7,54,51,-1.2151854815848377e-06,-4.0059296747011721e-06
wsl2_cuda,gpu,64,7,54,52,-7.7352471401805939e-08,-1.8674538554131752e-07
wsl2_cuda,gpu,64,7,54,53,-1.6370372204130301e-09,-3.062681224594253e-09
wsl2_cuda,gpu,64,7,54,54,-1.2992302849742044e-11,-1.9444355315219231e-11
wsl2_cuda,gpu,64,7,54,55,-1.8404137064931781e-14,-2.2425505899023734e-14
wsl2_cuda,gpu,64,7,54,56,-9.6275486367489855e-19,-9.6275486367490087e-19
wsl2_cuda,gpu,64,7,54,57,-4.8008284297679363e-24,-3.9399380707178248e-24
wsl2_cuda,gpu,64,7,54,58,-1.4842447652892745e-29,-9.9174064560983791e-30
wsl2_cuda,gpu,64,7,54,59,-3.6971523904179565e-37,-1.9761691239854949e-37
wsl2_cuda,gpu,64,7,54,60,-2.9631264519662858e-48,-1.2273671634309058e-48
wsl2_cuda,gpu,64,7,54,61,-3.5064858588123554e-64,-1.0636808563867757e-64
wsl2_cuda,gpu,64,7,54,62,-3.1937735569251538e-82,-6.3528105908253667e-83
wsl2_cuda,gpu,64,7,54,63,-8.641592795159338e-98,-8.5112260163640966e-99
