Equation,Meaning,Layer
"Γ_X=(V,E,W)",Finite spatial closure,Core ontology
C_τ:n→n+1,Finite clock/update tick,Core ontology
A_n:V→𝒜^3,Address/pointer register,Core ontology
u_{m+1}+u_{m-1}=su_m,Primitive recurrence,Recurrence
I_m=u_m²+u_{m-1}²-su_mu_{m-1},Conserved recurrence invariant,Recurrence
"P=aa†, R=a/a†",Product/ratio channels,Readout
G*=Γ(1/4)/Γ(3/4),Quarter ratio anchor,Constants
Γ(1/4)Γ(3/4)=π√2,Quarter product sibling,Constants
W_BCC=(G*)²/(2π),BCC lattice prefactor,Constants
x²-16G*²x+16G*³R=0,FQCR branch equation,FQCR-EM
R_conn=1+λ(4it)+A(t),Connected response,FQCR-EM
D†WDU=κψJχ,Weak source law,Gravity scalar
Jχ=ΔS/ℏ,Action source currency,Gravity/source
G_N=(κψ/4π)c³ℓ_F²/ℏ,Macroscopic gravity bridge,Gravity/source
U=G_NM/(c²r),Weak central compliance depth,Gravity scalar
dτ=e^{-U}dt,Clock readout,Gravity scalar
a=c²∇U,Acceleration readout,Gravity scalar
dℓ_local=e^U dℓ,Spatial compliance lock,Gravity scalar
n=e^{2U},Effective optical index,Lensing
C_ij=Uδ_ij+S_ij,Spatial compliance split,TT/gravity
δξC_ij=D_iξ_j+D_jξ_i,Pointer gauge variation,TT/gravity
K_TT=Z_T(-Δ_Γ)+O(Δ²),Derivative-only TT operator,TT/gravity
s_TT(0)=2,Gapless TT recurrence,TT/gravity
c_T=(ℓ_F/ε)√(Z_T/M_T),TT speed formula,TT/gravity
Q=e^{2U}e^{2S},Nonlinear compliance object,Nonlinear gravity
Γ^k_{ij}[Q]=1/2Q^{kℓ}(D_iQ_{jℓ}+D_jQ_{iℓ}-D_ℓQ_{ij}),Finite pointer connection,Nonlinear gravity
G^Q_ij=R_ij-1/2Q_ijR,Compliance-balance operator,Nonlinear gravity
Tχ_ij=Jχδ_ij+Πχ_ij+Φχ_ij,Source decomposition,Nonlinear gravity/source
Πχ_ij=Mχ_ij-(1/3)Mχ^k_kδ_ij,Traceless shear source,Source
Q_ij quadrupole=sum μχ(X_iX_j-δ_ijX²/3),Finite action/mass quadrupole,Radiation
P_TT=G_N/(5c⁵)<Q‴_ijQ‴_ij>,TT quadrupole radiation power,Radiation
L_n=U_mem∘R_C∘Π_A,Look operator,Measurement
"b_n=R_C(Π_Aφ_n,A_n)",Finite projected distinction,Measurement
"m_{n+1}=U_mem(m_n,b_n)",Memory write,Measurement
K_N=D_N†W_ND_N,Noetic Laplacian,Noetic layer
m_N²=λ₁(K_N),Noetic mass candidate,Noetic layer
